{
    "__comment": "JimStoneCraft - 2020",
    "variants": {
        "type=bottom": [
            { "model": "minecraft:block/cobblestone_slab", "weight": 24 },
            { "model": "minecraft:block/cobblestone_slab1", "weight": 18 },
            { "model": "minecraft:block/cobblestone_slab2", "weight": 18 },
            { "model": "minecraft:block/cobblestone_slab3", "weight": 15 },
            { "model": "minecraft:block/cobblestone_slab4", "weight": 15 },
            { "model": "minecraft:block/cobblestone_slab5", "weight": 4 },
            { "model": "minecraft:block/cobblestone_slab6", "weight": 3 },
            { "model": "minecraft:block/cobblestone_slab7", "weight": 3 }
        ],
        "type=top": [
            { "model": "minecraft:block/cobblestone_slab_top", "weight": 24 },
            { "model": "minecraft:block/cobblestone_slab_top1", "weight": 18 },
            { "model": "minecraft:block/cobblestone_slab_top2", "weight": 18 },
            { "model": "minecraft:block/cobblestone_slab_top3", "weight": 15 },
            { "model": "minecraft:block/cobblestone_slab_top4", "weight": 15 },
            { "model": "minecraft:block/cobblestone_slab_top5", "weight": 4 },
            { "model": "minecraft:block/cobblestone_slab_top6", "weight": 3 },
            { "model": "minecraft:block/cobblestone_slab_top7", "weight": 3 }
        ],
        "type=double": [
            { "model": "minecraft:block/cobblestone", "weight": 24 },
            { "model": "minecraft:block/cobblestone1", "weight": 18 },
            { "model": "minecraft:block/cobblestone2", "weight": 18 },
            { "model": "minecraft:block/cobblestone3", "weight": 15 },
            { "model": "minecraft:block/cobblestone4", "weight": 15 },
            { "model": "minecraft:block/cobblestone5", "weight": 4 },
            { "model": "minecraft:block/cobblestone6", "weight": 3 },
            { "model": "minecraft:block/cobblestone7", "weight": 3 }
        ]
    }
}
