{
    "__comment": "JimStoneCraft - 2020",
    "variants": {
        "": [
            { "model": "minecraft:block/cobblestone", "weight": 24 },
            { "model": "minecraft:block/cobblestone1", "weight": 18 },
            { "model": "minecraft:block/cobblestone2", "weight": 18 },
            { "model": "minecraft:block/cobblestone3", "weight": 15 },
            { "model": "minecraft:block/cobblestone4", "weight": 15 },
            { "model": "minecraft:block/cobblestone5", "weight": 4 },
            { "model": "minecraft:block/cobblestone6", "weight": 3 },
            { "model": "minecraft:block/cobblestone7", "weight": 3 }
        ]
    }
}
