{
    "__comment": "JimStoneCraft - 2020",
    "variants": {
        "": [
            { "model": "minecraft:block/cracked_polished_blackstone_bricks" },
            { "model": "minecraft:block/cracked_polished_blackstone_bricks1" },
            { "model": "minecraft:block/cracked_polished_blackstone_bricks2" },
            { "model": "minecraft:block/cracked_polished_blackstone_bricks3" },
            { "model": "minecraft:block/cracked_polished_blackstone_bricks4" },
            { "model": "minecraft:block/cracked_polished_blackstone_bricks5" }
        ]
    }
}
