{
    "__comment": "JimStoneCraft - 2020",
    "variants": {
        "": [
            { "model": "minecraft:block/cracked_stone_bricks" },
            { "model": "minecraft:block/cracked_stone_bricks1" },
            { "model": "minecraft:block/cracked_stone_bricks2" },
            { "model": "minecraft:block/cracked_stone_bricks3" },
            { "model": "minecraft:block/cracked_stone_bricks4" },
            { "model": "minecraft:block/cracked_stone_bricks5" }
        ]
    }
}
