{
    "__comment": "JimStoneCraft - 2020",
    "variants": {
        "": [
            { "model": "minecraft:block/dirt" },
            { "model": "minecraft:block/dirt1" },
            { "model": "minecraft:block/dirt2" },
            { "model": "minecraft:block/dirt3" },
            { "model": "minecraft:block/dirt4" },
            { "model": "minecraft:block/dirt5" },
            { "model": "minecraft:block/dirt6" },
            { "model": "minecraft:block/dirt7" }
        ]
    }
}
