{
    "__comment": "JimStoneCraft - 2020",
    "variants": {
        "type=bottom": [
            { "model": "minecraft:block/end_stone_bricks_slab" },
            { "model": "minecraft:block/end_stone_bricks_slab1" },
            { "model": "minecraft:block/end_stone_bricks_slab2" },
            { "model": "minecraft:block/end_stone_bricks_slab3" },
            { "model": "minecraft:block/end_stone_bricks_slab4" },
            { "model": "minecraft:block/end_stone_bricks_slab5" },
            { "model": "minecraft:block/end_stone_bricks_slab6" },
            { "model": "minecraft:block/end_stone_bricks_slab7" },
            { "model": "minecraft:block/end_stone_bricks_slab8" }
        ],
        "type=top": [
            { "model": "minecraft:block/end_stone_bricks_slab_top" },
            { "model": "minecraft:block/end_stone_bricks_slab_top1" },
            { "model": "minecraft:block/end_stone_bricks_slab_top2" },
            { "model": "minecraft:block/end_stone_bricks_slab_top3" },
            { "model": "minecraft:block/end_stone_bricks_slab_top4" },
            { "model": "minecraft:block/end_stone_bricks_slab_top5" },
            { "model": "minecraft:block/end_stone_bricks_slab_top6" },
            { "model": "minecraft:block/end_stone_bricks_slab_top7" },
            { "model": "minecraft:block/end_stone_bricks_slab_top8" }
        ],
        "type=double": [
            { "model": "minecraft:block/end_stone_bricks" },
            { "model": "minecraft:block/end_stone_bricks1" },
            { "model": "minecraft:block/end_stone_bricks2" },
            { "model": "minecraft:block/end_stone_bricks3" },
            { "model": "minecraft:block/end_stone_bricks4" },
            { "model": "minecraft:block/end_stone_bricks5" },
            { "model": "minecraft:block/end_stone_bricks6" },
            { "model": "minecraft:block/end_stone_bricks7" },
            { "model": "minecraft:block/end_stone_bricks8" }
        ]
    }
}
