{
    "__comment": "JimStoneCraft - 2020",
    "variants": {
        "": [
            { "model": "minecraft:block/end_stone", "weight": 24 },
            { "model": "minecraft:block/end_stone1", "weight": 18 },
            { "model": "minecraft:block/end_stone2", "weight": 18 },
            { "model": "minecraft:block/end_stone3", "weight": 15 },
            { "model": "minecraft:block/end_stone4", "weight": 15 },
            { "model": "minecraft:block/end_stone5", "weight": 4 },
            { "model": "minecraft:block/end_stone6", "weight": 3 },
            { "model": "minecraft:block/end_stone7", "weight": 3 }
        ]
    }
}
