{
    "__comment": "JimStoneCraft - 2020",
    "variants": {
        "": [
            { "model": "minecraft:block/stone_bricks", "weight": 40 },
            { "model": "minecraft:block/stone_bricks1", "weight": 5 },
            { "model": "minecraft:block/stone_bricks2", "weight": 5 },
            { "model": "minecraft:block/stone_bricks3", "weight": 10 },
            { "model": "minecraft:block/stone_bricks4", "weight": 10 },
            { "model": "minecraft:block/stone_bricks5", "weight": 5 },
            { "model": "minecraft:block/stone_bricks6", "weight": 10 },
            { "model": "minecraft:block/stone_bricks7", "weight": 5 },
            { "model": "minecraft:block/stone_bricks8", "weight": 10 }
        ]
    }
}
