{
    "__comment": "JimStoneCraft - 2020",
    "variants": {
        "": [
            { "model": "minecraft:block/mossy_stone_bricks" },
            { "model": "minecraft:block/mossy_stone_bricks1" },
            { "model": "minecraft:block/mossy_stone_bricks2" },
            { "model": "minecraft:block/mossy_stone_bricks3" },
            { "model": "minecraft:block/mossy_stone_bricks4" },
            { "model": "minecraft:block/mossy_stone_bricks5" },
            { "model": "minecraft:block/mossy_stone_bricks6" },
            { "model": "minecraft:block/mossy_stone_bricks7" },
            { "model": "minecraft:block/mossy_stone_bricks8" },
            { "model": "minecraft:block/mossy_stone_bricks9" },
            { "model": "minecraft:block/mossy_stone_bricks10" },
            { "model": "minecraft:block/mossy_stone_bricks11" },
            { "model": "minecraft:block/mossy_stone_bricks12" },
            { "model": "minecraft:block/mossy_stone_bricks13" },
            { "model": "minecraft:block/mossy_stone_bricks14" }
        ]
    }
}
