{
    "__comment": "JimStoneCraft - 2020",
    "variants": {
        "type=bottom": [
            { "model": "minecraft:block/mossy_stone_brick_slab" },
            { "model": "minecraft:block/mossy_stone_brick_slab1" },
            { "model": "minecraft:block/mossy_stone_brick_slab2" },
            { "model": "minecraft:block/mossy_stone_brick_slab3" },
            { "model": "minecraft:block/mossy_stone_brick_slab4" },
            { "model": "minecraft:block/mossy_stone_brick_slab5" },
            { "model": "minecraft:block/mossy_stone_brick_slab6" },
            { "model": "minecraft:block/mossy_stone_brick_slab7" },
            { "model": "minecraft:block/mossy_stone_brick_slab8" },
            { "model": "minecraft:block/mossy_stone_brick_slab9" },
            { "model": "minecraft:block/mossy_stone_brick_slab10" },
            { "model": "minecraft:block/mossy_stone_brick_slab11" },
            { "model": "minecraft:block/mossy_stone_brick_slab12" },
            { "model": "minecraft:block/mossy_stone_brick_slab13" },
            { "model": "minecraft:block/mossy_stone_brick_slab14" }
        ],
        "type=top": [
            { "model": "minecraft:block/mossy_stone_brick_slab_top" },
            { "model": "minecraft:block/mossy_stone_brick_slab_top1" },
            { "model": "minecraft:block/mossy_stone_brick_slab_top2" },
            { "model": "minecraft:block/mossy_stone_brick_slab_top3" },
            { "model": "minecraft:block/mossy_stone_brick_slab_top4" },
            { "model": "minecraft:block/mossy_stone_brick_slab_top5" },
            { "model": "minecraft:block/mossy_stone_brick_slab_top6" },
            { "model": "minecraft:block/mossy_stone_brick_slab_top7" },
            { "model": "minecraft:block/mossy_stone_brick_slab_top8" },
            { "model": "minecraft:block/mossy_stone_brick_slab_top9" },
            { "model": "minecraft:block/mossy_stone_brick_slab_top10" },
            { "model": "minecraft:block/mossy_stone_brick_slab_top11" },
            { "model": "minecraft:block/mossy_stone_brick_slab_top12" },
            { "model": "minecraft:block/mossy_stone_brick_slab_top13" },
            { "model": "minecraft:block/mossy_stone_brick_slab_top14" }
        ],
        "type=double": [
            { "model": "minecraft:block/mossy_stone_bricks" },
            { "model": "minecraft:block/mossy_stone_bricks1" },
            { "model": "minecraft:block/mossy_stone_bricks2" },
            { "model": "minecraft:block/mossy_stone_bricks3" },
            { "model": "minecraft:block/mossy_stone_bricks4" },
            { "model": "minecraft:block/mossy_stone_bricks5" },
            { "model": "minecraft:block/mossy_stone_bricks6" },
            { "model": "minecraft:block/mossy_stone_bricks7" },
            { "model": "minecraft:block/mossy_stone_bricks8" },
            { "model": "minecraft:block/mossy_stone_bricks9" },
            { "model": "minecraft:block/mossy_stone_bricks10" },
            { "model": "minecraft:block/mossy_stone_bricks11" },
            { "model": "minecraft:block/mossy_stone_bricks12" },
            { "model": "minecraft:block/mossy_stone_bricks13" },
            { "model": "minecraft:block/mossy_stone_bricks14" }
        ]
    }
}
