{
    "__comment": "JimStoneCraft - 2020",
    "variants": {
        "facing=east,half=bottom,shape=straight": [
        { "model": "minecraft:block/mossy_stone_brick_stairs" },
        { "model": "minecraft:block/mossy_stone_brick_stairs1" },
        { "model": "minecraft:block/mossy_stone_brick_stairs2" },
        { "model": "minecraft:block/mossy_stone_brick_stairs3" },
        { "model": "minecraft:block/mossy_stone_brick_stairs4" },
        { "model": "minecraft:block/mossy_stone_brick_stairs5" },
        { "model": "minecraft:block/mossy_stone_brick_stairs6" },
        { "model": "minecraft:block/mossy_stone_brick_stairs7" },
        { "model": "minecraft:block/mossy_stone_brick_stairs8" },
        { "model": "minecraft:block/mossy_stone_brick_stairs9" },
        { "model": "minecraft:block/mossy_stone_brick_stairs10" },
        { "model": "minecraft:block/mossy_stone_brick_stairs11" },
        { "model": "minecraft:block/mossy_stone_brick_stairs12" },
        { "model": "minecraft:block/mossy_stone_brick_stairs13" },
        { "model": "minecraft:block/mossy_stone_brick_stairs14" }
        ],
        "facing=west,half=bottom,shape=straight": [
        { "model": "minecraft:block/mossy_stone_brick_stairs", "y": 180, "uvlock": true },
        { "model": "minecraft:block/mossy_stone_brick_stairs1", "y": 180, "uvlock": true },
        { "model": "minecraft:block/mossy_stone_brick_stairs2", "y": 180, "uvlock": true },
        { "model": "minecraft:block/mossy_stone_brick_stairs3", "y": 180, "uvlock": true },
        { "model": "minecraft:block/mossy_stone_brick_stairs4", "y": 180, "uvlock": true },
        { "model": "minecraft:block/mossy_stone_brick_stairs5", "y": 180, "uvlock": true },
        { "model": "minecraft:block/mossy_stone_brick_stairs6", "y": 180, "uvlock": true },
        { "model": "minecraft:block/mossy_stone_brick_stairs7", "y": 180, "uvlock": true },
        { "model": "minecraft:block/mossy_stone_brick_stairs8", "y": 180, "uvlock": true },
        { "model": "minecraft:block/mossy_stone_brick_stairs9", "y": 180, "uvlock": true },
        { "model": "minecraft:block/mossy_stone_brick_stairs10", "y": 180, "uvlock": true },
        { "model": "minecraft:block/mossy_stone_brick_stairs11", "y": 180, "uvlock": true },
        { "model": "minecraft:block/mossy_stone_brick_stairs12", "y": 180, "uvlock": true },
        { "model": "minecraft:block/mossy_stone_brick_stairs13", "y": 180, "uvlock": true },
        { "model": "minecraft:block/mossy_stone_brick_stairs14", "y": 180, "uvlock": true }
        ],
        "facing=south,half=bottom,shape=straight": [
        { "model": "minecraft:block/mossy_stone_brick_stairs", "y": 90, "uvlock": true },
        { "model": "minecraft:block/mossy_stone_brick_stairs1", "y": 90, "uvlock": true },
        { "model": "minecraft:block/mossy_stone_brick_stairs2", "y": 90, "uvlock": true },
        { "model": "minecraft:block/mossy_stone_brick_stairs3", "y": 90, "uvlock": true },
        { "model": "minecraft:block/mossy_stone_brick_stairs4", "y": 90, "uvlock": true },
        { "model": "minecraft:block/mossy_stone_brick_stairs5", "y": 90, "uvlock": true },
        { "model": "minecraft:block/mossy_stone_brick_stairs6", "y": 90, "uvlock": true },
        { "model": "minecraft:block/mossy_stone_brick_stairs7", "y": 90, "uvlock": true },
        { "model": "minecraft:block/mossy_stone_brick_stairs8", "y": 90, "uvlock": true },
        { "model": "minecraft:block/mossy_stone_brick_stairs9", "y": 90, "uvlock": true },
        { "model": "minecraft:block/mossy_stone_brick_stairs10", "y": 90, "uvlock": true },
        { "model": "minecraft:block/mossy_stone_brick_stairs11", "y": 90, "uvlock": true },
        { "model": "minecraft:block/mossy_stone_brick_stairs12", "y": 90, "uvlock": true },
        { "model": "minecraft:block/mossy_stone_brick_stairs13", "y": 90, "uvlock": true },
        { "model": "minecraft:block/mossy_stone_brick_stairs14", "y": 90, "uvlock": true }
        ],
        "facing=north,half=bottom,shape=straight": [
        { "model": "minecraft:block/mossy_stone_brick_stairs", "y": 270, "uvlock": true },
        { "model": "minecraft:block/mossy_stone_brick_stairs1", "y": 270, "uvlock": true },
        { "model": "minecraft:block/mossy_stone_brick_stairs2", "y": 270, "uvlock": true },
        { "model": "minecraft:block/mossy_stone_brick_stairs3", "y": 270, "uvlock": true },
        { "model": "minecraft:block/mossy_stone_brick_stairs4", "y": 270, "uvlock": true },
        { "model": "minecraft:block/mossy_stone_brick_stairs5", "y": 270, "uvlock": true },
        { "model": "minecraft:block/mossy_stone_brick_stairs6", "y": 270, "uvlock": true },
        { "model": "minecraft:block/mossy_stone_brick_stairs7", "y": 270, "uvlock": true },
        { "model": "minecraft:block/mossy_stone_brick_stairs8", "y": 270, "uvlock": true },
        { "model": "minecraft:block/mossy_stone_brick_stairs9", "y": 270, "uvlock": true },
        { "model": "minecraft:block/mossy_stone_brick_stairs10", "y": 270, "uvlock": true },
        { "model": "minecraft:block/mossy_stone_brick_stairs11", "y": 270, "uvlock": true },
        { "model": "minecraft:block/mossy_stone_brick_stairs12", "y": 270, "uvlock": true },
        { "model": "minecraft:block/mossy_stone_brick_stairs13", "y": 270, "uvlock": true },
        { "model": "minecraft:block/mossy_stone_brick_stairs14", "y": 270, "uvlock": true }
        ],
        "facing=east,half=bottom,shape=outer_right": [
        { "model": "minecraft:block/mossy_stone_brick_stairs_outer" },
        { "model": "minecraft:block/mossy_stone_brick_stairs_outer1" },
        { "model": "minecraft:block/mossy_stone_brick_stairs_outer2" },
        { "model": "minecraft:block/mossy_stone_brick_stairs_outer3" },
        { "model": "minecraft:block/mossy_stone_brick_stairs_outer4" },
        { "model": "minecraft:block/mossy_stone_brick_stairs_outer5" },
        { "model": "minecraft:block/mossy_stone_brick_stairs_outer6" },
        { "model": "minecraft:block/mossy_stone_brick_stairs_outer7" },
        { "model": "minecraft:block/mossy_stone_brick_stairs_outer8" },
        { "model": "minecraft:block/mossy_stone_brick_stairs_outer9" },
        { "model": "minecraft:block/mossy_stone_brick_stairs_outer10" },
        { "model": "minecraft:block/mossy_stone_brick_stairs_outer11" },
        { "model": "minecraft:block/mossy_stone_brick_stairs_outer12" },
        { "model": "minecraft:block/mossy_stone_brick_stairs_outer13" },
        { "model": "minecraft:block/mossy_stone_brick_stairs_outer14" }
        ],
        "facing=west,half=bottom,shape=outer_right": [
        { "model": "minecraft:block/mossy_stone_brick_stairs_outer", "y": 180, "uvlock": true },
        { "model": "minecraft:block/mossy_stone_brick_stairs_outer1", "y": 180, "uvlock": true },
        { "model": "minecraft:block/mossy_stone_brick_stairs_outer2", "y": 180, "uvlock": true },
        { "model": "minecraft:block/mossy_stone_brick_stairs_outer3", "y": 180, "uvlock": true },
        { "model": "minecraft:block/mossy_stone_brick_stairs_outer4", "y": 180, "uvlock": true },
        { "model": "minecraft:block/mossy_stone_brick_stairs_outer5", "y": 180, "uvlock": true },
        { "model": "minecraft:block/mossy_stone_brick_stairs_outer6", "y": 180, "uvlock": true },
        { "model": "minecraft:block/mossy_stone_brick_stairs_outer7", "y": 180, "uvlock": true },
        { "model": "minecraft:block/mossy_stone_brick_stairs_outer8", "y": 180, "uvlock": true },
        { "model": "minecraft:block/mossy_stone_brick_stairs_outer9", "y": 180, "uvlock": true },
        { "model": "minecraft:block/mossy_stone_brick_stairs_outer10", "y": 180, "uvlock": true },
        { "model": "minecraft:block/mossy_stone_brick_stairs_outer11", "y": 180, "uvlock": true },
        { "model": "minecraft:block/mossy_stone_brick_stairs_outer12", "y": 180, "uvlock": true },
        { "model": "minecraft:block/mossy_stone_brick_stairs_outer13", "y": 180, "uvlock": true },
        { "model": "minecraft:block/mossy_stone_brick_stairs_outer14", "y": 180, "uvlock": true }
        ],
        "facing=south,half=bottom,shape=outer_right": [
        { "model": "minecraft:block/mossy_stone_brick_stairs_outer", "y": 90, "uvlock": true },
        { "model": "minecraft:block/mossy_stone_brick_stairs_outer1", "y": 90, "uvlock": true },
        { "model": "minecraft:block/mossy_stone_brick_stairs_outer2", "y": 90, "uvlock": true },
        { "model": "minecraft:block/mossy_stone_brick_stairs_outer3", "y": 90, "uvlock": true },
        { "model": "minecraft:block/mossy_stone_brick_stairs_outer4", "y": 90, "uvlock": true },
        { "model": "minecraft:block/mossy_stone_brick_stairs_outer5", "y": 90, "uvlock": true },
        { "model": "minecraft:block/mossy_stone_brick_stairs_outer6", "y": 90, "uvlock": true },
        { "model": "minecraft:block/mossy_stone_brick_stairs_outer7", "y": 90, "uvlock": true },
        { "model": "minecraft:block/mossy_stone_brick_stairs_outer8", "y": 90, "uvlock": true },
        { "model": "minecraft:block/mossy_stone_brick_stairs_outer9", "y": 90, "uvlock": true },
        { "model": "minecraft:block/mossy_stone_brick_stairs_outer10", "y": 90, "uvlock": true },
        { "model": "minecraft:block/mossy_stone_brick_stairs_outer11", "y": 90, "uvlock": true },
        { "model": "minecraft:block/mossy_stone_brick_stairs_outer12", "y": 90, "uvlock": true },
        { "model": "minecraft:block/mossy_stone_brick_stairs_outer13", "y": 90, "uvlock": true },
        { "model": "minecraft:block/mossy_stone_brick_stairs_outer14", "y": 90, "uvlock": true }
        ],
        "facing=north,half=bottom,shape=outer_right": [
        { "model": "minecraft:block/mossy_stone_brick_stairs_outer", "y": 270, "uvlock": true },
        { "model": "minecraft:block/mossy_stone_brick_stairs_outer1", "y": 270, "uvlock": true },
        { "model": "minecraft:block/mossy_stone_brick_stairs_outer2", "y": 270, "uvlock": true },
        { "model": "minecraft:block/mossy_stone_brick_stairs_outer3", "y": 270, "uvlock": true },
        { "model": "minecraft:block/mossy_stone_brick_stairs_outer4", "y": 270, "uvlock": true },
        { "model": "minecraft:block/mossy_stone_brick_stairs_outer5", "y": 270, "uvlock": true },
        { "model": "minecraft:block/mossy_stone_brick_stairs_outer6", "y": 270, "uvlock": true },
        { "model": "minecraft:block/mossy_stone_brick_stairs_outer7", "y": 270, "uvlock": true },
        { "model": "minecraft:block/mossy_stone_brick_stairs_outer8", "y": 270, "uvlock": true },
        { "model": "minecraft:block/mossy_stone_brick_stairs_outer9", "y": 270, "uvlock": true },
        { "model": "minecraft:block/mossy_stone_brick_stairs_outer10", "y": 270, "uvlock": true },
        { "model": "minecraft:block/mossy_stone_brick_stairs_outer11", "y": 270, "uvlock": true },
        { "model": "minecraft:block/mossy_stone_brick_stairs_outer12", "y": 270, "uvlock": true },
        { "model": "minecraft:block/mossy_stone_brick_stairs_outer13", "y": 270, "uvlock": true },
        { "model": "minecraft:block/mossy_stone_brick_stairs_outer14", "y": 270, "uvlock": true }
        ],
        "facing=east,half=bottom,shape=outer_left": [
        { "model": "minecraft:block/mossy_stone_brick_stairs_outer", "y": 270, "uvlock": true },
        { "model": "minecraft:block/mossy_stone_brick_stairs_outer1", "y": 270, "uvlock": true },
        { "model": "minecraft:block/mossy_stone_brick_stairs_outer2", "y": 270, "uvlock": true },
        { "model": "minecraft:block/mossy_stone_brick_stairs_outer3", "y": 270, "uvlock": true },
        { "model": "minecraft:block/mossy_stone_brick_stairs_outer4", "y": 270, "uvlock": true },
        { "model": "minecraft:block/mossy_stone_brick_stairs_outer5", "y": 270, "uvlock": true },
        { "model": "minecraft:block/mossy_stone_brick_stairs_outer6", "y": 270, "uvlock": true },
        { "model": "minecraft:block/mossy_stone_brick_stairs_outer7", "y": 270, "uvlock": true },
        { "model": "minecraft:block/mossy_stone_brick_stairs_outer8", "y": 270, "uvlock": true },
        { "model": "minecraft:block/mossy_stone_brick_stairs_outer9", "y": 270, "uvlock": true },
        { "model": "minecraft:block/mossy_stone_brick_stairs_outer10", "y": 270, "uvlock": true },
        { "model": "minecraft:block/mossy_stone_brick_stairs_outer11", "y": 270, "uvlock": true },
        { "model": "minecraft:block/mossy_stone_brick_stairs_outer12", "y": 270, "uvlock": true },
        { "model": "minecraft:block/mossy_stone_brick_stairs_outer13", "y": 270, "uvlock": true },
        { "model": "minecraft:block/mossy_stone_brick_stairs_outer14", "y": 270, "uvlock": true }
        ],
        "facing=west,half=bottom,shape=outer_left": [
        { "model": "minecraft:block/mossy_stone_brick_stairs_outer", "y": 90, "uvlock": true },
        { "model": "minecraft:block/mossy_stone_brick_stairs_outer1", "y": 90, "uvlock": true },
        { "model": "minecraft:block/mossy_stone_brick_stairs_outer2", "y": 90, "uvlock": true },
        { "model": "minecraft:block/mossy_stone_brick_stairs_outer3", "y": 90, "uvlock": true },
        { "model": "minecraft:block/mossy_stone_brick_stairs_outer4", "y": 90, "uvlock": true },
        { "model": "minecraft:block/mossy_stone_brick_stairs_outer5", "y": 90, "uvlock": true },
        { "model": "minecraft:block/mossy_stone_brick_stairs_outer6", "y": 90, "uvlock": true },
        { "model": "minecraft:block/mossy_stone_brick_stairs_outer7", "y": 90, "uvlock": true },
        { "model": "minecraft:block/mossy_stone_brick_stairs_outer8", "y": 90, "uvlock": true },
        { "model": "minecraft:block/mossy_stone_brick_stairs_outer9", "y": 90, "uvlock": true },
        { "model": "minecraft:block/mossy_stone_brick_stairs_outer10", "y": 90, "uvlock": true },
        { "model": "minecraft:block/mossy_stone_brick_stairs_outer11", "y": 90, "uvlock": true },
        { "model": "minecraft:block/mossy_stone_brick_stairs_outer12", "y": 90, "uvlock": true },
        { "model": "minecraft:block/mossy_stone_brick_stairs_outer13", "y": 90, "uvlock": true },
        { "model": "minecraft:block/mossy_stone_brick_stairs_outer14", "y": 90, "uvlock": true }
        ],
        "facing=south,half=bottom,shape=outer_left": [
        { "model": "minecraft:block/mossy_stone_brick_stairs_outer" },
        { "model": "minecraft:block/mossy_stone_brick_stairs_outer1" },
        { "model": "minecraft:block/mossy_stone_brick_stairs_outer2" },
        { "model": "minecraft:block/mossy_stone_brick_stairs_outer3" },
        { "model": "minecraft:block/mossy_stone_brick_stairs_outer4" },
        { "model": "minecraft:block/mossy_stone_brick_stairs_outer5" },
        { "model": "minecraft:block/mossy_stone_brick_stairs_outer6" },
        { "model": "minecraft:block/mossy_stone_brick_stairs_outer7" },
        { "model": "minecraft:block/mossy_stone_brick_stairs_outer8" },
        { "model": "minecraft:block/mossy_stone_brick_stairs_outer9" },
        { "model": "minecraft:block/mossy_stone_brick_stairs_outer10" },
        { "model": "minecraft:block/mossy_stone_brick_stairs_outer11" },
        { "model": "minecraft:block/mossy_stone_brick_stairs_outer12" },
        { "model": "minecraft:block/mossy_stone_brick_stairs_outer13" },
        { "model": "minecraft:block/mossy_stone_brick_stairs_outer14" }
        ],
        "facing=north,half=bottom,shape=outer_left": [
        { "model": "minecraft:block/mossy_stone_brick_stairs_outer", "y": 180, "uvlock": true },
        { "model": "minecraft:block/mossy_stone_brick_stairs_outer1", "y": 180, "uvlock": true },
        { "model": "minecraft:block/mossy_stone_brick_stairs_outer2", "y": 180, "uvlock": true },
        { "model": "minecraft:block/mossy_stone_brick_stairs_outer3", "y": 180, "uvlock": true },
        { "model": "minecraft:block/mossy_stone_brick_stairs_outer4", "y": 180, "uvlock": true },
        { "model": "minecraft:block/mossy_stone_brick_stairs_outer5", "y": 180, "uvlock": true },
        { "model": "minecraft:block/mossy_stone_brick_stairs_outer6", "y": 180, "uvlock": true },
        { "model": "minecraft:block/mossy_stone_brick_stairs_outer7", "y": 180, "uvlock": true },
        { "model": "minecraft:block/mossy_stone_brick_stairs_outer8", "y": 180, "uvlock": true },
        { "model": "minecraft:block/mossy_stone_brick_stairs_outer9", "y": 180, "uvlock": true },
        { "model": "minecraft:block/mossy_stone_brick_stairs_outer10", "y": 180, "uvlock": true },
        { "model": "minecraft:block/mossy_stone_brick_stairs_outer11", "y": 180, "uvlock": true },
        { "model": "minecraft:block/mossy_stone_brick_stairs_outer12", "y": 180, "uvlock": true },
        { "model": "minecraft:block/mossy_stone_brick_stairs_outer13", "y": 180, "uvlock": true },
        { "model": "minecraft:block/mossy_stone_brick_stairs_outer14", "y": 180, "uvlock": true }
        ],
        "facing=east,half=bottom,shape=inner_right": [
        { "model": "minecraft:block/mossy_stone_brick_stairs_inner" },
        { "model": "minecraft:block/mossy_stone_brick_stairs_inner1" },
        { "model": "minecraft:block/mossy_stone_brick_stairs_inner2" },
        { "model": "minecraft:block/mossy_stone_brick_stairs_inner3" },
        { "model": "minecraft:block/mossy_stone_brick_stairs_inner4" },
        { "model": "minecraft:block/mossy_stone_brick_stairs_inner5" },
        { "model": "minecraft:block/mossy_stone_brick_stairs_inner6" },
        { "model": "minecraft:block/mossy_stone_brick_stairs_inner7" },
        { "model": "minecraft:block/mossy_stone_brick_stairs_inner8" },
        { "model": "minecraft:block/mossy_stone_brick_stairs_inner9" },
        { "model": "minecraft:block/mossy_stone_brick_stairs_inner10" },
        { "model": "minecraft:block/mossy_stone_brick_stairs_inner11" },
        { "model": "minecraft:block/mossy_stone_brick_stairs_inner12" },
        { "model": "minecraft:block/mossy_stone_brick_stairs_inner13" },
        { "model": "minecraft:block/mossy_stone_brick_stairs_inner14" }
        ],
        "facing=west,half=bottom,shape=inner_right": [
        { "model": "minecraft:block/mossy_stone_brick_stairs_inner", "y": 180, "uvlock": true },
        { "model": "minecraft:block/mossy_stone_brick_stairs_inner1", "y": 180, "uvlock": true },
        { "model": "minecraft:block/mossy_stone_brick_stairs_inner2", "y": 180, "uvlock": true },
        { "model": "minecraft:block/mossy_stone_brick_stairs_inner3", "y": 180, "uvlock": true },
        { "model": "minecraft:block/mossy_stone_brick_stairs_inner4", "y": 180, "uvlock": true },
        { "model": "minecraft:block/mossy_stone_brick_stairs_inner5", "y": 180, "uvlock": true },
        { "model": "minecraft:block/mossy_stone_brick_stairs_inner6", "y": 180, "uvlock": true },
        { "model": "minecraft:block/mossy_stone_brick_stairs_inner7", "y": 180, "uvlock": true },
        { "model": "minecraft:block/mossy_stone_brick_stairs_inner8", "y": 180, "uvlock": true },
        { "model": "minecraft:block/mossy_stone_brick_stairs_inner9", "y": 180, "uvlock": true },
        { "model": "minecraft:block/mossy_stone_brick_stairs_inner10", "y": 180, "uvlock": true },
        { "model": "minecraft:block/mossy_stone_brick_stairs_inner11", "y": 180, "uvlock": true },
        { "model": "minecraft:block/mossy_stone_brick_stairs_inner12", "y": 180, "uvlock": true },
        { "model": "minecraft:block/mossy_stone_brick_stairs_inner13", "y": 180, "uvlock": true },
        { "model": "minecraft:block/mossy_stone_brick_stairs_inner14", "y": 180, "uvlock": true }
        ],
        "facing=south,half=bottom,shape=inner_right": [
        { "model": "minecraft:block/mossy_stone_brick_stairs_inner", "y": 90, "uvlock": true },
        { "model": "minecraft:block/mossy_stone_brick_stairs_inner1", "y": 90, "uvlock": true },
        { "model": "minecraft:block/mossy_stone_brick_stairs_inner2", "y": 90, "uvlock": true },
        { "model": "minecraft:block/mossy_stone_brick_stairs_inner3", "y": 90, "uvlock": true },
        { "model": "minecraft:block/mossy_stone_brick_stairs_inner4", "y": 90, "uvlock": true },
        { "model": "minecraft:block/mossy_stone_brick_stairs_inner5", "y": 90, "uvlock": true },
        { "model": "minecraft:block/mossy_stone_brick_stairs_inner6", "y": 90, "uvlock": true },
        { "model": "minecraft:block/mossy_stone_brick_stairs_inner7", "y": 90, "uvlock": true },
        { "model": "minecraft:block/mossy_stone_brick_stairs_inner8", "y": 90, "uvlock": true },
        { "model": "minecraft:block/mossy_stone_brick_stairs_inner9", "y": 90, "uvlock": true },
        { "model": "minecraft:block/mossy_stone_brick_stairs_inner10", "y": 90, "uvlock": true },
        { "model": "minecraft:block/mossy_stone_brick_stairs_inner11", "y": 90, "uvlock": true },
        { "model": "minecraft:block/mossy_stone_brick_stairs_inner12", "y": 90, "uvlock": true },
        { "model": "minecraft:block/mossy_stone_brick_stairs_inner13", "y": 90, "uvlock": true },
        { "model": "minecraft:block/mossy_stone_brick_stairs_inner14", "y": 90, "uvlock": true }
        ],
        "facing=north,half=bottom,shape=inner_right": [
        { "model": "minecraft:block/mossy_stone_brick_stairs_inner", "y": 270, "uvlock": true },
        { "model": "minecraft:block/mossy_stone_brick_stairs_inner1", "y": 270, "uvlock": true },
        { "model": "minecraft:block/mossy_stone_brick_stairs_inner2", "y": 270, "uvlock": true },
        { "model": "minecraft:block/mossy_stone_brick_stairs_inner3", "y": 270, "uvlock": true },
        { "model": "minecraft:block/mossy_stone_brick_stairs_inner4", "y": 270, "uvlock": true },
        { "model": "minecraft:block/mossy_stone_brick_stairs_inner5", "y": 270, "uvlock": true },
        { "model": "minecraft:block/mossy_stone_brick_stairs_inner6", "y": 270, "uvlock": true },
        { "model": "minecraft:block/mossy_stone_brick_stairs_inner7", "y": 270, "uvlock": true },
        { "model": "minecraft:block/mossy_stone_brick_stairs_inner8", "y": 270, "uvlock": true },
        { "model": "minecraft:block/mossy_stone_brick_stairs_inner9", "y": 270, "uvlock": true },
        { "model": "minecraft:block/mossy_stone_brick_stairs_inner10", "y": 270, "uvlock": true },
        { "model": "minecraft:block/mossy_stone_brick_stairs_inner11", "y": 270, "uvlock": true },
        { "model": "minecraft:block/mossy_stone_brick_stairs_inner12", "y": 270, "uvlock": true },
        { "model": "minecraft:block/mossy_stone_brick_stairs_inner13", "y": 270, "uvlock": true },
        { "model": "minecraft:block/mossy_stone_brick_stairs_inner14", "y": 270, "uvlock": true }
        ],
        "facing=east,half=bottom,shape=inner_left": [
        { "model": "minecraft:block/mossy_stone_brick_stairs_inner", "y": 270, "uvlock": true },
        { "model": "minecraft:block/mossy_stone_brick_stairs_inner1", "y": 270, "uvlock": true },
        { "model": "minecraft:block/mossy_stone_brick_stairs_inner2", "y": 270, "uvlock": true },
        { "model": "minecraft:block/mossy_stone_brick_stairs_inner3", "y": 270, "uvlock": true },
        { "model": "minecraft:block/mossy_stone_brick_stairs_inner4", "y": 270, "uvlock": true },
        { "model": "minecraft:block/mossy_stone_brick_stairs_inner5", "y": 270, "uvlock": true },
        { "model": "minecraft:block/mossy_stone_brick_stairs_inner6", "y": 270, "uvlock": true },
        { "model": "minecraft:block/mossy_stone_brick_stairs_inner7", "y": 270, "uvlock": true },
        { "model": "minecraft:block/mossy_stone_brick_stairs_inner8", "y": 270, "uvlock": true },
        { "model": "minecraft:block/mossy_stone_brick_stairs_inner9", "y": 270, "uvlock": true },
        { "model": "minecraft:block/mossy_stone_brick_stairs_inner10", "y": 270, "uvlock": true },
        { "model": "minecraft:block/mossy_stone_brick_stairs_inner11", "y": 270, "uvlock": true },
        { "model": "minecraft:block/mossy_stone_brick_stairs_inner12", "y": 270, "uvlock": true },
        { "model": "minecraft:block/mossy_stone_brick_stairs_inner13", "y": 270, "uvlock": true },
        { "model": "minecraft:block/mossy_stone_brick_stairs_inner14", "y": 270, "uvlock": true }
        ],
        "facing=west,half=bottom,shape=inner_left": [
        { "model": "minecraft:block/mossy_stone_brick_stairs_inner", "y": 90, "uvlock": true },
        { "model": "minecraft:block/mossy_stone_brick_stairs_inner1", "y": 90, "uvlock": true },
        { "model": "minecraft:block/mossy_stone_brick_stairs_inner2", "y": 90, "uvlock": true },
        { "model": "minecraft:block/mossy_stone_brick_stairs_inner3", "y": 90, "uvlock": true },
        { "model": "minecraft:block/mossy_stone_brick_stairs_inner4", "y": 90, "uvlock": true },
        { "model": "minecraft:block/mossy_stone_brick_stairs_inner5", "y": 90, "uvlock": true },
        { "model": "minecraft:block/mossy_stone_brick_stairs_inner6", "y": 90, "uvlock": true },
        { "model": "minecraft:block/mossy_stone_brick_stairs_inner7", "y": 90, "uvlock": true },
        { "model": "minecraft:block/mossy_stone_brick_stairs_inner8", "y": 90, "uvlock": true },
        { "model": "minecraft:block/mossy_stone_brick_stairs_inner9", "y": 90, "uvlock": true },
        { "model": "minecraft:block/mossy_stone_brick_stairs_inner10", "y": 90, "uvlock": true },
        { "model": "minecraft:block/mossy_stone_brick_stairs_inner11", "y": 90, "uvlock": true },
        { "model": "minecraft:block/mossy_stone_brick_stairs_inner12", "y": 90, "uvlock": true },
        { "model": "minecraft:block/mossy_stone_brick_stairs_inner13", "y": 90, "uvlock": true },
        { "model": "minecraft:block/mossy_stone_brick_stairs_inner14", "y": 90, "uvlock": true }
        ],
        "facing=south,half=bottom,shape=inner_left": [
        { "model": "minecraft:block/mossy_stone_brick_stairs_inner" },
        { "model": "minecraft:block/mossy_stone_brick_stairs_inner1" },
        { "model": "minecraft:block/mossy_stone_brick_stairs_inner2" },
        { "model": "minecraft:block/mossy_stone_brick_stairs_inner3" },
        { "model": "minecraft:block/mossy_stone_brick_stairs_inner4" },
        { "model": "minecraft:block/mossy_stone_brick_stairs_inner5" },
        { "model": "minecraft:block/mossy_stone_brick_stairs_inner6" },
        { "model": "minecraft:block/mossy_stone_brick_stairs_inner7" },
        { "model": "minecraft:block/mossy_stone_brick_stairs_inner8" },
        { "model": "minecraft:block/mossy_stone_brick_stairs_inner9" },
        { "model": "minecraft:block/mossy_stone_brick_stairs_inner10" },
        { "model": "minecraft:block/mossy_stone_brick_stairs_inner11" },
        { "model": "minecraft:block/mossy_stone_brick_stairs_inner12" },
        { "model": "minecraft:block/mossy_stone_brick_stairs_inner13" },
        { "model": "minecraft:block/mossy_stone_brick_stairs_inner14" }
        ],
        "facing=north,half=bottom,shape=inner_left": [
        { "model": "minecraft:block/mossy_stone_brick_stairs_inner", "y": 180, "uvlock": true },
        { "model": "minecraft:block/mossy_stone_brick_stairs_inner1", "y": 180, "uvlock": true },
        { "model": "minecraft:block/mossy_stone_brick_stairs_inner2", "y": 180, "uvlock": true },
        { "model": "minecraft:block/mossy_stone_brick_stairs_inner3", "y": 180, "uvlock": true },
        { "model": "minecraft:block/mossy_stone_brick_stairs_inner4", "y": 180, "uvlock": true },
        { "model": "minecraft:block/mossy_stone_brick_stairs_inner5", "y": 180, "uvlock": true },
        { "model": "minecraft:block/mossy_stone_brick_stairs_inner6", "y": 180, "uvlock": true },
        { "model": "minecraft:block/mossy_stone_brick_stairs_inner7", "y": 180, "uvlock": true },
        { "model": "minecraft:block/mossy_stone_brick_stairs_inner8", "y": 180, "uvlock": true },
        { "model": "minecraft:block/mossy_stone_brick_stairs_inner9", "y": 180, "uvlock": true },
        { "model": "minecraft:block/mossy_stone_brick_stairs_inner10", "y": 180, "uvlock": true },
        { "model": "minecraft:block/mossy_stone_brick_stairs_inner11", "y": 180, "uvlock": true },
        { "model": "minecraft:block/mossy_stone_brick_stairs_inner12", "y": 180, "uvlock": true },
        { "model": "minecraft:block/mossy_stone_brick_stairs_inner13", "y": 180, "uvlock": true },
        { "model": "minecraft:block/mossy_stone_brick_stairs_inner14", "y": 180, "uvlock": true }
        ],
        "facing=east,half=top,shape=straight": [
        { "model": "minecraft:block/mossy_stone_brick_stairs", "x": 180, "uvlock": true },
        { "model": "minecraft:block/mossy_stone_brick_stairs1", "x": 180, "uvlock": true },
        { "model": "minecraft:block/mossy_stone_brick_stairs2", "x": 180, "uvlock": true },
        { "model": "minecraft:block/mossy_stone_brick_stairs3", "x": 180, "uvlock": true },
        { "model": "minecraft:block/mossy_stone_brick_stairs4", "x": 180, "uvlock": true },
        { "model": "minecraft:block/mossy_stone_brick_stairs5", "x": 180, "uvlock": true },
        { "model": "minecraft:block/mossy_stone_brick_stairs6", "x": 180, "uvlock": true },
        { "model": "minecraft:block/mossy_stone_brick_stairs7", "x": 180, "uvlock": true },
        { "model": "minecraft:block/mossy_stone_brick_stairs8", "x": 180, "uvlock": true },
        { "model": "minecraft:block/mossy_stone_brick_stairs9", "x": 180, "uvlock": true },
        { "model": "minecraft:block/mossy_stone_brick_stairs10", "x": 180, "uvlock": true },
        { "model": "minecraft:block/mossy_stone_brick_stairs11", "x": 180, "uvlock": true },
        { "model": "minecraft:block/mossy_stone_brick_stairs12", "x": 180, "uvlock": true },
        { "model": "minecraft:block/mossy_stone_brick_stairs13", "x": 180, "uvlock": true },
        { "model": "minecraft:block/mossy_stone_brick_stairs14", "x": 180, "uvlock": true }
        ],
        "facing=west,half=top,shape=straight": [
        { "model": "minecraft:block/mossy_stone_brick_stairs", "x": 180, "y": 180, "uvlock": true },
        { "model": "minecraft:block/mossy_stone_brick_stairs1", "x": 180, "y": 180, "uvlock": true },
        { "model": "minecraft:block/mossy_stone_brick_stairs2", "x": 180, "y": 180, "uvlock": true },
        { "model": "minecraft:block/mossy_stone_brick_stairs3", "x": 180, "y": 180, "uvlock": true },
        { "model": "minecraft:block/mossy_stone_brick_stairs4", "x": 180, "y": 180, "uvlock": true },
        { "model": "minecraft:block/mossy_stone_brick_stairs5", "x": 180, "y": 180, "uvlock": true },
        { "model": "minecraft:block/mossy_stone_brick_stairs6", "x": 180, "y": 180, "uvlock": true },
        { "model": "minecraft:block/mossy_stone_brick_stairs7", "x": 180, "y": 180, "uvlock": true },
        { "model": "minecraft:block/mossy_stone_brick_stairs8", "x": 180, "y": 180, "uvlock": true },
        { "model": "minecraft:block/mossy_stone_brick_stairs9", "x": 180, "y": 180, "uvlock": true },
        { "model": "minecraft:block/mossy_stone_brick_stairs10", "x": 180, "y": 180, "uvlock": true },
        { "model": "minecraft:block/mossy_stone_brick_stairs11", "x": 180, "y": 180, "uvlock": true },
        { "model": "minecraft:block/mossy_stone_brick_stairs12", "x": 180, "y": 180, "uvlock": true },
        { "model": "minecraft:block/mossy_stone_brick_stairs13", "x": 180, "y": 180, "uvlock": true },
        { "model": "minecraft:block/mossy_stone_brick_stairs14", "x": 180, "y": 180, "uvlock": true }
        ],
        "facing=south,half=top,shape=straight": [
        { "model": "minecraft:block/mossy_stone_brick_stairs", "x": 180, "y": 90, "uvlock": true },
        { "model": "minecraft:block/mossy_stone_brick_stairs1", "x": 180, "y": 90, "uvlock": true },
        { "model": "minecraft:block/mossy_stone_brick_stairs2", "x": 180, "y": 90, "uvlock": true },
        { "model": "minecraft:block/mossy_stone_brick_stairs3", "x": 180, "y": 90, "uvlock": true },
        { "model": "minecraft:block/mossy_stone_brick_stairs4", "x": 180, "y": 90, "uvlock": true },
        { "model": "minecraft:block/mossy_stone_brick_stairs5", "x": 180, "y": 90, "uvlock": true },
        { "model": "minecraft:block/mossy_stone_brick_stairs6", "x": 180, "y": 90, "uvlock": true },
        { "model": "minecraft:block/mossy_stone_brick_stairs7", "x": 180, "y": 90, "uvlock": true },
        { "model": "minecraft:block/mossy_stone_brick_stairs8", "x": 180, "y": 90, "uvlock": true },
        { "model": "minecraft:block/mossy_stone_brick_stairs9", "x": 180, "y": 90, "uvlock": true },
        { "model": "minecraft:block/mossy_stone_brick_stairs10", "x": 180, "y": 90, "uvlock": true },
        { "model": "minecraft:block/mossy_stone_brick_stairs11", "x": 180, "y": 90, "uvlock": true },
        { "model": "minecraft:block/mossy_stone_brick_stairs12", "x": 180, "y": 90, "uvlock": true },
        { "model": "minecraft:block/mossy_stone_brick_stairs13", "x": 180, "y": 90, "uvlock": true },
        { "model": "minecraft:block/mossy_stone_brick_stairs14", "x": 180, "y": 90, "uvlock": true }
        ],
        "facing=north,half=top,shape=straight": [
        { "model": "minecraft:block/mossy_stone_brick_stairs", "x": 180, "y": 270, "uvlock": true },
        { "model": "minecraft:block/mossy_stone_brick_stairs1", "x": 180, "y": 270, "uvlock": true },
        { "model": "minecraft:block/mossy_stone_brick_stairs2", "x": 180, "y": 270, "uvlock": true },
        { "model": "minecraft:block/mossy_stone_brick_stairs3", "x": 180, "y": 270, "uvlock": true },
        { "model": "minecraft:block/mossy_stone_brick_stairs4", "x": 180, "y": 270, "uvlock": true },
        { "model": "minecraft:block/mossy_stone_brick_stairs5", "x": 180, "y": 270, "uvlock": true },
        { "model": "minecraft:block/mossy_stone_brick_stairs6", "x": 180, "y": 270, "uvlock": true },
        { "model": "minecraft:block/mossy_stone_brick_stairs7", "x": 180, "y": 270, "uvlock": true },
        { "model": "minecraft:block/mossy_stone_brick_stairs8", "x": 180, "y": 270, "uvlock": true },
        { "model": "minecraft:block/mossy_stone_brick_stairs9", "x": 180, "y": 270, "uvlock": true },
        { "model": "minecraft:block/mossy_stone_brick_stairs10", "x": 180, "y": 270, "uvlock": true },
        { "model": "minecraft:block/mossy_stone_brick_stairs11", "x": 180, "y": 270, "uvlock": true },
        { "model": "minecraft:block/mossy_stone_brick_stairs12", "x": 180, "y": 270, "uvlock": true },
        { "model": "minecraft:block/mossy_stone_brick_stairs13", "x": 180, "y": 270, "uvlock": true },
        { "model": "minecraft:block/mossy_stone_brick_stairs14", "x": 180, "y": 270, "uvlock": true }
        ],
        "facing=east,half=top,shape=outer_right": [
        { "model": "minecraft:block/mossy_stone_brick_stairs_outer", "x": 180, "y": 90, "uvlock": true },
        { "model": "minecraft:block/mossy_stone_brick_stairs_outer1", "x": 180, "y": 90, "uvlock": true },
        { "model": "minecraft:block/mossy_stone_brick_stairs_outer2", "x": 180, "y": 90, "uvlock": true },
        { "model": "minecraft:block/mossy_stone_brick_stairs_outer3", "x": 180, "y": 90, "uvlock": true },
        { "model": "minecraft:block/mossy_stone_brick_stairs_outer4", "x": 180, "y": 90, "uvlock": true },
        { "model": "minecraft:block/mossy_stone_brick_stairs_outer5", "x": 180, "y": 90, "uvlock": true },
        { "model": "minecraft:block/mossy_stone_brick_stairs_outer6", "x": 180, "y": 90, "uvlock": true },
        { "model": "minecraft:block/mossy_stone_brick_stairs_outer7", "x": 180, "y": 90, "uvlock": true },
        { "model": "minecraft:block/mossy_stone_brick_stairs_outer8", "x": 180, "y": 90, "uvlock": true },
        { "model": "minecraft:block/mossy_stone_brick_stairs_outer9", "x": 180, "y": 90, "uvlock": true },
        { "model": "minecraft:block/mossy_stone_brick_stairs_outer10", "x": 180, "y": 90, "uvlock": true },
        { "model": "minecraft:block/mossy_stone_brick_stairs_outer11", "x": 180, "y": 90, "uvlock": true },
        { "model": "minecraft:block/mossy_stone_brick_stairs_outer12", "x": 180, "y": 90, "uvlock": true },
        { "model": "minecraft:block/mossy_stone_brick_stairs_outer13", "x": 180, "y": 90, "uvlock": true },
        { "model": "minecraft:block/mossy_stone_brick_stairs_outer14", "x": 180, "y": 90, "uvlock": true }
        ],
        "facing=west,half=top,shape=outer_right": [
        { "model": "minecraft:block/mossy_stone_brick_stairs_outer", "x": 180, "y": 270, "uvlock": true },
        { "model": "minecraft:block/mossy_stone_brick_stairs_outer1", "x": 180, "y": 270, "uvlock": true },
        { "model": "minecraft:block/mossy_stone_brick_stairs_outer2", "x": 180, "y": 270, "uvlock": true },
        { "model": "minecraft:block/mossy_stone_brick_stairs_outer3", "x": 180, "y": 270, "uvlock": true },
        { "model": "minecraft:block/mossy_stone_brick_stairs_outer4", "x": 180, "y": 270, "uvlock": true },
        { "model": "minecraft:block/mossy_stone_brick_stairs_outer5", "x": 180, "y": 270, "uvlock": true },
        { "model": "minecraft:block/mossy_stone_brick_stairs_outer6", "x": 180, "y": 270, "uvlock": true },
        { "model": "minecraft:block/mossy_stone_brick_stairs_outer7", "x": 180, "y": 270, "uvlock": true },
        { "model": "minecraft:block/mossy_stone_brick_stairs_outer8", "x": 180, "y": 270, "uvlock": true },
        { "model": "minecraft:block/mossy_stone_brick_stairs_outer9", "x": 180, "y": 270, "uvlock": true },
        { "model": "minecraft:block/mossy_stone_brick_stairs_outer10", "x": 180, "y": 270, "uvlock": true },
        { "model": "minecraft:block/mossy_stone_brick_stairs_outer11", "x": 180, "y": 270, "uvlock": true },
        { "model": "minecraft:block/mossy_stone_brick_stairs_outer12", "x": 180, "y": 270, "uvlock": true },
        { "model": "minecraft:block/mossy_stone_brick_stairs_outer13", "x": 180, "y": 270, "uvlock": true },
        { "model": "minecraft:block/mossy_stone_brick_stairs_outer14", "x": 180, "y": 270, "uvlock": true }
        ],
        "facing=south,half=top,shape=outer_right": [
        { "model": "minecraft:block/mossy_stone_brick_stairs_outer", "x": 180, "y": 180, "uvlock": true },
        { "model": "minecraft:block/mossy_stone_brick_stairs_outer1", "x": 180, "y": 180, "uvlock": true },
        { "model": "minecraft:block/mossy_stone_brick_stairs_outer2", "x": 180, "y": 180, "uvlock": true },
        { "model": "minecraft:block/mossy_stone_brick_stairs_outer3", "x": 180, "y": 180, "uvlock": true },
        { "model": "minecraft:block/mossy_stone_brick_stairs_outer4", "x": 180, "y": 180, "uvlock": true },
        { "model": "minecraft:block/mossy_stone_brick_stairs_outer5", "x": 180, "y": 180, "uvlock": true },
        { "model": "minecraft:block/mossy_stone_brick_stairs_outer6", "x": 180, "y": 180, "uvlock": true },
        { "model": "minecraft:block/mossy_stone_brick_stairs_outer7", "x": 180, "y": 180, "uvlock": true },
        { "model": "minecraft:block/mossy_stone_brick_stairs_outer8", "x": 180, "y": 180, "uvlock": true },
        { "model": "minecraft:block/mossy_stone_brick_stairs_outer9", "x": 180, "y": 180, "uvlock": true },
        { "model": "minecraft:block/mossy_stone_brick_stairs_outer10", "x": 180, "y": 180, "uvlock": true },
        { "model": "minecraft:block/mossy_stone_brick_stairs_outer11", "x": 180, "y": 180, "uvlock": true },
        { "model": "minecraft:block/mossy_stone_brick_stairs_outer12", "x": 180, "y": 180, "uvlock": true },
        { "model": "minecraft:block/mossy_stone_brick_stairs_outer13", "x": 180, "y": 180, "uvlock": true },
        { "model": "minecraft:block/mossy_stone_brick_stairs_outer14", "x": 180, "y": 180, "uvlock": true }
        ],
        "facing=north,half=top,shape=outer_right": [
        { "model": "minecraft:block/mossy_stone_brick_stairs_outer", "x": 180, "uvlock": true },
        { "model": "minecraft:block/mossy_stone_brick_stairs_outer1", "x": 180, "uvlock": true },
        { "model": "minecraft:block/mossy_stone_brick_stairs_outer2", "x": 180, "uvlock": true },
        { "model": "minecraft:block/mossy_stone_brick_stairs_outer3", "x": 180, "uvlock": true },
        { "model": "minecraft:block/mossy_stone_brick_stairs_outer4", "x": 180, "uvlock": true },
        { "model": "minecraft:block/mossy_stone_brick_stairs_outer5", "x": 180, "uvlock": true },
        { "model": "minecraft:block/mossy_stone_brick_stairs_outer6", "x": 180, "uvlock": true },
        { "model": "minecraft:block/mossy_stone_brick_stairs_outer7", "x": 180, "uvlock": true },
        { "model": "minecraft:block/mossy_stone_brick_stairs_outer8", "x": 180, "uvlock": true },
        { "model": "minecraft:block/mossy_stone_brick_stairs_outer9", "x": 180, "uvlock": true },
        { "model": "minecraft:block/mossy_stone_brick_stairs_outer10", "x": 180, "uvlock": true },
        { "model": "minecraft:block/mossy_stone_brick_stairs_outer11", "x": 180, "uvlock": true },
        { "model": "minecraft:block/mossy_stone_brick_stairs_outer12", "x": 180, "uvlock": true },
        { "model": "minecraft:block/mossy_stone_brick_stairs_outer13", "x": 180, "uvlock": true },
        { "model": "minecraft:block/mossy_stone_brick_stairs_outer14", "x": 180, "uvlock": true }
        ],
        "facing=east,half=top,shape=outer_left": [
        { "model": "minecraft:block/mossy_stone_brick_stairs_outer", "x": 180, "uvlock": true },
        { "model": "minecraft:block/mossy_stone_brick_stairs_outer1", "x": 180, "uvlock": true },
        { "model": "minecraft:block/mossy_stone_brick_stairs_outer2", "x": 180, "uvlock": true },
        { "model": "minecraft:block/mossy_stone_brick_stairs_outer3", "x": 180, "uvlock": true },
        { "model": "minecraft:block/mossy_stone_brick_stairs_outer4", "x": 180, "uvlock": true },
        { "model": "minecraft:block/mossy_stone_brick_stairs_outer5", "x": 180, "uvlock": true },
        { "model": "minecraft:block/mossy_stone_brick_stairs_outer6", "x": 180, "uvlock": true },
        { "model": "minecraft:block/mossy_stone_brick_stairs_outer7", "x": 180, "uvlock": true },
        { "model": "minecraft:block/mossy_stone_brick_stairs_outer8", "x": 180, "uvlock": true },
        { "model": "minecraft:block/mossy_stone_brick_stairs_outer9", "x": 180, "uvlock": true },
        { "model": "minecraft:block/mossy_stone_brick_stairs_outer10", "x": 180, "uvlock": true },
        { "model": "minecraft:block/mossy_stone_brick_stairs_outer11", "x": 180, "uvlock": true },
        { "model": "minecraft:block/mossy_stone_brick_stairs_outer12", "x": 180, "uvlock": true },
        { "model": "minecraft:block/mossy_stone_brick_stairs_outer13", "x": 180, "uvlock": true },
        { "model": "minecraft:block/mossy_stone_brick_stairs_outer14", "x": 180, "uvlock": true }
        ],
        "facing=west,half=top,shape=outer_left": [
        { "model": "minecraft:block/mossy_stone_brick_stairs_outer", "x": 180, "y": 180, "uvlock": true },
        { "model": "minecraft:block/mossy_stone_brick_stairs_outer1", "x": 180, "y": 180, "uvlock": true },
        { "model": "minecraft:block/mossy_stone_brick_stairs_outer2", "x": 180, "y": 180, "uvlock": true },
        { "model": "minecraft:block/mossy_stone_brick_stairs_outer3", "x": 180, "y": 180, "uvlock": true },
        { "model": "minecraft:block/mossy_stone_brick_stairs_outer4", "x": 180, "y": 180, "uvlock": true },
        { "model": "minecraft:block/mossy_stone_brick_stairs_outer5", "x": 180, "y": 180, "uvlock": true },
        { "model": "minecraft:block/mossy_stone_brick_stairs_outer6", "x": 180, "y": 180, "uvlock": true },
        { "model": "minecraft:block/mossy_stone_brick_stairs_outer7", "x": 180, "y": 180, "uvlock": true },
        { "model": "minecraft:block/mossy_stone_brick_stairs_outer8", "x": 180, "y": 180, "uvlock": true },
        { "model": "minecraft:block/mossy_stone_brick_stairs_outer9", "x": 180, "y": 180, "uvlock": true },
        { "model": "minecraft:block/mossy_stone_brick_stairs_outer10", "x": 180, "y": 180, "uvlock": true },
        { "model": "minecraft:block/mossy_stone_brick_stairs_outer11", "x": 180, "y": 180, "uvlock": true },
        { "model": "minecraft:block/mossy_stone_brick_stairs_outer12", "x": 180, "y": 180, "uvlock": true },
        { "model": "minecraft:block/mossy_stone_brick_stairs_outer13", "x": 180, "y": 180, "uvlock": true },
        { "model": "minecraft:block/mossy_stone_brick_stairs_outer14", "x": 180, "y": 180, "uvlock": true }
        ],
        "facing=south,half=top,shape=outer_left": [
        { "model": "minecraft:block/mossy_stone_brick_stairs_outer", "x": 180, "y": 90, "uvlock": true },
        { "model": "minecraft:block/mossy_stone_brick_stairs_outer1", "x": 180, "y": 90, "uvlock": true },
        { "model": "minecraft:block/mossy_stone_brick_stairs_outer2", "x": 180, "y": 90, "uvlock": true },
        { "model": "minecraft:block/mossy_stone_brick_stairs_outer3", "x": 180, "y": 90, "uvlock": true },
        { "model": "minecraft:block/mossy_stone_brick_stairs_outer4", "x": 180, "y": 90, "uvlock": true },
        { "model": "minecraft:block/mossy_stone_brick_stairs_outer5", "x": 180, "y": 90, "uvlock": true },
        { "model": "minecraft:block/mossy_stone_brick_stairs_outer6", "x": 180, "y": 90, "uvlock": true },
        { "model": "minecraft:block/mossy_stone_brick_stairs_outer7", "x": 180, "y": 90, "uvlock": true },
        { "model": "minecraft:block/mossy_stone_brick_stairs_outer8", "x": 180, "y": 90, "uvlock": true },
        { "model": "minecraft:block/mossy_stone_brick_stairs_outer9", "x": 180, "y": 90, "uvlock": true },
        { "model": "minecraft:block/mossy_stone_brick_stairs_outer10", "x": 180, "y": 90, "uvlock": true },
        { "model": "minecraft:block/mossy_stone_brick_stairs_outer11", "x": 180, "y": 90, "uvlock": true },
        { "model": "minecraft:block/mossy_stone_brick_stairs_outer12", "x": 180, "y": 90, "uvlock": true },
        { "model": "minecraft:block/mossy_stone_brick_stairs_outer13", "x": 180, "y": 90, "uvlock": true },
        { "model": "minecraft:block/mossy_stone_brick_stairs_outer14", "x": 180, "y": 90, "uvlock": true }
        ],
        "facing=north,half=top,shape=outer_left": [
        { "model": "minecraft:block/mossy_stone_brick_stairs_outer", "x": 180, "y": 270, "uvlock": true },
        { "model": "minecraft:block/mossy_stone_brick_stairs_outer1", "x": 180, "y": 270, "uvlock": true },
        { "model": "minecraft:block/mossy_stone_brick_stairs_outer2", "x": 180, "y": 270, "uvlock": true },
        { "model": "minecraft:block/mossy_stone_brick_stairs_outer3", "x": 180, "y": 270, "uvlock": true },
        { "model": "minecraft:block/mossy_stone_brick_stairs_outer4", "x": 180, "y": 270, "uvlock": true },
        { "model": "minecraft:block/mossy_stone_brick_stairs_outer5", "x": 180, "y": 270, "uvlock": true },
        { "model": "minecraft:block/mossy_stone_brick_stairs_outer6", "x": 180, "y": 270, "uvlock": true },
        { "model": "minecraft:block/mossy_stone_brick_stairs_outer7", "x": 180, "y": 270, "uvlock": true },
        { "model": "minecraft:block/mossy_stone_brick_stairs_outer8", "x": 180, "y": 270, "uvlock": true },
        { "model": "minecraft:block/mossy_stone_brick_stairs_outer9", "x": 180, "y": 270, "uvlock": true },
        { "model": "minecraft:block/mossy_stone_brick_stairs_outer10", "x": 180, "y": 270, "uvlock": true },
        { "model": "minecraft:block/mossy_stone_brick_stairs_outer11", "x": 180, "y": 270, "uvlock": true },
        { "model": "minecraft:block/mossy_stone_brick_stairs_outer12", "x": 180, "y": 270, "uvlock": true },
        { "model": "minecraft:block/mossy_stone_brick_stairs_outer13", "x": 180, "y": 270, "uvlock": true },
        { "model": "minecraft:block/mossy_stone_brick_stairs_outer14", "x": 180, "y": 270, "uvlock": true }
        ],
        "facing=east,half=top,shape=inner_right": [
        { "model": "minecraft:block/mossy_stone_brick_stairs_inner", "x": 180, "y": 90, "uvlock": true },
        { "model": "minecraft:block/mossy_stone_brick_stairs_inner1", "x": 180, "y": 90, "uvlock": true },
        { "model": "minecraft:block/mossy_stone_brick_stairs_inner2", "x": 180, "y": 90, "uvlock": true },
        { "model": "minecraft:block/mossy_stone_brick_stairs_inner3", "x": 180, "y": 90, "uvlock": true },
        { "model": "minecraft:block/mossy_stone_brick_stairs_inner4", "x": 180, "y": 90, "uvlock": true },
        { "model": "minecraft:block/mossy_stone_brick_stairs_inner5", "x": 180, "y": 90, "uvlock": true },
        { "model": "minecraft:block/mossy_stone_brick_stairs_inner6", "x": 180, "y": 90, "uvlock": true },
        { "model": "minecraft:block/mossy_stone_brick_stairs_inner7", "x": 180, "y": 90, "uvlock": true },
        { "model": "minecraft:block/mossy_stone_brick_stairs_inner8", "x": 180, "y": 90, "uvlock": true },
        { "model": "minecraft:block/mossy_stone_brick_stairs_inner9", "x": 180, "y": 90, "uvlock": true },
        { "model": "minecraft:block/mossy_stone_brick_stairs_inner10", "x": 180, "y": 90, "uvlock": true },
        { "model": "minecraft:block/mossy_stone_brick_stairs_inner11", "x": 180, "y": 90, "uvlock": true },
        { "model": "minecraft:block/mossy_stone_brick_stairs_inner12", "x": 180, "y": 90, "uvlock": true },
        { "model": "minecraft:block/mossy_stone_brick_stairs_inner13", "x": 180, "y": 90, "uvlock": true },
        { "model": "minecraft:block/mossy_stone_brick_stairs_inner14", "x": 180, "y": 90, "uvlock": true }
        ],
        "facing=west,half=top,shape=inner_right": [
        { "model": "minecraft:block/mossy_stone_brick_stairs_inner", "x": 180, "y": 270, "uvlock": true },
        { "model": "minecraft:block/mossy_stone_brick_stairs_inner1", "x": 180, "y": 270, "uvlock": true },
        { "model": "minecraft:block/mossy_stone_brick_stairs_inner2", "x": 180, "y": 270, "uvlock": true },
        { "model": "minecraft:block/mossy_stone_brick_stairs_inner3", "x": 180, "y": 270, "uvlock": true },
        { "model": "minecraft:block/mossy_stone_brick_stairs_inner4", "x": 180, "y": 270, "uvlock": true },
        { "model": "minecraft:block/mossy_stone_brick_stairs_inner5", "x": 180, "y": 270, "uvlock": true },
        { "model": "minecraft:block/mossy_stone_brick_stairs_inner6", "x": 180, "y": 270, "uvlock": true },
        { "model": "minecraft:block/mossy_stone_brick_stairs_inner7", "x": 180, "y": 270, "uvlock": true },
        { "model": "minecraft:block/mossy_stone_brick_stairs_inner8", "x": 180, "y": 270, "uvlock": true },
        { "model": "minecraft:block/mossy_stone_brick_stairs_inner9", "x": 180, "y": 270, "uvlock": true },
        { "model": "minecraft:block/mossy_stone_brick_stairs_inner10", "x": 180, "y": 270, "uvlock": true },
        { "model": "minecraft:block/mossy_stone_brick_stairs_inner11", "x": 180, "y": 270, "uvlock": true },
        { "model": "minecraft:block/mossy_stone_brick_stairs_inner12", "x": 180, "y": 270, "uvlock": true },
        { "model": "minecraft:block/mossy_stone_brick_stairs_inner13", "x": 180, "y": 270, "uvlock": true },
        { "model": "minecraft:block/mossy_stone_brick_stairs_inner14", "x": 180, "y": 270, "uvlock": true }
        ],
        "facing=south,half=top,shape=inner_right": [
        { "model": "minecraft:block/mossy_stone_brick_stairs_inner", "x": 180, "y": 180, "uvlock": true },
        { "model": "minecraft:block/mossy_stone_brick_stairs_inner1", "x": 180, "y": 180, "uvlock": true },
        { "model": "minecraft:block/mossy_stone_brick_stairs_inner2", "x": 180, "y": 180, "uvlock": true },
        { "model": "minecraft:block/mossy_stone_brick_stairs_inner3", "x": 180, "y": 180, "uvlock": true },
        { "model": "minecraft:block/mossy_stone_brick_stairs_inner4", "x": 180, "y": 180, "uvlock": true },
        { "model": "minecraft:block/mossy_stone_brick_stairs_inner5", "x": 180, "y": 180, "uvlock": true },
        { "model": "minecraft:block/mossy_stone_brick_stairs_inner6", "x": 180, "y": 180, "uvlock": true },
        { "model": "minecraft:block/mossy_stone_brick_stairs_inner7", "x": 180, "y": 180, "uvlock": true },
        { "model": "minecraft:block/mossy_stone_brick_stairs_inner8", "x": 180, "y": 180, "uvlock": true },
        { "model": "minecraft:block/mossy_stone_brick_stairs_inner9", "x": 180, "y": 180, "uvlock": true },
        { "model": "minecraft:block/mossy_stone_brick_stairs_inner10", "x": 180, "y": 180, "uvlock": true },
        { "model": "minecraft:block/mossy_stone_brick_stairs_inner11", "x": 180, "y": 180, "uvlock": true },
        { "model": "minecraft:block/mossy_stone_brick_stairs_inner12", "x": 180, "y": 180, "uvlock": true },
        { "model": "minecraft:block/mossy_stone_brick_stairs_inner13", "x": 180, "y": 180, "uvlock": true },
        { "model": "minecraft:block/mossy_stone_brick_stairs_inner14", "x": 180, "y": 180, "uvlock": true }
        ],
        "facing=north,half=top,shape=inner_right": [
        { "model": "minecraft:block/mossy_stone_brick_stairs_inner", "x": 180, "uvlock": true },
        { "model": "minecraft:block/mossy_stone_brick_stairs_inner1", "x": 180, "uvlock": true },
        { "model": "minecraft:block/mossy_stone_brick_stairs_inner2", "x": 180, "uvlock": true },
        { "model": "minecraft:block/mossy_stone_brick_stairs_inner3", "x": 180, "uvlock": true },
        { "model": "minecraft:block/mossy_stone_brick_stairs_inner4", "x": 180, "uvlock": true },
        { "model": "minecraft:block/mossy_stone_brick_stairs_inner5", "x": 180, "uvlock": true },
        { "model": "minecraft:block/mossy_stone_brick_stairs_inner6", "x": 180, "uvlock": true },
        { "model": "minecraft:block/mossy_stone_brick_stairs_inner7", "x": 180, "uvlock": true },
        { "model": "minecraft:block/mossy_stone_brick_stairs_inner8", "x": 180, "uvlock": true },
        { "model": "minecraft:block/mossy_stone_brick_stairs_inner9", "x": 180, "uvlock": true },
        { "model": "minecraft:block/mossy_stone_brick_stairs_inner10", "x": 180, "uvlock": true },
        { "model": "minecraft:block/mossy_stone_brick_stairs_inner11", "x": 180, "uvlock": true },
        { "model": "minecraft:block/mossy_stone_brick_stairs_inner12", "x": 180, "uvlock": true },
        { "model": "minecraft:block/mossy_stone_brick_stairs_inner13", "x": 180, "uvlock": true },
        { "model": "minecraft:block/mossy_stone_brick_stairs_inner14", "x": 180, "uvlock": true }
        ],
        "facing=east,half=top,shape=inner_left": [
        { "model": "minecraft:block/mossy_stone_brick_stairs_inner", "x": 180, "uvlock": true },
        { "model": "minecraft:block/mossy_stone_brick_stairs_inner1", "x": 180, "uvlock": true },
        { "model": "minecraft:block/mossy_stone_brick_stairs_inner2", "x": 180, "uvlock": true },
        { "model": "minecraft:block/mossy_stone_brick_stairs_inner3", "x": 180, "uvlock": true },
        { "model": "minecraft:block/mossy_stone_brick_stairs_inner4", "x": 180, "uvlock": true },
        { "model": "minecraft:block/mossy_stone_brick_stairs_inner5", "x": 180, "uvlock": true },
        { "model": "minecraft:block/mossy_stone_brick_stairs_inner6", "x": 180, "uvlock": true },
        { "model": "minecraft:block/mossy_stone_brick_stairs_inner7", "x": 180, "uvlock": true },
        { "model": "minecraft:block/mossy_stone_brick_stairs_inner8", "x": 180, "uvlock": true },
        { "model": "minecraft:block/mossy_stone_brick_stairs_inner9", "x": 180, "uvlock": true },
        { "model": "minecraft:block/mossy_stone_brick_stairs_inner10", "x": 180, "uvlock": true },
        { "model": "minecraft:block/mossy_stone_brick_stairs_inner11", "x": 180, "uvlock": true },
        { "model": "minecraft:block/mossy_stone_brick_stairs_inner12", "x": 180, "uvlock": true },
        { "model": "minecraft:block/mossy_stone_brick_stairs_inner13", "x": 180, "uvlock": true },
        { "model": "minecraft:block/mossy_stone_brick_stairs_inner14", "x": 180, "uvlock": true }
        ],
        "facing=west,half=top,shape=inner_left": [
        { "model": "minecraft:block/mossy_stone_brick_stairs_inner", "x": 180, "y": 180, "uvlock": true },
        { "model": "minecraft:block/mossy_stone_brick_stairs_inner1", "x": 180, "y": 180, "uvlock": true },
        { "model": "minecraft:block/mossy_stone_brick_stairs_inner2", "x": 180, "y": 180, "uvlock": true },
        { "model": "minecraft:block/mossy_stone_brick_stairs_inner3", "x": 180, "y": 180, "uvlock": true },
        { "model": "minecraft:block/mossy_stone_brick_stairs_inner4", "x": 180, "y": 180, "uvlock": true },
        { "model": "minecraft:block/mossy_stone_brick_stairs_inner5", "x": 180, "y": 180, "uvlock": true },
        { "model": "minecraft:block/mossy_stone_brick_stairs_inner6", "x": 180, "y": 180, "uvlock": true },
        { "model": "minecraft:block/mossy_stone_brick_stairs_inner7", "x": 180, "y": 180, "uvlock": true },
        { "model": "minecraft:block/mossy_stone_brick_stairs_inner8", "x": 180, "y": 180, "uvlock": true },
        { "model": "minecraft:block/mossy_stone_brick_stairs_inner9", "x": 180, "y": 180, "uvlock": true },
        { "model": "minecraft:block/mossy_stone_brick_stairs_inner10", "x": 180, "y": 180, "uvlock": true },
        { "model": "minecraft:block/mossy_stone_brick_stairs_inner11", "x": 180, "y": 180, "uvlock": true },
        { "model": "minecraft:block/mossy_stone_brick_stairs_inner12", "x": 180, "y": 180, "uvlock": true },
        { "model": "minecraft:block/mossy_stone_brick_stairs_inner13", "x": 180, "y": 180, "uvlock": true },
        { "model": "minecraft:block/mossy_stone_brick_stairs_inner14", "x": 180, "y": 180, "uvlock": true }
        ],
        "facing=south,half=top,shape=inner_left": [
        { "model": "minecraft:block/mossy_stone_brick_stairs_inner", "x": 180, "y": 90, "uvlock": true },
        { "model": "minecraft:block/mossy_stone_brick_stairs_inner1", "x": 180, "y": 90, "uvlock": true },
        { "model": "minecraft:block/mossy_stone_brick_stairs_inner2", "x": 180, "y": 90, "uvlock": true },
        { "model": "minecraft:block/mossy_stone_brick_stairs_inner3", "x": 180, "y": 90, "uvlock": true },
        { "model": "minecraft:block/mossy_stone_brick_stairs_inner4", "x": 180, "y": 90, "uvlock": true },
        { "model": "minecraft:block/mossy_stone_brick_stairs_inner5", "x": 180, "y": 90, "uvlock": true },
        { "model": "minecraft:block/mossy_stone_brick_stairs_inner6", "x": 180, "y": 90, "uvlock": true },
        { "model": "minecraft:block/mossy_stone_brick_stairs_inner7", "x": 180, "y": 90, "uvlock": true },
        { "model": "minecraft:block/mossy_stone_brick_stairs_inner8", "x": 180, "y": 90, "uvlock": true },
        { "model": "minecraft:block/mossy_stone_brick_stairs_inner9", "x": 180, "y": 90, "uvlock": true },
        { "model": "minecraft:block/mossy_stone_brick_stairs_inner10", "x": 180, "y": 90, "uvlock": true },
        { "model": "minecraft:block/mossy_stone_brick_stairs_inner11", "x": 180, "y": 90, "uvlock": true },
        { "model": "minecraft:block/mossy_stone_brick_stairs_inner12", "x": 180, "y": 90, "uvlock": true },
        { "model": "minecraft:block/mossy_stone_brick_stairs_inner13", "x": 180, "y": 90, "uvlock": true },
        { "model": "minecraft:block/mossy_stone_brick_stairs_inner14", "x": 180, "y": 90, "uvlock": true }
        ],
        "facing=north,half=top,shape=inner_left": [
        { "model": "minecraft:block/mossy_stone_brick_stairs_inner", "x": 180, "y": 270, "uvlock": true },
        { "model": "minecraft:block/mossy_stone_brick_stairs_inner1", "x": 180, "y": 270, "uvlock": true },
        { "model": "minecraft:block/mossy_stone_brick_stairs_inner2", "x": 180, "y": 270, "uvlock": true },
        { "model": "minecraft:block/mossy_stone_brick_stairs_inner3", "x": 180, "y": 270, "uvlock": true },
        { "model": "minecraft:block/mossy_stone_brick_stairs_inner4", "x": 180, "y": 270, "uvlock": true },
        { "model": "minecraft:block/mossy_stone_brick_stairs_inner5", "x": 180, "y": 270, "uvlock": true },
        { "model": "minecraft:block/mossy_stone_brick_stairs_inner6", "x": 180, "y": 270, "uvlock": true },
        { "model": "minecraft:block/mossy_stone_brick_stairs_inner7", "x": 180, "y": 270, "uvlock": true },
        { "model": "minecraft:block/mossy_stone_brick_stairs_inner8", "x": 180, "y": 270, "uvlock": true },
        { "model": "minecraft:block/mossy_stone_brick_stairs_inner9", "x": 180, "y": 270, "uvlock": true },
        { "model": "minecraft:block/mossy_stone_brick_stairs_inner10", "x": 180, "y": 270, "uvlock": true },
        { "model": "minecraft:block/mossy_stone_brick_stairs_inner11", "x": 180, "y": 270, "uvlock": true },
        { "model": "minecraft:block/mossy_stone_brick_stairs_inner12", "x": 180, "y": 270, "uvlock": true },
        { "model": "minecraft:block/mossy_stone_brick_stairs_inner13", "x": 180, "y": 270, "uvlock": true },
        { "model": "minecraft:block/mossy_stone_brick_stairs_inner14", "x": 180, "y": 270, "uvlock": true }
        ]
    }
}
