{
    "__comment": "JimStoneCraft - 2020",
    "variants": {
        "": [
            { "model": "minecraft:block/mossy_cobblestone", "weight": 20 },
            { "model": "minecraft:block/mossy_cobblestone1", "weight": 15 },
            { "model": "minecraft:block/mossy_cobblestone2", "weight": 15 },
            { "model": "minecraft:block/mossy_cobblestone3", "weight": 15 },
            { "model": "minecraft:block/mossy_cobblestone4", "weight": 25 },
            { "model": "minecraft:block/mossy_cobblestone5", "weight": 4 },
            { "model": "minecraft:block/mossy_cobblestone6", "weight": 3 },
            { "model": "minecraft:block/mossy_cobblestone7", "weight": 3 }
        ]
    }
}
