{
    "__comment": "JimStoneCraft - 2020",
    "variants": {
        "type=bottom": [
            { "model": "minecraft:block/mossy_cobblestone_slab" },
            { "model": "minecraft:block/mossy_cobblestone_slab1" },
            { "model": "minecraft:block/mossy_cobblestone_slab2" },
            { "model": "minecraft:block/mossy_cobblestone_slab3" },
            { "model": "minecraft:block/mossy_cobblestone_slab4" },
            { "model": "minecraft:block/mossy_cobblestone_slab5" },
            { "model": "minecraft:block/mossy_cobblestone_slab6" },
            { "model": "minecraft:block/mossy_cobblestone_slab7" }
        ],
        "type=top": [
            { "model": "minecraft:block/mossy_cobblestone_slab_top" },
            { "model": "minecraft:block/mossy_cobblestone_slab_top1" },
            { "model": "minecraft:block/mossy_cobblestone_slab_top2" },
            { "model": "minecraft:block/mossy_cobblestone_slab_top3" },
            { "model": "minecraft:block/mossy_cobblestone_slab_top4" },
            { "model": "minecraft:block/mossy_cobblestone_slab_top5" },
            { "model": "minecraft:block/mossy_cobblestone_slab_top6" },
            { "model": "minecraft:block/mossy_cobblestone_slab_top7" }
        ],
        "type=double": [
            { "model": "minecraft:block/mossy_cobblestone" },
            { "model": "minecraft:block/mossy_cobblestone1" },
            { "model": "minecraft:block/mossy_cobblestone2" },
            { "model": "minecraft:block/mossy_cobblestone3" },
            { "model": "minecraft:block/mossy_cobblestone4" },
            { "model": "minecraft:block/mossy_cobblestone5" },
            { "model": "minecraft:block/mossy_cobblestone6" },
            { "model": "minecraft:block/mossy_cobblestone7" }
        ]
    }
}
