{
    "__comment": "JimStoneCraft - 2020",
    "multipart": [
        {   "when": { "up": "true" },
            "apply": [
            { "model": "minecraft:block/mossy_stone_brick_wall_post" },
            { "model": "minecraft:block/mossy_stone_brick_wall_post1" },
            { "model": "minecraft:block/mossy_stone_brick_wall_post2" },
            { "model": "minecraft:block/mossy_stone_brick_wall_post3" },
            { "model": "minecraft:block/mossy_stone_brick_wall_post4" },
            { "model": "minecraft:block/mossy_stone_brick_wall_post5" },
            { "model": "minecraft:block/mossy_stone_brick_wall_post6" },
            { "model": "minecraft:block/mossy_stone_brick_wall_post7" },
            { "model": "minecraft:block/mossy_stone_brick_wall_post8" },
            { "model": "minecraft:block/mossy_stone_brick_wall_post9" },
            { "model": "minecraft:block/mossy_stone_brick_wall_post10" },
            { "model": "minecraft:block/mossy_stone_brick_wall_post11" },
            { "model": "minecraft:block/mossy_stone_brick_wall_post12" },
            { "model": "minecraft:block/mossy_stone_brick_wall_post13" },
            { "model": "minecraft:block/mossy_stone_brick_wall_post14" }
            ]
        },
        {   "when": { "north": "low" },
            "apply": [
            { "model": "minecraft:block/mossy_stone_brick_wall_side", "uvlock": true },
            { "model": "minecraft:block/mossy_stone_brick_wall_side1", "uvlock": true },
            { "model": "minecraft:block/mossy_stone_brick_wall_side2", "uvlock": true },
            { "model": "minecraft:block/mossy_stone_brick_wall_side3", "uvlock": true },
            { "model": "minecraft:block/mossy_stone_brick_wall_side4", "uvlock": true },
            { "model": "minecraft:block/mossy_stone_brick_wall_side5", "uvlock": true },
            { "model": "minecraft:block/mossy_stone_brick_wall_side6", "uvlock": true },
            { "model": "minecraft:block/mossy_stone_brick_wall_side7", "uvlock": true },
            { "model": "minecraft:block/mossy_stone_brick_wall_side8", "uvlock": true },
            { "model": "minecraft:block/mossy_stone_brick_wall_side9", "uvlock": true },
            { "model": "minecraft:block/mossy_stone_brick_wall_side10", "uvlock": true },
            { "model": "minecraft:block/mossy_stone_brick_wall_side11", "uvlock": true },
            { "model": "minecraft:block/mossy_stone_brick_wall_side12", "uvlock": true },
            { "model": "minecraft:block/mossy_stone_brick_wall_side13", "uvlock": true },
            { "model": "minecraft:block/mossy_stone_brick_wall_side14", "uvlock": true }
            ]
        },
        {   "when": { "east": "low" },
            "apply": [
            { "model": "minecraft:block/mossy_stone_brick_wall_side", "y": 90, "uvlock": true },
            { "model": "minecraft:block/mossy_stone_brick_wall_side1", "y": 90, "uvlock": true },
            { "model": "minecraft:block/mossy_stone_brick_wall_side2", "y": 90, "uvlock": true },
            { "model": "minecraft:block/mossy_stone_brick_wall_side3", "y": 90, "uvlock": true },
            { "model": "minecraft:block/mossy_stone_brick_wall_side4", "y": 90, "uvlock": true },
            { "model": "minecraft:block/mossy_stone_brick_wall_side5", "y": 90, "uvlock": true },
            { "model": "minecraft:block/mossy_stone_brick_wall_side6", "y": 90, "uvlock": true },
            { "model": "minecraft:block/mossy_stone_brick_wall_side7", "y": 90, "uvlock": true },
            { "model": "minecraft:block/mossy_stone_brick_wall_side8", "y": 90, "uvlock": true },
            { "model": "minecraft:block/mossy_stone_brick_wall_side9", "y": 90, "uvlock": true },
            { "model": "minecraft:block/mossy_stone_brick_wall_side10", "y": 90, "uvlock": true },
            { "model": "minecraft:block/mossy_stone_brick_wall_side11", "y": 90, "uvlock": true },
            { "model": "minecraft:block/mossy_stone_brick_wall_side12", "y": 90, "uvlock": true },
            { "model": "minecraft:block/mossy_stone_brick_wall_side13", "y": 90, "uvlock": true },
            { "model": "minecraft:block/mossy_stone_brick_wall_side14", "y": 90, "uvlock": true }
            ]
        },
        {   "when": { "south": "low" },
            "apply": [
            { "model": "minecraft:block/mossy_stone_brick_wall_side", "y": 180, "uvlock": true },
            { "model": "minecraft:block/mossy_stone_brick_wall_side1", "y": 180, "uvlock": true },
            { "model": "minecraft:block/mossy_stone_brick_wall_side2", "y": 180, "uvlock": true },
            { "model": "minecraft:block/mossy_stone_brick_wall_side3", "y": 180, "uvlock": true },
            { "model": "minecraft:block/mossy_stone_brick_wall_side4", "y": 180, "uvlock": true },
            { "model": "minecraft:block/mossy_stone_brick_wall_side5", "y": 180, "uvlock": true },
            { "model": "minecraft:block/mossy_stone_brick_wall_side6", "y": 180, "uvlock": true },
            { "model": "minecraft:block/mossy_stone_brick_wall_side7", "y": 180, "uvlock": true },
            { "model": "minecraft:block/mossy_stone_brick_wall_side8", "y": 180, "uvlock": true },
            { "model": "minecraft:block/mossy_stone_brick_wall_side9", "y": 180, "uvlock": true },
            { "model": "minecraft:block/mossy_stone_brick_wall_side10", "y": 180, "uvlock": true },
            { "model": "minecraft:block/mossy_stone_brick_wall_side11", "y": 180, "uvlock": true },
            { "model": "minecraft:block/mossy_stone_brick_wall_side12", "y": 180, "uvlock": true },
            { "model": "minecraft:block/mossy_stone_brick_wall_side13", "y": 180, "uvlock": true },
            { "model": "minecraft:block/mossy_stone_brick_wall_side14", "y": 180, "uvlock": true }
            ]
        },
        {   "when": { "west": "low" },
            "apply": [
            { "model": "minecraft:block/mossy_stone_brick_wall_side", "y": 270, "uvlock": true },
            { "model": "minecraft:block/mossy_stone_brick_wall_side1", "y": 270, "uvlock": true },
            { "model": "minecraft:block/mossy_stone_brick_wall_side2", "y": 270, "uvlock": true },
            { "model": "minecraft:block/mossy_stone_brick_wall_side3", "y": 270, "uvlock": true },
            { "model": "minecraft:block/mossy_stone_brick_wall_side4", "y": 270, "uvlock": true },
            { "model": "minecraft:block/mossy_stone_brick_wall_side5", "y": 270, "uvlock": true },
            { "model": "minecraft:block/mossy_stone_brick_wall_side6", "y": 270, "uvlock": true },
            { "model": "minecraft:block/mossy_stone_brick_wall_side7", "y": 270, "uvlock": true },
            { "model": "minecraft:block/mossy_stone_brick_wall_side8", "y": 270, "uvlock": true },
            { "model": "minecraft:block/mossy_stone_brick_wall_side9", "y": 270, "uvlock": true },
            { "model": "minecraft:block/mossy_stone_brick_wall_side10", "y": 270, "uvlock": true },
            { "model": "minecraft:block/mossy_stone_brick_wall_side11", "y": 270, "uvlock": true },
            { "model": "minecraft:block/mossy_stone_brick_wall_side12", "y": 270, "uvlock": true },
            { "model": "minecraft:block/mossy_stone_brick_wall_side13", "y": 270, "uvlock": true },
            { "model": "minecraft:block/mossy_stone_brick_wall_side14", "y": 270, "uvlock": true }
            ]
        },
        {   "when": { "north": "tall" },
            "apply": [
            { "model": "minecraft:block/mossy_stone_brick_wall_side_tall", "uvlock": true },
            { "model": "minecraft:block/mossy_stone_brick_wall_side_tall1", "uvlock": true },
            { "model": "minecraft:block/mossy_stone_brick_wall_side_tall2", "uvlock": true },
            { "model": "minecraft:block/mossy_stone_brick_wall_side_tall3", "uvlock": true },
            { "model": "minecraft:block/mossy_stone_brick_wall_side_tall4", "uvlock": true },
            { "model": "minecraft:block/mossy_stone_brick_wall_side_tall5", "uvlock": true },
            { "model": "minecraft:block/mossy_stone_brick_wall_side_tall6", "uvlock": true },
            { "model": "minecraft:block/mossy_stone_brick_wall_side_tall7", "uvlock": true },
            { "model": "minecraft:block/mossy_stone_brick_wall_side_tall8", "uvlock": true },
            { "model": "minecraft:block/mossy_stone_brick_wall_side_tall9", "uvlock": true },
            { "model": "minecraft:block/mossy_stone_brick_wall_side_tall10", "uvlock": true },
            { "model": "minecraft:block/mossy_stone_brick_wall_side_tall11", "uvlock": true },
            { "model": "minecraft:block/mossy_stone_brick_wall_side_tall12", "uvlock": true },
            { "model": "minecraft:block/mossy_stone_brick_wall_side_tall13", "uvlock": true },
            { "model": "minecraft:block/mossy_stone_brick_wall_side_tall14", "uvlock": true }
            ]
        },
        {   "when": { "east": "tall" },
            "apply": [
            { "model": "minecraft:block/mossy_stone_brick_wall_side_tall", "y": 90, "uvlock": true },
            { "model": "minecraft:block/mossy_stone_brick_wall_side_tall1", "y": 90, "uvlock": true },
            { "model": "minecraft:block/mossy_stone_brick_wall_side_tall2", "y": 90, "uvlock": true },
            { "model": "minecraft:block/mossy_stone_brick_wall_side_tall3", "y": 90, "uvlock": true },
            { "model": "minecraft:block/mossy_stone_brick_wall_side_tall4", "y": 90, "uvlock": true },
            { "model": "minecraft:block/mossy_stone_brick_wall_side_tall5", "y": 90, "uvlock": true },
            { "model": "minecraft:block/mossy_stone_brick_wall_side_tall6", "y": 90, "uvlock": true },
            { "model": "minecraft:block/mossy_stone_brick_wall_side_tall7", "y": 90, "uvlock": true },
            { "model": "minecraft:block/mossy_stone_brick_wall_side_tall8", "y": 90, "uvlock": true },
            { "model": "minecraft:block/mossy_stone_brick_wall_side_tall9", "y": 90, "uvlock": true },
            { "model": "minecraft:block/mossy_stone_brick_wall_side_tall10", "y": 90, "uvlock": true },
            { "model": "minecraft:block/mossy_stone_brick_wall_side_tall11", "y": 90, "uvlock": true },
            { "model": "minecraft:block/mossy_stone_brick_wall_side_tall12", "y": 90, "uvlock": true },
            { "model": "minecraft:block/mossy_stone_brick_wall_side_tall13", "y": 90, "uvlock": true },
            { "model": "minecraft:block/mossy_stone_brick_wall_side_tall14", "y": 90, "uvlock": true }
            ]
        },
        {   "when": { "south": "tall" },
            "apply": [
            { "model": "minecraft:block/mossy_stone_brick_wall_side_tall", "y": 180, "uvlock": true },
            { "model": "minecraft:block/mossy_stone_brick_wall_side_tall1", "y": 180, "uvlock": true },
            { "model": "minecraft:block/mossy_stone_brick_wall_side_tall2", "y": 180, "uvlock": true },
            { "model": "minecraft:block/mossy_stone_brick_wall_side_tall3", "y": 180, "uvlock": true },
            { "model": "minecraft:block/mossy_stone_brick_wall_side_tall4", "y": 180, "uvlock": true },
            { "model": "minecraft:block/mossy_stone_brick_wall_side_tall5", "y": 180, "uvlock": true },
            { "model": "minecraft:block/mossy_stone_brick_wall_side_tall6", "y": 180, "uvlock": true },
            { "model": "minecraft:block/mossy_stone_brick_wall_side_tall7", "y": 180, "uvlock": true },
            { "model": "minecraft:block/mossy_stone_brick_wall_side_tall8", "y": 180, "uvlock": true },
            { "model": "minecraft:block/mossy_stone_brick_wall_side_tall9", "y": 180, "uvlock": true },
            { "model": "minecraft:block/mossy_stone_brick_wall_side_tall10", "y": 180, "uvlock": true },
            { "model": "minecraft:block/mossy_stone_brick_wall_side_tall11", "y": 180, "uvlock": true },
            { "model": "minecraft:block/mossy_stone_brick_wall_side_tall12", "y": 180, "uvlock": true },
            { "model": "minecraft:block/mossy_stone_brick_wall_side_tall13", "y": 180, "uvlock": true },
            { "model": "minecraft:block/mossy_stone_brick_wall_side_tall14", "y": 180, "uvlock": true }
            ]
        },
        {   "when": { "west": "tall" },
            "apply": [
            { "model": "minecraft:block/mossy_stone_brick_wall_side_tall", "y": 270, "uvlock": true },
            { "model": "minecraft:block/mossy_stone_brick_wall_side_tall1", "y": 270, "uvlock": true },
            { "model": "minecraft:block/mossy_stone_brick_wall_side_tall2", "y": 270, "uvlock": true },
            { "model": "minecraft:block/mossy_stone_brick_wall_side_tall3", "y": 270, "uvlock": true },
            { "model": "minecraft:block/mossy_stone_brick_wall_side_tall4", "y": 270, "uvlock": true },
            { "model": "minecraft:block/mossy_stone_brick_wall_side_tall5", "y": 270, "uvlock": true },
            { "model": "minecraft:block/mossy_stone_brick_wall_side_tall6", "y": 270, "uvlock": true },
            { "model": "minecraft:block/mossy_stone_brick_wall_side_tall7", "y": 270, "uvlock": true },
            { "model": "minecraft:block/mossy_stone_brick_wall_side_tall8", "y": 270, "uvlock": true },
            { "model": "minecraft:block/mossy_stone_brick_wall_side_tall9", "y": 270, "uvlock": true },
            { "model": "minecraft:block/mossy_stone_brick_wall_side_tall10", "y": 270, "uvlock": true },
            { "model": "minecraft:block/mossy_stone_brick_wall_side_tall11", "y": 270, "uvlock": true },
            { "model": "minecraft:block/mossy_stone_brick_wall_side_tall12", "y": 270, "uvlock": true },
            { "model": "minecraft:block/mossy_stone_brick_wall_side_tall13", "y": 270, "uvlock": true },
            { "model": "minecraft:block/mossy_stone_brick_wall_side_tall14", "y": 270, "uvlock": true }
            ]
        }
    ]
}
