{
    "__comment": "JimStoneCraft - 2020",
    "variants": {
        "type=bottom": [
            { "model": "minecraft:block/polished_blackstone_brick_slab" },
            { "model": "minecraft:block/polished_blackstone_brick_slab1" },
            { "model": "minecraft:block/polished_blackstone_brick_slab2" },
            { "model": "minecraft:block/polished_blackstone_brick_slab3" },
            { "model": "minecraft:block/polished_blackstone_brick_slab4" },
            { "model": "minecraft:block/polished_blackstone_brick_slab5" },
            { "model": "minecraft:block/polished_blackstone_brick_slab6" },
            { "model": "minecraft:block/polished_blackstone_brick_slab7" },
            { "model": "minecraft:block/polished_blackstone_brick_slab8" }
        ],
        "type=top": [
            { "model": "minecraft:block/polished_blackstone_brick_slab_top" },
            { "model": "minecraft:block/polished_blackstone_brick_slab_top1" },
            { "model": "minecraft:block/polished_blackstone_brick_slab_top2" },
            { "model": "minecraft:block/polished_blackstone_brick_slab_top3" },
            { "model": "minecraft:block/polished_blackstone_brick_slab_top4" },
            { "model": "minecraft:block/polished_blackstone_brick_slab_top5" },
            { "model": "minecraft:block/polished_blackstone_brick_slab_top6" },
            { "model": "minecraft:block/polished_blackstone_brick_slab_top7" },
            { "model": "minecraft:block/polished_blackstone_brick_slab_top8" }
        ],
        "type=double": [
            { "model": "minecraft:block/polished_blackstone_bricks" },
            { "model": "minecraft:block/polished_blackstone_bricks1" },
            { "model": "minecraft:block/polished_blackstone_bricks2" },
            { "model": "minecraft:block/polished_blackstone_bricks3" },
            { "model": "minecraft:block/polished_blackstone_bricks4" },
            { "model": "minecraft:block/polished_blackstone_bricks5" },
            { "model": "minecraft:block/polished_blackstone_bricks6" },
            { "model": "minecraft:block/polished_blackstone_bricks7" },
            { "model": "minecraft:block/polished_blackstone_bricks8" }
        ]
    }
}
