{
	"credit": "Made by Nathantjuhh",
	"textures": {
		"0": "block/orange_terracotta",
		"1": "block/stone_slab_top",
		"particle": "block/orange_terracotta"
	},
	"elements": [
		{
			"from": [6, 1, 6],
			"to": [10, 15, 10],
			"faces": {
				"north": {"uv": [0, 0, 4, 14], "texture": "#0"},
				"east": {"uv": [0, 0, 4, 14], "texture": "#0"},
				"south": {"uv": [0, 0, 4, 14], "texture": "#0"},
				"west": {"uv": [0, 0, 4, 14], "texture": "#0"},
				"up": {"uv": [0, 0, 4, 4], "texture": "#0"},
				"down": {"uv": [0, 0, 4, 4], "texture": "#0"}
			}
		},
		{
			"from": [6, -1.05812, 2.80584],
			"to": [10, 14.44188, 8.05584],
			"rotation": {"angle": 22.5, "axis": "x", "origin": [8, 6.69188, 5.80584]},
			"faces": {
				"north": {"uv": [0, 0, 4, 15.5], "texture": "#0"},
				"east": {"uv": [0, 0, 5.25, 15.5], "texture": "#0"},
				"south": {"uv": [0, 0, 4, 15.5], "texture": "#0"},
				"west": {"uv": [0, 0, 5.25, 15.5], "texture": "#0"},
				"up": {"uv": [0, 0, 4, 5.25], "texture": "#0"},
				"down": {"uv": [0, 0, 4, 5.25], "texture": "#0"}
			}
		},
		{
			"from": [6, -1.05812, 7.94416],
			"to": [10, 14.44188, 13.19416],
			"rotation": {"angle": -22.5, "axis": "x", "origin": [8, 6.69188, 10.19416]},
			"faces": {
				"north": {"uv": [0, 0, 4, 15.5], "texture": "#0"},
				"east": {"uv": [0, 0, 5.25, 15.5], "texture": "#0"},
				"south": {"uv": [0, 0, 4, 15.5], "texture": "#0"},
				"west": {"uv": [0, 0, 5.25, 15.5], "texture": "#0"},
				"up": {"uv": [0, 0, 4, 5.25], "texture": "#0"},
				"down": {"uv": [0, 0, 4, 5.25], "texture": "#0"}
			}
		},
		{
			"from": [3.16898, -0.73252, 6],
			"to": [8.41898, 14.76748, 10],
			"rotation": {"angle": -22.5, "axis": "z", "origin": [5.16898, 7.76748, 8]},
			"faces": {
				"north": {"uv": [0, 0, 5.25, 15.5], "texture": "#0"},
				"east": {"uv": [0, 0, 4, 15.5], "texture": "#0"},
				"south": {"uv": [0, 0, 5.25, 15.5], "texture": "#0"},
				"west": {"uv": [0, 0, 4, 15.5], "texture": "#0"},
				"up": {"uv": [0, 0, 5.25, 4], "texture": "#0"},
				"down": {"uv": [0, 0, 5.25, 4], "texture": "#0"}
			}
		},
		{
			"from": [7.58102, -0.73252, 6],
			"to": [12.83102, 14.76748, 10],
			"rotation": {"angle": 22.5, "axis": "z", "origin": [10.83102, 7.76748, 8]},
			"faces": {
				"north": {"uv": [0, 0, 5.25, 15.5], "texture": "#0"},
				"east": {"uv": [0, 0, 4, 15.5], "texture": "#0"},
				"south": {"uv": [0, 0, 5.25, 15.5], "texture": "#0"},
				"west": {"uv": [0, 0, 4, 15.5], "texture": "#0"},
				"up": {"uv": [0, 0, 5.25, 4], "texture": "#0"},
				"down": {"uv": [0, 0, 5.25, 4], "texture": "#0"}
			}
		},
		{
			"from": [0, 0, 0],
			"to": [16, 1, 16],
			"faces": {
				"north": {"uv": [0, 0, 16, 1], "texture": "#0"},
				"east": {"uv": [0, 0, 16, 1], "texture": "#0"},
				"south": {"uv": [0, 0, 16, 1], "texture": "#0"},
				"west": {"uv": [0, 0, 16, 1], "texture": "#0"},
				"up": {"uv": [0, 0, 16, 16], "texture": "#0"},
				"down": {"uv": [0, 0, 16, 16], "texture": "#0"}
			}
		},
		{
			"from": [5.75, 7.94188, 2.55584],
			"to": [10.25, 10.44188, 8.05584],
			"rotation": {"angle": 22.5, "axis": "x", "origin": [8, 6.69188, 5.80584]},
			"faces": {
				"north": {"uv": [1, 1, 5.5, 3.5], "texture": "#1"},
				"east": {"uv": [1, 1, 5.5, 3.5], "texture": "#1"},
				"south": {"uv": [1, 1, 5.5, 3.5], "texture": "#1"},
				"west": {"uv": [1, 1, 5.5, 3.5], "texture": "#1"},
				"up": {"uv": [1, 1, 5.5, 3.5], "texture": "#1"},
				"down": {"uv": [1, 1, 5.5, 3.5], "texture": "#1"}
			}
		},
		{
			"from": [2.91898, 8.26748, 5.75],
			"to": [8.41898, 10.76748, 10.25],
			"rotation": {"angle": -22.5, "axis": "z", "origin": [5.16898, 7.76748, 8]},
			"faces": {
				"north": {"uv": [1, 1, 5.5, 3.5], "texture": "#1"},
				"east": {"uv": [1, 1, 5.5, 3.5], "texture": "#1"},
				"south": {"uv": [1, 1, 5.5, 3.5], "texture": "#1"},
				"west": {"uv": [1, 1, 5.5, 3.5], "texture": "#1"},
				"up": {"uv": [1, 1, 5.5, 3.5], "texture": "#1"},
				"down": {"uv": [1, 1, 5.5, 3.5], "texture": "#1"}
			}
		},
		{
			"from": [5.75, 7.94188, 7.94416],
			"to": [10.25, 10.44188, 13.44416],
			"rotation": {"angle": -22.5, "axis": "x", "origin": [8, 6.69188, 10.19416]},
			"faces": {
				"north": {"uv": [1, 1, 5.5, 3.5], "texture": "#1"},
				"east": {"uv": [1, 1, 5.5, 3.5], "texture": "#1"},
				"south": {"uv": [1, 1, 5.5, 3.5], "texture": "#1"},
				"west": {"uv": [1, 1, 5.5, 3.5], "texture": "#1"},
				"up": {"uv": [1, 1, 5.5, 3.5], "texture": "#1"},
				"down": {"uv": [1, 1, 5.5, 3.5], "texture": "#1"}
			}
		},
		{
			"from": [7.58102, 8.26748, 5.75],
			"to": [13.08102, 10.76748, 10.25],
			"rotation": {"angle": 22.5, "axis": "z", "origin": [10.83102, 7.76748, 8]},
			"faces": {
				"north": {"uv": [1, 1, 5.5, 3.5], "texture": "#1"},
				"east": {"uv": [1, 1, 5.5, 3.5], "texture": "#1"},
				"south": {"uv": [1, 1, 5.5, 3.5], "texture": "#1"},
				"west": {"uv": [1, 1, 5.5, 3.5], "texture": "#1"},
				"up": {"uv": [1, 1, 5.5, 3.5], "texture": "#1"},
				"down": {"uv": [1, 1, 5.5, 3.5], "texture": "#1"}
			}
		}
	]
}
