{
	"credit": "Made with Blockbench",
	"textures": {
		"0": "custom/overige/4",
		"1": "custom/overige/1",
		"2": "custom/overige/2",
		"3": "custom/overige/3",
		"4": "custom/overige/5",
		"5": "custom/overige/6",
		"6": "blocks/structure_block",
		"texture": "blocks/mushroom_block_skin_red",
		"cap": "blocks/mushroom_block_skin_red",
		"snow": "blocks/snow",
		"iron_block": "blocks/iron_block",
		"DDG": "custom/overige/ash",
		"4_0": "blocks/hardened_clay_stained_light_blue",
		"particle": "blocks/hardened_clay_stained_light_blue",
		"4_1": "blocks/concrete_powder_white",
		"4_2": "blocks/bookshelf"
	},
	"elements": [
		{
			"from": [0, 0, 15],
			"to": [1, 6, 16],
			"faces": {
				"north": {"uv": [0, 0, 1, 6], "texture": "#1"},
				"east": {"uv": [0, 0, 1, 6], "texture": "#1"},
				"south": {"uv": [0, 0, 1, 6], "texture": "#1"},
				"west": {"uv": [0, 0, 1, 6], "texture": "#1"},
				"up": {"uv": [0, 0, 1, 1], "texture": "#1"},
				"down": {"uv": [0, 0, 1, 1], "texture": "#1"}
			}
		},
		{
			"from": [15, 0, 15],
			"to": [16, 6, 16],
			"faces": {
				"north": {"uv": [0, 0, 1, 6], "texture": "#1"},
				"east": {"uv": [0, 0, 1, 6], "texture": "#1"},
				"south": {"uv": [0, 0, 1, 6], "texture": "#1"},
				"west": {"uv": [0, 0, 1, 6], "texture": "#1"},
				"up": {"uv": [0, 0, 1, 1], "texture": "#1"},
				"down": {"uv": [0, 0, 1, 1], "texture": "#1"}
			}
		},
		{
			"from": [15, 0, 0],
			"to": [16, 6, 1],
			"faces": {
				"north": {"uv": [0, 0, 1, 6], "texture": "#1"},
				"east": {"uv": [0, 0, 1, 6], "texture": "#1"},
				"south": {"uv": [0, 0, 1, 6], "texture": "#1"},
				"west": {"uv": [0, 0, 1, 6], "texture": "#1"},
				"up": {"uv": [0, 0, 1, 1], "texture": "#1"},
				"down": {"uv": [0, 0, 1, 1], "texture": "#1"}
			}
		},
		{
			"from": [0, 0, 0],
			"to": [1, 6, 1],
			"faces": {
				"north": {"uv": [0, 0, 1, 6], "texture": "#1"},
				"east": {"uv": [0, 0, 1, 6], "texture": "#1"},
				"south": {"uv": [0, 0, 1, 6], "texture": "#1"},
				"west": {"uv": [0, 0, 1, 6], "texture": "#1"},
				"up": {"uv": [0, 0, 1, 1], "texture": "#1"},
				"down": {"uv": [0, 0, 1, 1], "texture": "#1"}
			}
		},
		{
			"from": [0, 0, 1],
			"to": [16, 6, 15],
			"faces": {
				"north": {"uv": [0, 0, 16, 6], "texture": "#1"},
				"east": {"uv": [0, 0, 14, 6], "texture": "#1"},
				"south": {"uv": [0, 0, 16, 6], "texture": "#1"},
				"west": {"uv": [0, 0, 14, 6], "texture": "#1"},
				"up": {"uv": [0, 0, 16, 14], "texture": "#1"},
				"down": {"uv": [0, 0, 16, 14], "texture": "#1"}
			}
		},
		{
			"from": [1, 0, 15],
			"to": [15, 2, 16],
			"faces": {
				"north": {"uv": [0, 0, 14, 2], "texture": "#0"},
				"east": {"uv": [0, 0, 1, 2], "texture": "#0"},
				"south": {"uv": [0, 0, 14, 2], "texture": "#0"},
				"west": {"uv": [0, 0, 1, 2], "texture": "#0"},
				"up": {"uv": [0, 0, 14, 1], "texture": "#0"},
				"down": {"uv": [0, 0, 14, 1], "texture": "#0"}
			}
		},
		{
			"from": [15, 6, 0],
			"to": [16, 29, 16],
			"faces": {
				"north": {"uv": [0, 0, 0.51953, 4.2875], "texture": "#0"},
				"east": {"uv": [0, 0, 16, 16], "texture": "#0"},
				"south": {"uv": [0, 0, 0.51953, 6.94375], "texture": "#0"},
				"west": {"uv": [15.29531, 14.6875, 15.99922, 15.99922], "texture": "#0"},
				"up": {"uv": [0, 0, 1, 16], "texture": "#0"},
				"down": {"uv": [0, 0, 1, 16], "texture": "#0"}
			}
		},
		{
			"from": [1, 2, 15],
			"to": [15, 29, 16],
			"faces": {
				"north": {"uv": [0, 0, 14, 16], "texture": "#1"},
				"east": {"uv": [0, 0, 1, 16], "texture": "#1"},
				"south": {"uv": [0, 0, 14, 16], "texture": "#1"},
				"west": {"uv": [0, 0, 1, 16], "texture": "#1"},
				"up": {"uv": [0, 0, 14, 1], "texture": "#1"},
				"down": {"uv": [0, 0, 14, 1], "texture": "#1"}
			}
		},
		{
			"from": [0, 6, 0],
			"to": [1, 29, 16],
			"faces": {
				"north": {"uv": [0, 0, 0.51953, 3.35938], "texture": "#0"},
				"east": {"uv": [15.4875, 0, 15.99844, 16], "texture": "#0"},
				"south": {"uv": [0, 0, 0.51953, 4.25547], "texture": "#0"},
				"west": {"uv": [0, 0.03186, 15.99908, 15.99969], "texture": "#0"},
				"up": {"uv": [0, 0, 15.975, 16], "texture": "#0"},
				"down": {"uv": [5.43984, 0, 6.56563, 0.95938], "texture": "#0"}
			}
		},
		{
			"from": [0, 29, 0],
			"to": [16, 30, 16],
			"faces": {
				"north": {"uv": [0, 0, 16, 1], "texture": "#1"},
				"east": {"uv": [0, 0, 16, 1], "texture": "#1"},
				"south": {"uv": [0, 0, 16, 1], "texture": "#1"},
				"west": {"uv": [0, 0, 16, 1], "texture": "#1"},
				"up": {"uv": [0, 0, 16, 16], "texture": "#1"},
				"down": {"uv": [0, 0, 16, 16], "texture": "#1"}
			}
		},
		{
			"from": [1, 1, 0],
			"to": [15, 2, 1],
			"faces": {
				"north": {"uv": [0, 0, 14, 1], "texture": "#2"},
				"east": {"uv": [0, 0, 1, 1], "texture": "#2"},
				"south": {"uv": [0, 0, 14, 1], "texture": "#2"},
				"west": {"uv": [0, 0, 1, 1], "texture": "#2"},
				"up": {"uv": [0, 0, 14, 1], "texture": "#2"},
				"down": {"uv": [0, 0, 14, 1], "texture": "#2"}
			}
		},
		{
			"from": [1, 6, 0],
			"to": [15, 7, 2],
			"faces": {
				"north": {"uv": [0, 0, 14, 1], "texture": "#2"},
				"east": {"uv": [0, 0, 2, 1], "texture": "#2"},
				"south": {"uv": [0, 0, 14, 1], "texture": "#2"},
				"west": {"uv": [0, 0, 2, 1], "texture": "#2"},
				"up": {"uv": [0, 0, 14, 2], "texture": "#2"},
				"down": {"uv": [0, 0, 14, 2], "texture": "#2"}
			}
		},
		{
			"from": [6, 4, 0],
			"to": [14, 4.5, 1],
			"faces": {
				"north": {"uv": [0, 0, 8, 0.5], "texture": "#3"},
				"east": {"uv": [0, 0, 1, 0.5], "texture": "#3"},
				"south": {"uv": [0, 0, 8, 0.5], "texture": "#3"},
				"west": {"uv": [0, 0, 1, 0.5], "texture": "#3"},
				"up": {"uv": [0, 0, 8, 1], "texture": "#3"},
				"down": {"uv": [0, 0, 8, 1], "texture": "#3"}
			}
		},
		{
			"from": [6, 2.5, 0],
			"to": [14, 3, 1],
			"faces": {
				"north": {"uv": [0, 0, 8, 0.5], "texture": "#3"},
				"east": {"uv": [0, 0, 1, 0.5], "texture": "#3"},
				"south": {"uv": [0, 0, 8, 0.5], "texture": "#3"},
				"west": {"uv": [0, 0, 1, 0.5], "texture": "#3"},
				"up": {"uv": [0, 0, 8, 1], "texture": "#3"},
				"down": {"uv": [0, 0, 8, 1], "texture": "#3"}
			}
		},
		{
			"from": [13.5, 3, 0],
			"to": [14, 4, 1],
			"faces": {
				"north": {"uv": [0, 0, 0.5, 1], "texture": "#3"},
				"east": {"uv": [0, 0, 1, 1], "texture": "#3"},
				"south": {"uv": [0, 0, 0.5, 1], "texture": "#3"},
				"west": {"uv": [0, 0, 1, 1], "texture": "#3"},
				"up": {"uv": [0, 0, 0.5, 1], "texture": "#3"},
				"down": {"uv": [0, 0, 0.5, 1], "texture": "#3"}
			}
		},
		{
			"from": [6, 3, 0],
			"to": [6.5, 4, 1],
			"faces": {
				"north": {"uv": [0, 0, 0.5, 1], "texture": "#3"},
				"east": {"uv": [0, 0, 1, 1], "texture": "#3"},
				"south": {"uv": [0, 0, 0.5, 1], "texture": "#3"},
				"west": {"uv": [0, 0, 1, 1], "texture": "#3"},
				"up": {"uv": [0, 0, 0.5, 1], "texture": "#3"},
				"down": {"uv": [0, 0, 0.5, 1], "texture": "#3"}
			}
		},
		{
			"from": [6, 6, 1.25],
			"to": [15, 9, 14],
			"faces": {
				"north": {"uv": [0, 0, 9, 3], "texture": "#3"},
				"east": {"uv": [0, 0, 12.75, 3], "texture": "#3"},
				"south": {"uv": [0, 0, 9, 3], "texture": "#3"},
				"west": {"uv": [0, 0, 12.75, 3], "texture": "#3"},
				"up": {"uv": [0, 0, 9, 12.75], "texture": "#3"},
				"down": {"uv": [0, 0, 9, 12.75], "texture": "#3"}
			}
		},
		{
			"from": [1, 7, 0.75],
			"to": [6, 29, 15],
			"faces": {
				"north": {"uv": [0, 0, 5, 16], "texture": "#3"},
				"east": {"uv": [0, 0, 14.25, 16], "texture": "#3"},
				"south": {"uv": [0, 0, 5, 16], "texture": "#3"},
				"west": {"uv": [0, 0, 14.25, 16], "texture": "#3"},
				"up": {"uv": [0, 0, 5, 14.25], "texture": "#3"},
				"down": {"uv": [0, 0, 5, 14.25], "texture": "#3"}
			}
		},
		{
			"from": [6, 18, 0.75],
			"to": [15, 18.5, 14.75],
			"faces": {
				"north": {"uv": [0, 0, 9, 0.5], "texture": "#3"},
				"east": {"uv": [0, 0, 14, 0.5], "texture": "#3"},
				"south": {"uv": [0, 0, 9, 0.5], "texture": "#3"},
				"west": {"uv": [0, 0, 14, 0.5], "texture": "#3"},
				"up": {"uv": [0, 0, 9, 14], "texture": "#3"},
				"down": {"uv": [0, 0, 9, 14], "texture": "#3"}
			}
		},
		{
			"from": [1.5, 21.25, 0.5],
			"to": [1.75, 22.25, 0.75],
			"faces": {
				"north": {"uv": [0, 0, 0.25, 1], "texture": "#4"},
				"east": {"uv": [0, 0, 0.25, 1], "texture": "#4"},
				"south": {"uv": [0, 0, 0.25, 1], "texture": "#4"},
				"west": {"uv": [0, 0, 0.25, 1], "texture": "#4"},
				"up": {"uv": [0, 0, 0.25, 0.25], "texture": "#4"},
				"down": {"uv": [0, 0, 0.25, 0.25], "texture": "#4"}
			}
		},
		{
			"from": [2.2, 17.05, 0.5],
			"to": [2.45, 17.65, 0.75],
			"rotation": {"angle": 0, "axis": "y", "origin": [8, 3.4, 8]},
			"faces": {
				"north": {"uv": [0, 0, 0.25, 1], "texture": "#4"},
				"east": {"uv": [0, 0, 0.25, 1], "texture": "#4"},
				"south": {"uv": [0, 0, 0.25, 1], "texture": "#4"},
				"west": {"uv": [0, 0, 0.25, 1], "texture": "#4"},
				"up": {"uv": [0, 0, 0.25, 0.25], "texture": "#4"},
				"down": {"uv": [0, 0, 0.25, 0.25], "texture": "#4"}
			}
		},
		{
			"from": [4, 21.25, 0.5],
			"to": [4.25, 22.25, 0.75],
			"faces": {
				"north": {"uv": [0, 0, 0.25, 1], "texture": "#4"},
				"east": {"uv": [0, 0, 0.25, 1], "texture": "#4"},
				"south": {"uv": [0, 0, 0.25, 1], "texture": "#4"},
				"west": {"uv": [0, 0, 0.25, 1], "texture": "#4"},
				"up": {"uv": [0, 0, 0.25, 0.25], "texture": "#4"},
				"down": {"uv": [0, 0, 0.25, 0.25], "texture": "#4"}
			}
		},
		{
			"from": [4, 17.05, 0.5],
			"to": [4.25, 17.65, 0.75],
			"rotation": {"angle": 0, "axis": "y", "origin": [8, 3.4, 8]},
			"faces": {
				"north": {"uv": [0, 0, 0.25, 1], "texture": "#4"},
				"east": {"uv": [0, 0, 0.25, 1], "texture": "#4"},
				"south": {"uv": [0, 0, 0.25, 1], "texture": "#4"},
				"west": {"uv": [0, 0, 0.25, 1], "texture": "#4"},
				"up": {"uv": [0, 0, 0.25, 0.25], "texture": "#4"},
				"down": {"uv": [0, 0, 0.25, 0.25], "texture": "#4"}
			}
		},
		{
			"from": [1.5, 22.25, 0.5],
			"to": [4.25, 22.5, 0.75],
			"faces": {
				"north": {"uv": [0, 0, 2.75, 0.25], "texture": "#4"},
				"east": {"uv": [0, 0, 0.25, 0.25], "texture": "#4"},
				"south": {"uv": [0, 0, 2.75, 0.25], "texture": "#4"},
				"west": {"uv": [0, 0, 0.25, 0.25], "texture": "#4"},
				"up": {"uv": [0, 0, 2.75, 0.25], "texture": "#4"},
				"down": {"uv": [0, 0, 2.75, 0.25], "texture": "#4"}
			}
		},
		{
			"from": [2.2, 17.65, 0.5],
			"to": [4.25, 17.9, 0.75],
			"rotation": {"angle": 0, "axis": "y", "origin": [8, 3.4, 8]},
			"faces": {
				"north": {"uv": [0, 0, 2.75, 0.25], "texture": "#4"},
				"east": {"uv": [0, 0, 0.25, 0.25], "texture": "#4"},
				"south": {"uv": [0, 0, 2.75, 0.25], "texture": "#4"},
				"west": {"uv": [0, 0, 0.25, 0.25], "texture": "#4"},
				"up": {"uv": [0, 0, 2.75, 0.25], "texture": "#4"},
				"down": {"uv": [0, 0, 2.75, 0.25], "texture": "#4"}
			}
		},
		{
			"from": [1.5, 21, 0.5],
			"to": [4.25, 21.25, 0.75],
			"faces": {
				"north": {"uv": [0, 0, 2.75, 0.25], "texture": "#4"},
				"east": {"uv": [0, 0, 0.25, 0.25], "texture": "#4"},
				"south": {"uv": [0, 0, 2.75, 0.25], "texture": "#4"},
				"west": {"uv": [0, 0, 0.25, 0.25], "texture": "#4"},
				"up": {"uv": [0, 0, 2.75, 0.25], "texture": "#4"},
				"down": {"uv": [0, 0, 2.75, 0.25], "texture": "#4"}
			}
		},
		{
			"from": [2.2, 17, 0.5],
			"to": [4.25, 17.25, 0.75],
			"rotation": {"angle": 0, "axis": "y", "origin": [8, 3.4, 8]},
			"faces": {
				"north": {"uv": [0, 0, 2.75, 0.25], "texture": "#4"},
				"east": {"uv": [0, 0, 0.25, 0.25], "texture": "#4"},
				"south": {"uv": [0, 0, 2.75, 0.25], "texture": "#4"},
				"west": {"uv": [0, 0, 0.25, 0.25], "texture": "#4"},
				"up": {"uv": [0, 0, 2.75, 0.25], "texture": "#4"},
				"down": {"uv": [0, 0, 2.75, 0.25], "texture": "#4"}
			}
		},
		{
			"from": [3.75, 20.25, 0.5],
			"to": [4.25, 20.75, 1.5],
			"faces": {
				"north": {"uv": [0.782, 0.344, 2.375, 2.594], "texture": "#5"},
				"east": {"uv": [0, 0, 1, 0.5], "texture": "#5"},
				"south": {"uv": [0, 0, 0.5, 0.5], "texture": "#5"},
				"west": {"uv": [0, 0, 1, 0.5], "texture": "#5"},
				"up": {"uv": [0, 0, 0.5, 1], "texture": "#5"},
				"down": {"uv": [0, 0, 0.5, 1], "texture": "#5"}
			}
		},
		{
			"from": [3, 20.25, 0.5],
			"to": [3.5, 20.75, 1.5],
			"faces": {
				"north": {"uv": [3.563, 0.25, 5.282, 2.625], "texture": "#5"},
				"east": {"uv": [0, 0, 1, 0.5], "texture": "#5"},
				"south": {"uv": [0, 0, 0.5, 0.5], "texture": "#5"},
				"west": {"uv": [0, 0, 1, 0.5], "texture": "#5"},
				"up": {"uv": [0, 0, 0.5, 1], "texture": "#5"},
				"down": {"uv": [0, 0, 0.5, 1], "texture": "#5"}
			}
		},
		{
			"from": [2.25, 20.25, 0.5],
			"to": [2.75, 20.75, 1.5],
			"faces": {
				"north": {"uv": [6.5, 0.219, 8.219, 2.688], "texture": "#5"},
				"east": {"uv": [0, 0, 1, 0.5], "texture": "#5"},
				"south": {"uv": [0, 0, 0.5, 0.5], "texture": "#5"},
				"west": {"uv": [0, 0, 1, 0.5], "texture": "#5"},
				"up": {"uv": [0, 0, 0.5, 1], "texture": "#5"},
				"down": {"uv": [0, 0, 0.5, 1], "texture": "#5"}
			}
		},
		{
			"from": [3, 19.5, 0.5],
			"to": [3.5, 20, 1.5],
			"faces": {
				"north": {"uv": [12.25, 0.219, 13.844, 2.625], "texture": "#5"},
				"east": {"uv": [0, 0, 1, 0.5], "texture": "#5"},
				"south": {"uv": [0, 0, 0.5, 0.5], "texture": "#5"},
				"west": {"uv": [0, 0, 1, 0.5], "texture": "#5"},
				"up": {"uv": [0, 0, 0.5, 1], "texture": "#5"},
				"down": {"uv": [0, 0, 0.5, 1], "texture": "#5"}
			}
		},
		{
			"from": [3.75, 19.5, 0.5],
			"to": [4.25, 20, 1.5],
			"faces": {
				"north": {"uv": [9.344, 0.282, 11, 2.532], "texture": "#5"},
				"east": {"uv": [0, 0, 1, 0.5], "texture": "#5"},
				"south": {"uv": [0, 0, 0.5, 0.5], "texture": "#5"},
				"west": {"uv": [0, 0, 1, 0.5], "texture": "#5"},
				"up": {"uv": [0, 0, 0.5, 1], "texture": "#5"},
				"down": {"uv": [0, 0, 0.5, 1], "texture": "#5"}
			}
		},
		{
			"from": [2.25, 19.5, 0.5],
			"to": [2.75, 20, 1.5],
			"faces": {
				"north": {"uv": [0.782, 3.969, 2.438, 6.188], "texture": "#5"},
				"east": {"uv": [0, 0, 1, 0.5], "texture": "#5"},
				"south": {"uv": [0, 0, 0.5, 0.5], "texture": "#5"},
				"west": {"uv": [0, 0, 1, 0.5], "texture": "#5"},
				"up": {"uv": [0, 0, 0.5, 1], "texture": "#5"},
				"down": {"uv": [0, 0, 0.5, 1], "texture": "#5"}
			}
		},
		{
			"from": [3, 18.75, 0.5],
			"to": [3.5, 19.25, 1.5],
			"faces": {
				"north": {"uv": [6.438, 4, 8.125, 6.282], "texture": "#5"},
				"east": {"uv": [0, 0, 1, 0.5], "texture": "#5"},
				"south": {"uv": [0, 0, 0.5, 0.5], "texture": "#5"},
				"west": {"uv": [0, 0, 1, 0.5], "texture": "#5"},
				"up": {"uv": [0, 0, 0.5, 1], "texture": "#5"},
				"down": {"uv": [0, 0, 0.5, 1], "texture": "#5"}
			}
		},
		{
			"from": [3.75, 18.75, 0.5],
			"to": [4.25, 19.25, 1.5],
			"faces": {
				"north": {"uv": [3.594, 3.938, 5.25, 6.25], "texture": "#5"},
				"east": {"uv": [0, 0, 1, 0.5], "texture": "#5"},
				"south": {"uv": [0, 0, 0.5, 0.5], "texture": "#5"},
				"west": {"uv": [0, 0, 1, 0.5], "texture": "#5"},
				"up": {"uv": [0, 0, 0.5, 1], "texture": "#5"},
				"down": {"uv": [0, 0, 0.5, 1], "texture": "#5"}
			}
		},
		{
			"from": [2.25, 18.75, 0.5],
			"to": [2.75, 19.25, 1.5],
			"faces": {
				"north": {"uv": [9.25, 3.938, 10.907, 6.344], "texture": "#5"},
				"east": {"uv": [0, 0, 1, 0.5], "texture": "#5"},
				"south": {"uv": [0, 0, 0.5, 0.5], "texture": "#5"},
				"west": {"uv": [0, 0, 1, 0.5], "texture": "#5"},
				"up": {"uv": [0, 0, 0.5, 1], "texture": "#5"},
				"down": {"uv": [0, 0, 0.5, 1], "texture": "#5"}
			}
		},
		{
			"from": [2.25, 18.1, 0.5],
			"to": [2.75, 18.6, 1.5],
			"faces": {
				"north": {"uv": [3.438, 6.938, 5.343, 9.406], "texture": "#5"},
				"east": {"uv": [0, 0, 1, 0.5], "texture": "#5"},
				"south": {"uv": [0, 0, 0.5, 0.5], "texture": "#5"},
				"west": {"uv": [0, 0, 1, 0.5], "texture": "#5"},
				"up": {"uv": [0, 0, 0.5, 1], "texture": "#5"},
				"down": {"uv": [0, 0, 0.5, 1], "texture": "#5"}
			}
		},
		{
			"from": [3, 18.1, 0.5],
			"to": [3.5, 18.6, 1.5],
			"faces": {
				"north": {"uv": [0.75, 7.375, 2.469, 9.032], "texture": "#5"},
				"east": {"uv": [0, 0, 1, 0.5], "texture": "#5"},
				"south": {"uv": [0, 0, 0.5, 0.5], "texture": "#5"},
				"west": {"uv": [0, 0, 1, 0.5], "texture": "#5"},
				"up": {"uv": [0, 0, 0.5, 1], "texture": "#5"},
				"down": {"uv": [0, 0, 0.5, 1], "texture": "#5"}
			}
		},
		{
			"from": [3.75, 18.1, 0.5],
			"to": [4.25, 18.6, 1.5],
			"faces": {
				"north": {"uv": [12.094, 3.782, 14.063, 6.344], "texture": "#5"},
				"east": {"uv": [0, 0, 1, 0.5], "texture": "#5"},
				"south": {"uv": [0, 0, 0.5, 0.5], "texture": "#5"},
				"west": {"uv": [0, 0, 1, 0.5], "texture": "#5"},
				"up": {"uv": [0, 0, 0.5, 1], "texture": "#5"},
				"down": {"uv": [0, 0, 0.5, 1], "texture": "#5"}
			}
		},
		{
			"from": [1.75, 21.25, 0.65],
			"to": [4, 22.25, 1.4],
			"faces": {
				"north": {"uv": [0, 0.125, 15.75, 15.875], "texture": "#6"},
				"east": {"uv": [0, 0, 0.75, 1], "texture": "#6"},
				"south": {"uv": [0, 0, 2.25, 1], "texture": "#6"},
				"west": {"uv": [0, 0, 0.75, 1], "texture": "#6"},
				"up": {"uv": [0, 0, 2.25, 0.75], "texture": "#6"},
				"down": {"uv": [0, 0, 2.25, 0.75], "texture": "#6"}
			}
		},
		{
			"from": [1.75, 8.25, 0.5],
			"to": [2, 9, 0.75],
			"faces": {
				"north": {"uv": [0, 0, 0.25, 0.75], "texture": "#4"},
				"east": {"uv": [0, 0, 0.25, 0.75], "texture": "#4"},
				"south": {"uv": [0, 0, 0.25, 0.75], "texture": "#4"},
				"west": {"uv": [0, 0, 0.25, 0.75], "texture": "#4"},
				"up": {"uv": [0, 0, 0.25, 0.25], "texture": "#4"},
				"down": {"uv": [0, 0, 0.25, 0.25], "texture": "#4"}
			}
		},
		{
			"from": [2.75, 8.25, 0.5],
			"to": [3, 9, 0.75],
			"faces": {
				"north": {"uv": [0, 0, 0.25, 0.75], "texture": "#4"},
				"east": {"uv": [0, 0, 0.25, 0.75], "texture": "#4"},
				"south": {"uv": [0, 0, 0.25, 0.75], "texture": "#4"},
				"west": {"uv": [0, 0, 0.25, 0.75], "texture": "#4"},
				"up": {"uv": [0, 0, 0.25, 0.25], "texture": "#4"},
				"down": {"uv": [0, 0, 0.25, 0.25], "texture": "#4"}
			}
		},
		{
			"from": [1.75, 9, 0.5],
			"to": [3, 9.25, 0.75],
			"faces": {
				"north": {"uv": [0, 0, 1.25, 0.25], "texture": "#4"},
				"east": {"uv": [0, 0, 0.25, 0.25], "texture": "#4"},
				"south": {"uv": [0, 0, 1.25, 0.25], "texture": "#4"},
				"west": {"uv": [0, 0, 0.25, 0.25], "texture": "#4"},
				"up": {"uv": [0, 0, 1.25, 0.25], "texture": "#4"},
				"down": {"uv": [0, 0, 1.25, 0.25], "texture": "#4"}
			}
		},
		{
			"from": [1.75, 8, 0.5],
			"to": [3, 8.25, 0.75],
			"faces": {
				"north": {"uv": [0, 0, 1.25, 0.25], "texture": "#4"},
				"east": {"uv": [0, 0, 0.25, 0.25], "texture": "#4"},
				"south": {"uv": [0, 0, 1.25, 0.25], "texture": "#4"},
				"west": {"uv": [0, 0, 0.25, 0.25], "texture": "#4"},
				"up": {"uv": [0, 0, 1.25, 0.25], "texture": "#4"},
				"down": {"uv": [0, 0, 1.25, 0.25], "texture": "#4"}
			}
		},
		{
			"from": [8.83414, 20.71595, 0.87727],
			"to": [13.67959, 20.889, 5.72273],
			"rotation": {"angle": 22.5, "axis": "y", "origin": [25.25686, 19, 8]},
			"faces": {
				"north": {"uv": [0, 9, 16, 16], "texture": "#texture"},
				"east": {"uv": [0, 9, 16, 16], "texture": "#texture"},
				"south": {"uv": [0, 9, 16, 16], "texture": "#texture"},
				"west": {"uv": [0, 9, 16, 16], "texture": "#texture"},
				"up": {"uv": [0, 0, 16, 16], "texture": "#texture"},
				"down": {"uv": [16, 16, 0, 0], "texture": "#texture"}
			}
		},
		{
			"from": [8.83414, 18.53117, -2.02135],
			"to": [13.67959, 18.70422, 0.57443],
			"rotation": {"angle": 22.5, "axis": "y", "origin": [25.25686, 19, 8]},
			"faces": {
				"north": {"uv": [0, 15, 16, 16], "texture": "#cap"},
				"east": {"uv": [16, 15, 16, 16], "texture": "#cap"},
				"south": {"uv": [0, 15, 16, 16], "texture": "#cap"},
				"west": {"uv": [0, 15, 0, 16], "texture": "#cap"},
				"up": {"uv": [0, 0, 16, 0], "texture": "#cap"},
				"down": {"uv": [16, 0, 0, 0], "texture": "#cap"}
			}
		},
		{
			"from": [8.66108, 18.53117, 0.70422],
			"to": [9.00719, 20.78084, 5.89578],
			"rotation": {"angle": 22.5, "axis": "y", "origin": [25.25686, 19, 8]},
			"faces": {
				"north": {"uv": [14.5, 9.5, 15.5, 16], "texture": "#texture"},
				"east": {"uv": [0.5, 9.5, 15.5, 16], "texture": "#texture"},
				"south": {"uv": [0.5, 9.5, 1.5, 16], "texture": "#texture"},
				"west": {"uv": [0.5, 9.5, 15.5, 16], "texture": "#texture"},
				"up": {"uv": [0.5, 0.5, 1.5, 15.5], "texture": "#texture"},
				"down": {"uv": [15.5, 15.5, 14.5, 0.5], "texture": "#texture"}
			}
		},
		{
			"from": [13.50654, 18.53117, 0.70422],
			"to": [13.85264, 20.78084, 5.89578],
			"rotation": {"angle": 22.5, "axis": "y", "origin": [25.25686, 19, 8]},
			"faces": {
				"north": {"uv": [0.5, 9.5, 1.5, 16], "texture": "#texture"},
				"east": {"uv": [0.5, 9.5, 15.5, 16], "texture": "#texture"},
				"south": {"uv": [14.5, 9.5, 15.5, 16], "texture": "#texture"},
				"west": {"uv": [0.5, 9.5, 15.5, 16], "texture": "#texture"},
				"up": {"uv": [14.5, 0.5, 15.5, 15.5], "texture": "#texture"},
				"down": {"uv": [1.5, 15.5, 0.5, 0.5], "texture": "#texture"}
			}
		},
		{
			"from": [9.00719, 18.53117, 0.70422],
			"to": [13.67959, 20.78084, 1.05032],
			"rotation": {"angle": 22.5, "axis": "y", "origin": [25.25686, 19, 8]},
			"faces": {
				"north": {"uv": [1, 9.5, 14.5, 16], "texture": "#texture"},
				"east": {"uv": [14.5, 9.5, 15.5, 16], "texture": "#texture"},
				"south": {"uv": [1.5, 9.5, 15, 16], "texture": "#texture"},
				"up": {"uv": [1.5, 0.5, 15, 1.5], "texture": "#texture"},
				"down": {"uv": [14.5, 1.5, 1, 0.5], "texture": "#texture"}
			}
		},
		{
			"from": [9.00719, 18.53117, 5.54968],
			"to": [10.3916, 20.78084, 5.89578],
			"rotation": {"angle": 22.5, "axis": "y", "origin": [25.25686, 19, 8]},
			"faces": {
				"north": {"uv": [10.5, 9.5, 14.5, 16], "texture": "#missing"},
				"east": {"uv": [0.5, 9.5, 1.5, 16], "texture": "#missing"},
				"south": {"uv": [1.5, 9.5, 5.5, 16], "texture": "#missing"},
				"up": {"uv": [1.5, 14.5, 5.5, 15.5], "texture": "#missing"},
				"down": {"uv": [14.5, 15.5, 10.5, 14.5], "texture": "#missing"}
			}
		},
		{
			"from": [12.12212, 18.53117, 5.54968],
			"to": [13.50654, 20.78084, 5.89578],
			"rotation": {"angle": 22.5, "axis": "y", "origin": [25.25686, 19, 8]},
			"faces": {
				"north": {"uv": [1.5, 9.5, 5.5, 16], "texture": "#missing"},
				"south": {"uv": [10.5, 9.5, 14.5, 16], "texture": "#missing"},
				"west": {"uv": [14.5, 9.5, 15.5, 16], "texture": "#missing"},
				"up": {"uv": [10.5, 14.5, 14.5, 15.5], "texture": "#missing"},
				"down": {"uv": [5.5, 15.5, 1.5, 14.5], "texture": "#missing"}
			}
		},
		{
			"from": [10.3916, 19.39643, 5.72273],
			"to": [12.12212, 20.78084, 5.89578],
			"rotation": {"angle": 22.5, "axis": "y", "origin": [25.25686, 19, 8]},
			"faces": {
				"north": {"uv": [5.5, 9.5, 10.5, 13.5], "texture": "#missing"},
				"south": {"uv": [5.5, 9.5, 10.5, 13.5], "texture": "#missing"},
				"up": {"uv": [5.5, 15, 10.5, 15.5], "texture": "#missing"},
				"down": {"uv": [10.5, 15.5, 5.5, 15], "texture": "#missing"}
			}
		},
		{
			"from": [10.3916, 18.61769, 5.80925],
			"to": [12.12212, 18.9638, 5.83089],
			"rotation": {"angle": 22.5, "axis": "y", "origin": [25.25686, 19, 8]},
			"faces": {
				"north": {"uv": [5.5, 14.75, 10.5, 15.75], "texture": "#snow"},
				"south": {"uv": [5.5, 14.75, 10.5, 15.75], "texture": "#snow"},
				"up": {"uv": [5.5, 15.25, 10.5, 15.3125], "texture": "#snow"},
				"down": {"uv": [10.5, 15.3125, 5.5, 15.25], "texture": "#snow"}
			}
		},
		{
			"from": [10.3916, 19.22338, 5.72273],
			"to": [10.56466, 19.39643, 5.89578],
			"rotation": {"angle": 22.5, "axis": "y", "origin": [25.25686, 19, 8]},
			"faces": {
				"north": {"uv": [10, 13.5, 10.5, 14], "texture": "#missing"},
				"east": {"uv": [0.5, 13.5, 1, 14], "texture": "#missing"},
				"south": {"uv": [5.5, 13.5, 6, 14], "texture": "#missing"},
				"down": {"uv": [10.5, 15.5, 10, 15], "texture": "#missing"}
			}
		},
		{
			"from": [11.94907, 19.22338, 5.72273],
			"to": [12.12212, 19.39643, 5.89578],
			"rotation": {"angle": 22.5, "axis": "y", "origin": [25.25686, 19, 8]},
			"faces": {
				"north": {"uv": [5.5, 13.5, 6, 14], "texture": "#missing"},
				"south": {"uv": [10, 13.5, 10.5, 14], "texture": "#missing"},
				"west": {"uv": [15, 13.5, 15.5, 14], "texture": "#missing"},
				"down": {"uv": [6, 15.5, 5.5, 15], "texture": "#missing"}
			}
		},
		{
			"from": [8.48803, 18.53117, 0.87727],
			"to": [8.66108, 20.26169, 5.72273],
			"rotation": {"angle": 22.5, "axis": "y", "origin": [25.25686, 19, 8]},
			"faces": {
				"north": {"uv": [15.5, 11, 16, 16], "texture": "#texture"},
				"south": {"uv": [0, 11, 0.5, 16], "texture": "#texture"},
				"west": {"uv": [1, 11, 15, 16], "texture": "#texture"},
				"up": {"uv": [0, 1, 0.5, 15], "texture": "#texture"},
				"down": {"uv": [16, 15, 15.5, 1], "texture": "#texture"}
			}
		},
		{
			"from": [8.53129, 20.21842, 1.05032],
			"to": [8.70435, 20.56453, 5.54968],
			"rotation": {"angle": 22.5, "axis": "y", "origin": [25.25686, 19, 8]},
			"faces": {
				"north": {"uv": [15.375, 10.125, 15.875, 11.125], "texture": "#texture"},
				"east": {"uv": [1.5, 10.125, 14.5, 11.125], "texture": "#texture"},
				"south": {"uv": [0.125, 10.125, 0.625, 11.125], "texture": "#texture"},
				"west": {"uv": [1.5, 10.125, 14.5, 11.125], "texture": "#texture"},
				"up": {"uv": [0.125, 1.5, 0.625, 14.5], "texture": "#texture"},
				"down": {"uv": [15.875, 14.5, 15.375, 1.5], "texture": "#texture"}
			}
		},
		{
			"from": [13.80938, 18.53117, 0.87727],
			"to": [13.98243, 20.26169, 5.72273],
			"rotation": {"angle": 22.5, "axis": "y", "origin": [25.25686, 19, 8]},
			"faces": {
				"north": {"uv": [0.125, 11, 0.625, 16], "texture": "#texture"},
				"east": {"uv": [1, 11, 15, 16], "texture": "#texture"},
				"south": {"uv": [15.375, 11, 15.875, 16], "texture": "#texture"},
				"west": {"uv": [1, 11, 15, 16], "texture": "#texture"},
				"up": {"uv": [15.375, 1, 15.875, 15], "texture": "#texture"},
				"down": {"uv": [0.625, 15, 0.125, 1], "texture": "#texture"}
			}
		},
		{
			"from": [13.78775, 20.26169, 1.05032],
			"to": [13.9608, 20.60779, 5.54968],
			"rotation": {"angle": 22.5, "axis": "y", "origin": [25.25686, 19, 8]},
			"faces": {
				"north": {"uv": [0.1875, 10, 0.6875, 11], "texture": "#texture"},
				"east": {"uv": [1.5, 10, 14.5, 11], "texture": "#texture"},
				"south": {"uv": [15.3125, 10, 15.8125, 11], "texture": "#texture"},
				"west": {"uv": [1.5, 10, 14.5, 11], "texture": "#texture"},
				"up": {"uv": [15.3125, 1.5, 15.8125, 14.5], "texture": "#texture"},
				"down": {"uv": [0.6875, 14.5, 0.1875, 1.5], "texture": "#texture"}
			}
		},
		{
			"from": [12.29518, 18.53117, 5.76599],
			"to": [13.67959, 20.43474, 5.93904],
			"rotation": {"angle": 22.5, "axis": "y", "origin": [25.25686, 19, 8]},
			"faces": {
				"north": {"uv": [1, 10.5, 5, 16], "texture": "#missing"},
				"east": {"uv": [0.375, 10.5, 0.875, 16], "texture": "#missing"},
				"south": {"uv": [11, 10.5, 15, 16], "texture": "#missing"},
				"west": {"uv": [15.125, 10.5, 15.625, 16], "texture": "#missing"},
				"up": {"uv": [11, 15.125, 15, 15.625], "texture": "#missing"},
				"down": {"uv": [5, 15.625, 1, 15.125], "texture": "#missing"}
			}
		},
		{
			"from": [8.83414, 18.53117, 5.76599],
			"to": [10.21855, 20.43474, 5.93904],
			"rotation": {"angle": 22.5, "axis": "y", "origin": [25.25686, 19, 8]},
			"faces": {
				"north": {"uv": [11, 10.5, 15, 16], "texture": "#missing"},
				"east": {"uv": [0.375, 10.5, 0.875, 16], "texture": "#missing"},
				"south": {"uv": [1, 10.5, 5, 16], "texture": "#missing"},
				"west": {"uv": [15.125, 10.5, 15.625, 16], "texture": "#missing"},
				"up": {"uv": [1, 15.125, 5, 15.625], "texture": "#missing"},
				"down": {"uv": [15, 15.625, 11, 15.125], "texture": "#missing"}
			}
		},
		{
			"from": [9.00719, 19.56948, 5.78762],
			"to": [13.50654, 20.60779, 5.96067],
			"rotation": {"angle": 22.5, "axis": "y", "origin": [25.25686, 19, 8]},
			"faces": {
				"north": {"uv": [1.5, 10, 14.5, 13], "texture": "#missing"},
				"east": {"uv": [0.3125, 10, 0.8125, 13], "texture": "#missing"},
				"south": {"uv": [1.5, 10, 14.5, 13], "texture": "#missing"},
				"west": {"uv": [15.1875, 10, 15.6875, 13], "texture": "#missing"},
				"up": {"uv": [1.5, 15.1875, 14.5, 15.6875], "texture": "#missing"},
				"down": {"uv": [14.5, 15.6875, 1.5, 15.1875], "texture": "#missing"}
			}
		},
		{
			"from": [10.21855, 19.39643, 5.78762],
			"to": [10.3916, 19.56948, 5.96067],
			"rotation": {"angle": 22.5, "axis": "y", "origin": [25.25686, 19, 8]},
			"faces": {
				"north": {"uv": [10.5, 13, 11, 13.5], "texture": "#missing"},
				"east": {"uv": [0.3125, 13, 0.8125, 13.5], "texture": "#missing"},
				"south": {"uv": [5, 13, 5.5, 13.5], "texture": "#missing"},
				"west": {"uv": [15.1875, 13, 15.6875, 13.5], "texture": "#missing"},
				"down": {"uv": [11, 15.6875, 10.5, 15.1875], "texture": "#missing"}
			}
		},
		{
			"from": [12.12212, 19.39643, 5.76599],
			"to": [12.29518, 19.56948, 5.93904],
			"rotation": {"angle": 22.5, "axis": "y", "origin": [25.25686, 19, 8]},
			"faces": {
				"north": {"uv": [5, 13, 5.5, 13.5], "texture": "#missing"},
				"south": {"uv": [10.5, 13, 11, 13.5], "texture": "#missing"},
				"west": {"uv": [15.125, 13, 15.625, 13.5], "texture": "#missing"},
				"up": {"uv": [10.5, 15.125, 11, 15.625], "texture": "#missing"},
				"down": {"uv": [5.5, 15.625, 5, 15.125], "texture": "#missing"}
			}
		},
		{
			"from": [8.83414, 18.53117, 0.57443],
			"to": [13.67959, 20.26169, 0.74748],
			"rotation": {"angle": 22.5, "axis": "y", "origin": [25.25686, 19, 8]},
			"faces": {
				"north": {"uv": [1, 11, 15, 16], "texture": "#snow"},
				"east": {"uv": [15.375, 11, 15.875, 16], "texture": "#snow"},
				"south": {"uv": [1, 11, 15, 16], "texture": "#snow"},
				"west": {"uv": [0.125, 11, 0.625, 16], "texture": "#snow"},
				"up": {"uv": [1, 0.125, 15, 0.625], "texture": "#snow"},
				"down": {"uv": [15, 0.625, 1, 0.125], "texture": "#snow"}
			}
		},
		{
			"from": [9.00719, 20.26169, 0.57443],
			"to": [13.50654, 20.43474, 0.74748],
			"rotation": {"angle": 22.5, "axis": "y", "origin": [25.25686, 19, 8]},
			"faces": {
				"north": {"uv": [1.5, 10.5, 14.5, 11], "texture": "#snow"},
				"east": {"uv": [15.375, 10.5, 15.875, 11], "texture": "#snow"},
				"south": {"uv": [1.5, 10.5, 14.5, 11], "texture": "#snow"},
				"west": {"uv": [0.125, 10.5, 0.625, 11], "texture": "#snow"},
				"up": {"uv": [1.5, 0.125, 14.5, 0.625], "texture": "#snow"}
			}
		},
		{
			"from": [13.67959, 18.53117, -1.71851],
			"to": [13.85264, 18.70422, 0.70422],
			"rotation": {"angle": 22.5, "axis": "y", "origin": [25.25686, 19, 8]},
			"faces": {
				"north": {"uv": [0.5, 15.5, 1, 16], "texture": "#cap"},
				"east": {"uv": [15.5, 15.5, 16, 16], "texture": "#cap"},
				"up": {"uv": [15, 0, 15.5, 0.5], "texture": "#cap"},
				"down": {"uv": [1, 0.5, 0.5, 0], "texture": "#cap"}
			}
		},
		{
			"from": [8.66108, 18.53117, -1.71851],
			"to": [8.83414, 18.70422, 0.70422],
			"rotation": {"angle": 22.5, "axis": "y", "origin": [25.25686, 19, 8]},
			"faces": {
				"north": {"uv": [15, 15.5, 15.5, 16], "texture": "#cap"},
				"west": {"uv": [0, 15.5, 0.5, 16], "texture": "#cap"},
				"up": {"uv": [0.5, 0, 1, 0.5], "texture": "#cap"},
				"down": {"uv": [15.5, 0.5, 15, 0], "texture": "#cap"}
			}
		},
		{
			"from": [9.18024, 18.53117, -1.0263],
			"to": [13.33349, 18.70422, -0.85325],
			"rotation": {"angle": 22.5, "axis": "y", "origin": [25.25686, 19, 8]},
			"faces": {
				"north": {"uv": [2, 15.5, 14, 16], "texture": "#cap"},
				"east": {"uv": [16, 15.5, 16, 16], "texture": "#cap"},
				"west": {"uv": [0, 15.5, 0, 16], "texture": "#cap"},
				"up": {"uv": [2, 0, 14, 0], "texture": "#cap"},
				"down": {"uv": [14, 0, 2, 0], "texture": "#cap"}
			}
		},
		{
			"from": [9.00719, 18.61769, -1.89156],
			"to": [13.50654, 18.79075, 0.70422],
			"rotation": {"angle": 22.5, "axis": "y", "origin": [25.25686, 19, 8]},
			"faces": {
				"north": {"uv": [1.5, 15.25, 14.5, 15.75], "texture": "#cap"},
				"east": {"uv": [15.5, 15.25, 16, 15.75], "texture": "#cap"},
				"west": {"uv": [0, 15.25, 0.5, 15.75], "texture": "#cap"},
				"up": {"uv": [1.5, 0, 14.5, 0.5], "texture": "#cap"},
				"down": {"uv": [14.5, 0.5, 1.5, 0], "texture": "#cap"}
			}
		},
		{
			"from": [11.08381, 20.60779, 3.12695],
			"to": [11.42992, 20.9539, 3.47305],
			"rotation": {"angle": 22.5, "axis": "y", "origin": [25.25686, 19, 8]},
			"faces": {
				"north": {"uv": [7.5, 9, 8.5, 10], "texture": "#iron_block"},
				"east": {"uv": [7.5, 9, 8.5, 10], "texture": "#iron_block"},
				"south": {"uv": [7.5, 9, 8.5, 10], "texture": "#iron_block"},
				"west": {"uv": [7.5, 9, 8.5, 10], "texture": "#iron_block"},
				"up": {"uv": [7.5, 7.5, 8.5, 8.5], "texture": "#iron_block"},
				"down": {"uv": [8.5, 8.5, 7.5, 7.5], "texture": "#iron_block"}
			}
		},
		{
			"from": [10.17529, 19.02869, 0.53117],
			"to": [12.18702, 20.21842, 0.87727],
			"rotation": {"angle": 22.5, "axis": "y", "origin": [25.25686, 19, 8]},
			"faces": {
				"north": {"uv": [0, 3, 16, 12.5], "texture": "#DDG"},
				"east": {"uv": [0, 7, 1, 10], "texture": "#DDG"},
				"south": {"uv": [0, 3, 16, 12.5], "texture": "#DDG"},
				"west": {"uv": [0, 6.5, 1, 9.5], "texture": "#DDG"},
				"up": {"uv": [0, 0, 4.5, 1], "texture": "#DDG"},
				"down": {"uv": [0, 1, 4.5, 2], "texture": "#DDG"}
			}
		},
		{
			"from": [7.892, 8.08, 4.596],
			"to": [9.816, 8.82, 5.336],
			"rotation": {"angle": -22.5, "axis": "y", "origin": [8.41, 14, 7.038]},
			"faces": {
				"north": {"uv": [0, 0, 2, 4.5], "texture": "#4_0"},
				"east": {"uv": [0, 0, 2, 4.5], "texture": "#4_0"},
				"south": {"uv": [0, 0, 2, 4.5], "texture": "#4_0"},
				"west": {"uv": [0, 0, 0.4, 4.5], "texture": "#4_0"},
				"up": {"uv": [0, 0, 2, 0.4], "texture": "#4_0"},
				"down": {"uv": [0, 0, 2, 0.4], "texture": "#4_0"}
			}
		},
		{
			"from": [9.224, 8.08, 10.738],
			"to": [11.37, 8.82, 11.108],
			"rotation": {"angle": 22.5, "axis": "y", "origin": [9.742, 14, 12.736]},
			"faces": {
				"north": {"uv": [0, 0, 10, 9], "texture": "#4_0"},
				"east": {"uv": [0, 0, 2, 4.5], "texture": "#4_0"},
				"south": {"uv": [0, 0, 10, 9], "texture": "#4_0"},
				"west": {"uv": [0, 0, 0.4, 4.5], "texture": "#4_0"},
				"up": {"uv": [0, 0, 2, 0.4], "texture": "#4_0"},
				"down": {"uv": [0, 0, 2, 0.4], "texture": "#4_0"}
			}
		},
		{
			"from": [9.224, 8.08, 11.108],
			"to": [11.37, 14.74, 11.478],
			"rotation": {"angle": 22.5, "axis": "y", "origin": [9.742, 14, 13.106]},
			"faces": {
				"north": {"uv": [0, 0, 10, 9], "texture": "#4_0"},
				"east": {"uv": [0, 0, 2, 4.5], "texture": "#4_0"},
				"south": {"uv": [0, 0, 10, 9], "texture": "#4_0"},
				"west": {"uv": [0, 0, 0.4, 4.5], "texture": "#4_0"},
				"up": {"uv": [0, 0, 2, 0.4], "texture": "#4_0"},
				"down": {"uv": [0, 0, 2, 0.4], "texture": "#4_0"}
			}
		},
		{
			"from": [7.892, 8.08, 4.374],
			"to": [9.816, 14.74, 4.67],
			"rotation": {"angle": -22.5, "axis": "y", "origin": [8.41, 14, 6.372]},
			"faces": {
				"north": {"uv": [0, 0, 10, 9], "texture": "#4_0"},
				"east": {"uv": [0, 0, 2, 4.5], "texture": "#4_0"},
				"south": {"uv": [0, 0, 10, 9], "texture": "#4_0"},
				"west": {"uv": [0, 0, 0.4, 4.5], "texture": "#4_0"},
				"up": {"uv": [0, 0, 2, 0.4], "texture": "#4_0"},
				"down": {"uv": [0, 0, 2, 0.4], "texture": "#4_0"}
			}
		},
		{
			"from": [11, 8.08, 5.04],
			"to": [12.776, 8.82, 5.78],
			"rotation": {"angle": 22.5, "axis": "y", "origin": [11.148, 14, 7.556]},
			"faces": {
				"north": {"uv": [0, 0, 2, 4.5], "texture": "#4_0"},
				"east": {"uv": [0, 0, 2, 4.5], "texture": "#4_0"},
				"south": {"uv": [0, 0, 2, 4.5], "texture": "#4_0"},
				"west": {"uv": [0, 0, 0.4, 4.5], "texture": "#4_0"},
				"up": {"uv": [0, 0, 2, 0.4], "texture": "#4_0"},
				"down": {"uv": [0, 0, 2, 0.4], "texture": "#4_0"}
			}
		},
		{
			"from": [9.52, 8.08, 10.59],
			"to": [11.296, 14.74, 10.96],
			"rotation": {"angle": -22.5, "axis": "y", "origin": [9.816, 14, 12.662]},
			"faces": {
				"north": {"uv": [0, 0, 10, 9], "texture": "#4_0"},
				"east": {"uv": [0, 0, 2, 4.5], "texture": "#4_0"},
				"south": {"uv": [0, 0, 10, 9], "texture": "#4_0"},
				"west": {"uv": [0, 0, 0.4, 4.5], "texture": "#4_0"},
				"up": {"uv": [0, 0, 2, 0.4], "texture": "#4_0"},
				"down": {"uv": [0, 0, 2, 0.4], "texture": "#4_0"}
			}
		},
		{
			"from": [9.52, 8.08, 10.442],
			"to": [11.296, 8.746, 10.812],
			"rotation": {"angle": -22.5, "axis": "y", "origin": [9.816, 14, 12.514]},
			"faces": {
				"north": {"uv": [0, 0, 10, 9], "texture": "#4_0"},
				"east": {"uv": [0, 0, 2, 4.5], "texture": "#4_0"},
				"south": {"uv": [0, 0, 10, 9], "texture": "#4_0"},
				"west": {"uv": [0, 0, 0.4, 4.5], "texture": "#4_0"},
				"up": {"uv": [0, 0, 2, 0.4], "texture": "#4_0"},
				"down": {"uv": [0, 0, 2, 0.4], "texture": "#4_0"}
			}
		},
		{
			"from": [11, 8.08, 4.744],
			"to": [12.628, 14.74, 5.114],
			"rotation": {"angle": 22.5, "axis": "y", "origin": [11.148, 14, 6.816]},
			"faces": {
				"north": {"uv": [0, 0, 10, 9], "texture": "#4_0"},
				"east": {"uv": [0, 0, 2, 4.5], "texture": "#4_0"},
				"south": {"uv": [0, 0, 10, 9], "texture": "#4_0"},
				"west": {"uv": [0, 0, 0.4, 4.5], "texture": "#4_0"},
				"up": {"uv": [0, 0, 2, 0.4], "texture": "#4_0"},
				"down": {"uv": [0, 0, 2, 0.4], "texture": "#4_0"}
			}
		},
		{
			"from": [11.74, 8.08, 4.3],
			"to": [12.48, 14.74, 11.7],
			"rotation": {"angle": 0, "axis": "y", "origin": [10.26, 14, 8]},
			"faces": {
				"north": {"uv": [0, 0, 10, 9], "texture": "#4_0"},
				"east": {"uv": [0, 0, 10, 9], "texture": "#4_0"},
				"south": {"uv": [0, 0, 10, 9], "texture": "#4_0"},
				"west": {"uv": [0, 0, 10, 9], "texture": "#4_0"},
				"up": {"uv": [0, 0, 10, 9], "texture": "#4_0"},
				"down": {"uv": [0, 0, 10, 9], "texture": "#4_0"}
			}
		},
		{
			"from": [12.036, 16.59, 7.038],
			"to": [12.258, 16.812, 8.888],
			"rotation": {"angle": 0, "axis": "x", "origin": [13.96, 14.592, 9.258]},
			"faces": {
				"north": {"uv": [0, 0, 0.5, 5], "rotation": 180, "texture": "#4_1"},
				"east": {"uv": [0, 0, 5, 4.5], "rotation": 90, "texture": "#4_1"},
				"south": {"uv": [0, 0, 10, 9], "rotation": 270, "texture": "#4_1"},
				"west": {"uv": [0, 0, 10, 9], "rotation": 270, "texture": "#4_1"},
				"up": {"uv": [0, 0, 5, 4.5], "texture": "#4_1"},
				"down": {"uv": [0, 0, 0.5, 4.5], "rotation": 180, "texture": "#4_1"}
			}
		},
		{
			"from": [8.336, 16.59, 7.038],
			"to": [8.558, 16.812, 8.888],
			"rotation": {"angle": 0, "axis": "x", "origin": [10.26, 14.592, 9.258]},
			"faces": {
				"north": {"uv": [0, 0, 0.5, 5], "rotation": 180, "texture": "#4_1"},
				"east": {"uv": [0, 0, 5, 4.5], "rotation": 90, "texture": "#4_1"},
				"south": {"uv": [0, 0, 10, 9], "rotation": 270, "texture": "#4_1"},
				"west": {"uv": [0, 0, 10, 9], "rotation": 270, "texture": "#4_1"},
				"up": {"uv": [0, 0, 5, 4.5], "texture": "#4_1"},
				"down": {"uv": [0, 0, 5, 4.5], "texture": "#4_1"}
			}
		},
		{
			"from": [12.036, 17.33, 7.038],
			"to": [12.258, 17.552, 7.778],
			"rotation": {"angle": -22.5, "axis": "x", "origin": [13.96, 15.332, 9.258]},
			"faces": {
				"north": {"uv": [0, 0, 0.5, 5], "rotation": 180, "texture": "#4_1"},
				"east": {"uv": [0, 0, 5, 4.5], "rotation": 90, "texture": "#4_1"},
				"south": {"uv": [0, 0, 10, 9], "rotation": 270, "texture": "#4_1"},
				"west": {"uv": [0, 0, 10, 9], "rotation": 270, "texture": "#4_1"},
				"up": {"uv": [0, 0, 5, 4.5], "texture": "#4_1"},
				"down": {"uv": [0, 0, 0.5, 4.5], "rotation": 180, "texture": "#4_1"}
			}
		},
		{
			"from": [8.336, 17.33, 7.038],
			"to": [8.558, 17.552, 7.778],
			"rotation": {"angle": -22.5, "axis": "x", "origin": [10.26, 15.332, 9.258]},
			"faces": {
				"north": {"uv": [0, 0, 0.5, 5], "rotation": 180, "texture": "#4_1"},
				"east": {"uv": [0, 0, 5, 4.5], "rotation": 90, "texture": "#4_1"},
				"south": {"uv": [0, 0, 10, 9], "rotation": 270, "texture": "#4_1"},
				"west": {"uv": [0, 0, 10, 9], "rotation": 270, "texture": "#4_1"},
				"up": {"uv": [0, 0, 5, 4.5], "texture": "#4_1"},
				"down": {"uv": [0, 0, 5, 4.5], "texture": "#4_1"}
			}
		},
		{
			"from": [12.036, 15.924, 7.852],
			"to": [12.258, 16.146, 8.592],
			"rotation": {"angle": 22.5, "axis": "x", "origin": [13.96, 13.926, 10.072]},
			"faces": {
				"north": {"uv": [0, 0, 0.5, 5], "rotation": 180, "texture": "#4_1"},
				"east": {"uv": [0, 0, 5, 4.5], "rotation": 90, "texture": "#4_1"},
				"south": {"uv": [0, 0, 10, 9], "rotation": 270, "texture": "#4_1"},
				"west": {"uv": [0, 0, 10, 9], "rotation": 270, "texture": "#4_1"},
				"up": {"uv": [0, 0, 0.5, 4.5], "texture": "#4_1"},
				"down": {"uv": [0, 0, 0.5, 4.5], "rotation": 180, "texture": "#4_1"}
			}
		},
		{
			"from": [8.336, 15.924, 7.852],
			"to": [8.558, 16.146, 8.592],
			"rotation": {"angle": 22.5, "axis": "x", "origin": [10.26, 13.926, 10.072]},
			"faces": {
				"north": {"uv": [0, 0, 0.5, 5], "rotation": 180, "texture": "#4_1"},
				"east": {"uv": [0, 0, 5, 4.5], "rotation": 90, "texture": "#4_1"},
				"south": {"uv": [0, 0, 10, 9], "rotation": 270, "texture": "#4_1"},
				"west": {"uv": [0, 0, 10, 9], "rotation": 270, "texture": "#4_1"},
				"up": {"uv": [0, 0, 5, 4.5], "texture": "#4_1"},
				"down": {"uv": [0, 0, 5, 4.5], "texture": "#4_1"}
			}
		},
		{
			"from": [12.036, 14.888, 11.478],
			"to": [12.258, 15.628, 11.7],
			"rotation": {"angle": -45, "axis": "x", "origin": [13.96, 13.408, 9.406]},
			"faces": {
				"north": {"uv": [0, 0, 0.5, 4.5], "texture": "#4_1"},
				"east": {"uv": [0, 0, 5, 4.5], "texture": "#4_1"},
				"south": {"uv": [0, 0, 5, 4.5], "texture": "#4_1"},
				"west": {"uv": [0, 0, 10, 9], "texture": "#4_1"},
				"up": {"uv": [0, 0, 0.5, 5], "texture": "#4_1"},
				"down": {"uv": [0, 0, 10, 9], "rotation": 270, "texture": "#4_1"}
			}
		},
		{
			"from": [8.336, 14.888, 11.478],
			"to": [8.558, 15.628, 11.7],
			"rotation": {"angle": -45, "axis": "x", "origin": [10.26, 13.408, 9.406]},
			"faces": {
				"north": {"uv": [0, 0, 5, 4.5], "texture": "#4_1"},
				"east": {"uv": [0, 0, 5, 4.5], "texture": "#4_1"},
				"south": {"uv": [0, 0, 5, 4.5], "texture": "#4_1"},
				"west": {"uv": [0, 0, 10, 9], "texture": "#4_1"},
				"up": {"uv": [0, 0, 0.5, 5], "texture": "#4_1"},
				"down": {"uv": [0, 0, 10, 9], "rotation": 270, "texture": "#4_1"}
			}
		},
		{
			"from": [12.036, 17.922, 5.41],
			"to": [12.258, 18.662, 5.632],
			"rotation": {"angle": 45, "axis": "x", "origin": [13.96, 16.442, 3.338]},
			"faces": {
				"north": {"uv": [0, 0, 5, 4.5], "texture": "#4_1"},
				"east": {"uv": [0, 0, 5, 4.5], "texture": "#4_1"},
				"south": {"uv": [0, 0, 0.5, 4.5], "texture": "#4_1"},
				"west": {"uv": [0, 0, 10, 9], "texture": "#4_1"},
				"up": {"uv": [0, 0, 0.5, 5], "texture": "#4_1"},
				"down": {"uv": [0, 0, 0.5, 5], "texture": "#4_0"}
			}
		},
		{
			"from": [8.336, 17.922, 5.41],
			"to": [8.558, 18.662, 5.632],
			"rotation": {"angle": 45, "axis": "x", "origin": [10.26, 16.442, 3.338]},
			"faces": {
				"north": {"uv": [0, 0, 5, 4.5], "texture": "#4_1"},
				"east": {"uv": [0, 0, 5, 4.5], "texture": "#4_1"},
				"south": {"uv": [0, 0, 5, 4.5], "texture": "#4_1"},
				"west": {"uv": [0, 0, 10, 9], "texture": "#4_1"},
				"up": {"uv": [0, 0, 0.5, 5], "texture": "#4_1"},
				"down": {"uv": [0, 0, 0.5, 5], "texture": "#4_0"}
			}
		},
		{
			"from": [12.036, 16.294, 5.188],
			"to": [12.258, 17.034, 5.41],
			"rotation": {"angle": 22.5, "axis": "x", "origin": [13.96, 14.814, 3.116]},
			"faces": {
				"north": {"uv": [0, 0, 5, 4.5], "texture": "#4_1"},
				"east": {"uv": [0, 0, 5, 4.5], "texture": "#4_1"},
				"south": {"uv": [0, 0, 0.5, 4.5], "texture": "#4_1"},
				"west": {"uv": [0, 0, 10, 9], "texture": "#4_1"},
				"up": {"uv": [0, 0, 0.5, 5], "texture": "#4_1"},
				"down": {"uv": [0, 0, 0.5, 5], "texture": "#4_0"}
			}
		},
		{
			"from": [8.336, 16.294, 5.188],
			"to": [8.558, 17.034, 5.41],
			"rotation": {"angle": 22.5, "axis": "x", "origin": [10.26, 14.814, 3.116]},
			"faces": {
				"north": {"uv": [0, 0, 5, 4.5], "texture": "#4_1"},
				"east": {"uv": [0, 0, 5, 4.5], "texture": "#4_1"},
				"south": {"uv": [0, 0, 5, 4.5], "texture": "#4_1"},
				"west": {"uv": [0, 0, 10, 9], "texture": "#4_1"},
				"up": {"uv": [0, 0, 0.5, 5], "texture": "#4_1"},
				"down": {"uv": [0, 0, 0.5, 5], "texture": "#4_0"}
			}
		},
		{
			"from": [12.036, 14.666, 10.738],
			"to": [12.258, 15.406, 10.96],
			"rotation": {"angle": -22.5, "axis": "x", "origin": [13.96, 13.186, 8.666]},
			"faces": {
				"north": {"uv": [0, 0, 0.5, 4.5], "texture": "#4_1"},
				"east": {"uv": [0, 0, 5, 4.5], "texture": "#4_1"},
				"south": {"uv": [0, 0, 0.5, 4.5], "texture": "#4_1"},
				"west": {"uv": [0, 0, 10, 9], "texture": "#4_1"},
				"up": {"uv": [0, 0, 0.5, 5], "texture": "#4_1"},
				"down": {"uv": [0, 0, 0.5, 5], "texture": "#4_0"}
			}
		},
		{
			"from": [8.336, 14.666, 10.738],
			"to": [8.558, 15.406, 10.96],
			"rotation": {"angle": -22.5, "axis": "x", "origin": [10.26, 13.186, 8.666]},
			"faces": {
				"north": {"uv": [0, 0, 5, 4.5], "texture": "#4_1"},
				"east": {"uv": [0, 0, 5, 4.5], "texture": "#4_1"},
				"south": {"uv": [0, 0, 5, 4.5], "texture": "#4_1"},
				"west": {"uv": [0, 0, 10, 9], "texture": "#4_1"},
				"up": {"uv": [0, 0, 0.5, 5], "texture": "#4_1"},
				"down": {"uv": [0, 0, 0.5, 5], "texture": "#4_0"}
			}
		},
		{
			"from": [12.036, 14.74, 9.998],
			"to": [12.258, 15.48, 10.22],
			"rotation": {"angle": 0, "axis": "y", "origin": [10.26, 14, 8]},
			"faces": {
				"north": {"uv": [0, 0, 0.5, 4.5], "texture": "#4_1"},
				"east": {"uv": [0, 0, 5, 4.5], "texture": "#4_1"},
				"south": {"uv": [0, 0, 0.5, 4.5], "texture": "#4_1"},
				"west": {"uv": [0, 0, 10, 9], "texture": "#4_1"},
				"up": {"uv": [0, 0, 0.5, 5], "texture": "#4_1"},
				"down": {"uv": [0, 0, 0.5, 5], "texture": "#4_0"}
			}
		},
		{
			"from": [8.336, 14.74, 9.998],
			"to": [8.558, 15.48, 10.22],
			"rotation": {"angle": 0, "axis": "y", "origin": [10.26, 14, 8]},
			"faces": {
				"north": {"uv": [0, 0, 5, 4.5], "texture": "#4_1"},
				"east": {"uv": [0, 0, 5, 4.5], "texture": "#4_1"},
				"south": {"uv": [0, 0, 5, 4.5], "texture": "#4_1"},
				"west": {"uv": [0, 0, 10, 9], "texture": "#4_1"},
				"up": {"uv": [0, 0, 0.5, 5], "texture": "#4_1"},
				"down": {"uv": [0, 0, 0.5, 5], "texture": "#4_0"}
			}
		},
		{
			"from": [12.036, 14.74, 5.632],
			"to": [12.258, 15.48, 5.854],
			"rotation": {"angle": 0, "axis": "y", "origin": [10.26, 14, 8]},
			"faces": {
				"north": {"uv": [0, 0, 5, 4.5], "texture": "#4_1"},
				"east": {"uv": [0, 0, 5, 4.5], "texture": "#4_1"},
				"south": {"uv": [0, 0, 0.5, 4.5], "texture": "#4_1"},
				"west": {"uv": [0, 0, 10, 9], "texture": "#4_1"},
				"up": {"uv": [0, 0, 0.5, 5], "texture": "#4_1"},
				"down": {"uv": [0, 0, 0.5, 5], "texture": "#4_0"}
			}
		},
		{
			"from": [8.336, 14.74, 5.632],
			"to": [8.558, 15.48, 5.854],
			"rotation": {"angle": 0, "axis": "y", "origin": [10.26, 14, 8]},
			"faces": {
				"north": {"uv": [0, 0, 5, 4.5], "texture": "#4_1"},
				"east": {"uv": [0, 0, 5, 4.5], "texture": "#4_1"},
				"south": {"uv": [0, 0, 5, 4.5], "texture": "#4_1"},
				"west": {"uv": [0, 0, 10, 9], "texture": "#4_1"},
				"up": {"uv": [0, 0, 0.5, 5], "texture": "#4_1"},
				"down": {"uv": [0, 0, 0.5, 5], "texture": "#4_0"}
			}
		},
		{
			"from": [8.04, 8.08, 4.3],
			"to": [8.78, 14.74, 11.774],
			"rotation": {"angle": 0, "axis": "y", "origin": [10.26, 14, 8]},
			"faces": {
				"north": {"uv": [0, 0, 0.5, 4.5], "texture": "#4_0"},
				"east": {"uv": [0, 0, 5, 4.5], "texture": "#4_0"},
				"south": {"uv": [0, 0, 0.5, 4.5], "texture": "#4_0"},
				"west": {"uv": [0, 0, 10, 9], "texture": "#4_0"},
				"up": {"uv": [0, 0, 0.5, 5], "texture": "#4_0"},
				"down": {"uv": [0, 0, 0.5, 5], "texture": "#4_0"}
			}
		},
		{
			"from": [9.52, 13.26, 7.778],
			"to": [11.666, 14.148, 9.776],
			"rotation": {"angle": 0, "axis": "y", "origin": [10.26, 14, 8]},
			"faces": {
				"north": {"uv": [2.49971, 4.4998, 3.9986, 7.49883], "texture": "#4_2"},
				"east": {"uv": [2.49971, 4.4998, 3.9986, 7.49883], "texture": "#4_2"},
				"south": {"uv": [2.49971, 4.4998, 3.9986, 7.49883], "texture": "#4_2"},
				"west": {"uv": [2.49971, 4.4998, 3.9986, 7.49883], "texture": "#4_2"},
				"up": {"uv": [2.49971, 4.4998, 3.9986, 7.49883], "texture": "#4_2"},
				"down": {"uv": [0, 0, 10, 9], "texture": "#4_0"}
			}
		},
		{
			"from": [10.26, 13.26, 9.998],
			"to": [11.666, 14.444, 10.738],
			"rotation": {"angle": 0, "axis": "y", "origin": [10.26, 14, 8]},
			"faces": {
				"north": {"uv": [8.99992, 12.99978, 9.99854, 15.49855], "texture": "#4_2"},
				"east": {"uv": [8.99992, 12.99978, 9.99854, 15.49855], "texture": "#4_2"},
				"south": {"uv": [8.99992, 12.99978, 9.99854, 15.49855], "texture": "#4_2"},
				"west": {"uv": [8.99992, 12.99978, 9.99854, 15.49855], "texture": "#4_2"},
				"up": {"uv": [8.99992, 12.99978, 9.99854, 15.49855], "texture": "#4_2"},
				"down": {"uv": [0, 0, 10, 9], "texture": "#4_0"}
			}
		},
		{
			"from": [8.78, 13.26, 9.332],
			"to": [9.52, 14.37, 9.998],
			"rotation": {"angle": 0, "axis": "y", "origin": [10.26, 14, 8]},
			"faces": {
				"north": {"uv": [0.9999, 11.99977, 2.49862, 14.9985], "texture": "#4_2"},
				"east": {"uv": [0.9999, 11.99977, 2.49862, 14.9985], "texture": "#4_2"},
				"south": {"uv": [0.9999, 11.99977, 2.49862, 14.9985], "texture": "#4_2"},
				"west": {"uv": [3.99986, 3.99986, 5.49874, 6.99889], "texture": "#4_2"},
				"up": {"uv": [0.9999, 11.99977, 2.49862, 14.9985], "texture": "#4_2"},
				"down": {"uv": [0, 0, 10, 9], "texture": "#4_0"}
			}
		},
		{
			"from": [11, 13.26, 6.52],
			"to": [11.666, 14.148, 7.038],
			"rotation": {"angle": 0, "axis": "y", "origin": [10.26, 14, 8]},
			"faces": {
				"north": {"uv": [3.99986, 3.99986, 5.49874, 6.99889], "texture": "#4_2"},
				"east": {"uv": [3.99986, 3.99986, 5.49874, 6.99889], "texture": "#4_2"},
				"south": {"uv": [3.99986, 3.99986, 5.49874, 6.99889], "texture": "#4_2"},
				"west": {"uv": [3.99986, 3.99986, 5.49874, 6.99889], "texture": "#4_2"},
				"up": {"uv": [3.99986, 3.99986, 5.49874, 6.99889], "texture": "#4_2"},
				"down": {"uv": [0, 0, 10, 9], "texture": "#4_0"}
			}
		},
		{
			"from": [8.78, 13.26, 5.78],
			"to": [10.926, 14.148, 7.778],
			"rotation": {"angle": 0, "axis": "y", "origin": [10.26, 14, 8]},
			"faces": {
				"north": {"uv": [0.49963, 3.99992, 1.99851, 6.99914], "texture": "#4_2"},
				"east": {"uv": [0.49963, 3.99992, 1.99851, 6.99914], "texture": "#4_2"},
				"south": {"uv": [0.49963, 3.99992, 1.99851, 6.99914], "texture": "#4_2"},
				"west": {"uv": [0, 0, 8, 1], "texture": "#missing"},
				"up": {"uv": [0.49963, 3.99992, 1.99851, 6.99914], "texture": "#4_2"},
				"down": {"uv": [0, 0, 10, 9], "texture": "#4_0"}
			}
		},
		{
			"from": [8.78, 12.52, 5.04],
			"to": [11.74, 13.26, 11.034],
			"rotation": {"angle": 0, "axis": "y", "origin": [10.26, 14, 8]},
			"faces": {
				"north": {"uv": [0, 0, 2, 4.5], "texture": "#4_0"},
				"east": {"uv": [0, 0, 8, 1], "texture": "#missing"},
				"south": {"uv": [0, 0, 10, 9], "texture": "#4_0"},
				"west": {"uv": [0, 0, 8, 1], "texture": "#missing"},
				"up": {"uv": [0, 0, 10, 9], "texture": "#4_0"},
				"down": {"uv": [0, 0, 10, 9], "texture": "#4_0"}
			}
		},
		{
			"from": [8.78, 8.08, 5.04],
			"to": [11.74, 8.82, 11.034],
			"rotation": {"angle": 0, "axis": "y", "origin": [10.26, 14, 8]},
			"faces": {
				"north": {"uv": [0, 0, 2, 4.5], "texture": "#4_0"},
				"east": {"uv": [0, 0, 8, 1], "texture": "#missing"},
				"south": {"uv": [0, 0, 10, 9], "texture": "#4_0"},
				"west": {"uv": [0, 0, 8, 1], "texture": "#missing"},
				"up": {"uv": [0, 0, 10, 9], "texture": "#4_0"},
				"down": {"uv": [0, 0, 10, 9], "texture": "#4_0"}
			}
    }
	],
	"display": {
		"thirdperson_righthand": {
			"rotation": [70, -1, 1],
			"translation": [0, -2, -2.5],
			"scale": [0.5, 0.6, 0.4]
		},
		"thirdperson_lefthand": {
			"rotation": [70, -1, 1],
			"translation": [0, -2, -2.5],
			"scale": [0.5, 0.6, 0.4]
		},
		"firstperson_righthand": {
			"rotation": [-1, -18, 9],
			"translation": [3, 2.5, 0]
		},
		"firstperson_lefthand": {
			"rotation": [-1, -18, 9],
			"translation": [3, 2.5, 0]
		},
		"ground": {
			"translation": [0, -0.5, 0],
			"scale": [0.45, 0.475, 0.4]
		},
		"gui": {
			"rotation": [21, 29, 1],
			"translation": [1, 2, 0]
		},
		"head": {
			"rotation": [0, 180, 0],
			"translation": [0, -12.52, 4.1739],
			"scale": [1.5, 1.5, 1.5]
		},
		"fixed": {
			"rotation": [-20, 87, 13],
			"translation": [0.5, 1.5, -3]
		}
	},
	"groups": [0, 1, 2, 3, 4, 5, 6, 7, 8, 9, 10, 11, 12, 13, 14, 15, 16, 17, 18, 19, 20, 21, 22, 23, 24, 25, 26, 27, 28, 29, 30, 31, 32, 33, 34, 35, 36, 37, 38, 39, 40, 41, 42, 43,
		{
			"name": "shears33",
			"origin": [8, 8, 8],
			"children": [44, 45, 46, 47, 48, 49, 50, 51, 52, 53, 54, 55, 56, 57, 58, 59, 60, 61, 62, 63, 64, 65, 66, 67, 68, 69, 70, 71]
		},
		{
			"name": "diamond_hoe998",
			"origin": [8, 8, 8],
			"children": [72, 73, 74, 75, 76, 77, 78, 79, 80, 81, 82, 83, 84, 85, 86, 87, 88, 89, 90, 91, 92, 93, 94, 95, 96, 97, 98, 99, 100, 101, 102, 103, 104, 105, 106, 107]
		}
	]
}
