{
	"credit": "Made with Blockbench",
	"textures": {
		"0": "blocks/concrete_black",
		"1": "blocks/concrete_silver",
		"2": "blocks/stone_slab_top",
		"3": "blocks/anvil_base",
		"6": "blocks/concrete_red",
		"7": "blocks/concrete_lime",
		"8": "blocks/concrete_yellow",
		"9": "custom/overige/4",
		"particle": "blocks/concrete_black"
	},
	"elements": [
		{
			"name": "hexadecagon",
			"from": [8.15692, 0.0201, 6.64094],
			"to": [8.75365, 0.2901, 9.40094],
			"rotation": {"angle": -45, "axis": "y", "origin": [8.45528, 0.3201, 7.90094]},
			"faces": {
				"north": {"uv": [0, 1, 1, 0], "rotation": 180, "texture": "#0"},
				"east": {"uv": [0, 1, 1, 0], "rotation": 180, "texture": "#0"},
				"south": {"uv": [0, 1, 1, 0], "rotation": 180, "texture": "#0"},
				"west": {"uv": [0, 1, 1, 0], "rotation": 180, "texture": "#0"},
				"up": {"uv": [0, 1, 1, 0], "rotation": 90, "texture": "#0"},
				"down": {"uv": [0, 1, 1, 0], "rotation": 270, "texture": "#0"}
			}
		},
		{
			"name": "hexadecagon",
			"from": [8.15692, 0.0201, 9.10094],
			"to": [8.75365, 0.2901, 9.40094],
			"rotation": {"angle": -22.5, "axis": "y", "origin": [8.45528, 0.3201, 7.90094]},
			"faces": {
				"north": {"uv": [0, 1, 1, 0], "rotation": 180, "texture": "#0"},
				"east": {"uv": [0, 1, 1, 0], "rotation": 180, "texture": "#0"},
				"south": {"uv": [0, 1, 1, 0], "rotation": 180, "texture": "#0"},
				"west": {"uv": [0, 1, 1, 0], "rotation": 180, "texture": "#0"},
				"up": {"uv": [0, 1, 1, 0], "rotation": 90, "texture": "#0"},
				"down": {"uv": [0, 1, 1, 0], "rotation": 270, "texture": "#0"}
			}
		},
		{
			"name": "hexadecagon",
			"from": [8.15692, 0.0201, 6.61094],
			"to": [8.75365, 0.2901, 9.40094],
			"rotation": {"angle": 0, "axis": "y", "origin": [8.45528, 0.3201, 7.90094]},
			"faces": {
				"north": {"uv": [0, 1, 1, 0], "rotation": 180, "texture": "#0"},
				"east": {"uv": [0, 1, 1, 0], "rotation": 180, "texture": "#0"},
				"south": {"uv": [0, 1, 1, 0], "rotation": 180, "texture": "#0"},
				"west": {"uv": [0, 1, 1, 0], "rotation": 180, "texture": "#0"},
				"up": {"uv": [0, 1, 1, 0], "rotation": 90, "texture": "#0"},
				"down": {"uv": [0, 1, 1, 0], "rotation": 270, "texture": "#0"}
			}
		},
		{
			"name": "hexadecagon",
			"from": [8.15692, 0.0201, 9.10094],
			"to": [8.75365, 0.2901, 9.40094],
			"rotation": {"angle": 22.5, "axis": "y", "origin": [8.45528, 0.3201, 7.90094]},
			"faces": {
				"north": {"uv": [0, 1, 1, 0], "rotation": 180, "texture": "#0"},
				"east": {"uv": [0, 1, 1, 0], "rotation": 180, "texture": "#0"},
				"south": {"uv": [0, 1, 1, 0], "rotation": 180, "texture": "#0"},
				"west": {"uv": [0, 1, 1, 0], "rotation": 180, "texture": "#0"},
				"up": {"uv": [0, 1, 1, 0], "rotation": 90, "texture": "#0"},
				"down": {"uv": [0, 1, 1, 0], "rotation": 270, "texture": "#0"}
			}
		},
		{
			"name": "hexadecagon",
			"from": [8.15692, 0.0201, 6.64094],
			"to": [8.75365, 0.2901, 9.40094],
			"rotation": {"angle": 45, "axis": "y", "origin": [8.45528, 0.3201, 7.90094]},
			"faces": {
				"north": {"uv": [0, 1, 1, 0], "rotation": 180, "texture": "#0"},
				"east": {"uv": [0, 1, 1, 0], "rotation": 180, "texture": "#0"},
				"south": {"uv": [0, 1, 1, 0], "rotation": 180, "texture": "#0"},
				"west": {"uv": [0, 1, 1, 0], "rotation": 180, "texture": "#0"},
				"up": {"uv": [0, 1, 1, 0], "rotation": 90, "texture": "#0"},
				"down": {"uv": [0, 1, 1, 0], "rotation": 270, "texture": "#0"}
			}
		},
		{
			"name": "hexadecagon",
			"from": [8.15692, 0.0201, 6.40094],
			"to": [8.75365, 0.2901, 6.70094],
			"rotation": {"angle": -45, "axis": "y", "origin": [8.45528, 0.3201, 7.90094]},
			"faces": {
				"north": {"uv": [0, 1, 1, 0], "rotation": 180, "texture": "#0"},
				"east": {"uv": [0, 1, 1, 0], "rotation": 180, "texture": "#0"},
				"south": {"uv": [0, 1, 1, 0], "rotation": 180, "texture": "#0"},
				"west": {"uv": [0, 1, 1, 0], "rotation": 180, "texture": "#0"},
				"up": {"uv": [0, 1, 1, 0], "rotation": 90, "texture": "#0"},
				"down": {"uv": [0, 1, 1, 0], "rotation": 270, "texture": "#0"}
			}
		},
		{
			"name": "hexadecagon",
			"from": [8.15692, 0.0201, 6.40094],
			"to": [8.75365, 0.2901, 9.31094],
			"rotation": {"angle": -22.5, "axis": "y", "origin": [8.45528, 0.3201, 7.90094]},
			"faces": {
				"north": {"uv": [0, 1, 1, 0], "rotation": 180, "texture": "#0"},
				"east": {"uv": [0, 1, 1, 0], "rotation": 180, "texture": "#0"},
				"south": {"uv": [0, 1, 1, 0], "rotation": 180, "texture": "#0"},
				"west": {"uv": [0, 1, 1, 0], "rotation": 180, "texture": "#0"},
				"up": {"uv": [0, 1, 1, 0], "rotation": 90, "texture": "#0"},
				"down": {"uv": [0, 1, 1, 0], "rotation": 270, "texture": "#0"}
			}
		},
		{
			"name": "hexadecagon",
			"from": [8.15692, 0.0201, 6.40094],
			"to": [8.75365, 0.2901, 6.70094],
			"rotation": {"angle": 0, "axis": "y", "origin": [8.45528, 0.3201, 7.90094]},
			"faces": {
				"north": {"uv": [0, 1, 1, 0], "rotation": 180, "texture": "#0"},
				"east": {"uv": [0, 1, 1, 0], "rotation": 180, "texture": "#0"},
				"south": {"uv": [0, 1, 1, 0], "rotation": 180, "texture": "#0"},
				"west": {"uv": [0, 1, 1, 0], "rotation": 180, "texture": "#0"},
				"up": {"uv": [0, 1, 1, 0], "rotation": 90, "texture": "#0"},
				"down": {"uv": [0, 1, 1, 0], "rotation": 270, "texture": "#0"}
			}
		},
		{
			"name": "hexadecagon",
			"from": [8.15692, 0.0201, 6.40094],
			"to": [8.75365, 0.2901, 9.16094],
			"rotation": {"angle": 22.5, "axis": "y", "origin": [8.45528, 0.3201, 7.90094]},
			"faces": {
				"north": {"uv": [0, 1, 1, 0], "rotation": 180, "texture": "#0"},
				"east": {"uv": [0, 1, 1, 0], "rotation": 180, "texture": "#0"},
				"south": {"uv": [0, 1, 1, 0], "rotation": 180, "texture": "#0"},
				"west": {"uv": [0, 1, 1, 0], "rotation": 180, "texture": "#0"},
				"up": {"uv": [0, 1, 1, 0], "rotation": 90, "texture": "#0"},
				"down": {"uv": [0, 1, 1, 0], "rotation": 270, "texture": "#0"}
			}
		},
		{
			"name": "hexadecagon",
			"from": [8.15692, 0.0201, 6.40094],
			"to": [8.75365, 0.2901, 6.70094],
			"rotation": {"angle": 45, "axis": "y", "origin": [8.45528, 0.3201, 7.90094]},
			"faces": {
				"north": {"uv": [0, 1, 1, 0], "rotation": 180, "texture": "#0"},
				"east": {"uv": [0, 1, 1, 0], "rotation": 180, "texture": "#0"},
				"south": {"uv": [0, 1, 1, 0], "rotation": 180, "texture": "#0"},
				"west": {"uv": [0, 1, 1, 0], "rotation": 180, "texture": "#0"},
				"up": {"uv": [0, 1, 1, 0], "rotation": 90, "texture": "#0"},
				"down": {"uv": [0, 1, 1, 0], "rotation": 270, "texture": "#0"}
			}
		},
		{
			"name": "hexadecagon",
			"from": [6.95528, 0.0201, 7.60257],
			"to": [9.68528, 0.2901, 8.1993],
			"rotation": {"angle": -22.5, "axis": "y", "origin": [8.45528, 0.3201, 7.90094]},
			"faces": {
				"north": {"uv": [0, 1, 1, 0], "rotation": 180, "texture": "#0"},
				"east": {"uv": [0, 1, 1, 0], "rotation": 180, "texture": "#0"},
				"south": {"uv": [0, 1, 1, 0], "rotation": 180, "texture": "#0"},
				"west": {"uv": [0, 1, 1, 0], "rotation": 180, "texture": "#0"},
				"up": {"uv": [0, 1, 1, 0], "rotation": 90, "texture": "#0"},
				"down": {"uv": [0, 1, 1, 0], "rotation": 270, "texture": "#0"}
			}
		},
		{
			"name": "hexadecagon",
			"from": [6.95528, 0.0201, 7.60257],
			"to": [9.77528, 0.2901, 8.1993],
			"rotation": {"angle": 0, "axis": "y", "origin": [8.45528, 0.3201, 7.90094]},
			"faces": {
				"north": {"uv": [0, 1, 1, 0], "rotation": 180, "texture": "#0"},
				"east": {"uv": [0, 1, 1, 0], "rotation": 180, "texture": "#0"},
				"south": {"uv": [0, 1, 1, 0], "rotation": 180, "texture": "#0"},
				"west": {"uv": [0, 1, 1, 0], "rotation": 180, "texture": "#0"},
				"up": {"uv": [0, 1, 1, 0], "rotation": 90, "texture": "#0"},
				"down": {"uv": [0, 1, 1, 0], "rotation": 270, "texture": "#0"}
			}
		},
		{
			"name": "hexadecagon",
			"from": [6.95528, 0.0201, 7.60257],
			"to": [7.25528, 0.2901, 8.1993],
			"rotation": {"angle": 22.5, "axis": "y", "origin": [8.45528, 0.3201, 7.90094]},
			"faces": {
				"north": {"uv": [0, 1, 1, 0], "rotation": 180, "texture": "#0"},
				"east": {"uv": [0, 1, 1, 0], "rotation": 180, "texture": "#0"},
				"south": {"uv": [0, 1, 1, 0], "rotation": 180, "texture": "#0"},
				"west": {"uv": [0, 1, 1, 0], "rotation": 180, "texture": "#0"},
				"up": {"uv": [0, 1, 1, 0], "rotation": 90, "texture": "#0"},
				"down": {"uv": [0, 1, 1, 0], "rotation": 270, "texture": "#0"}
			}
		},
		{
			"name": "hexadecagon",
			"from": [9.65528, 0.0201, 7.60257],
			"to": [9.95528, 0.2901, 8.1993],
			"rotation": {"angle": -22.5, "axis": "y", "origin": [8.45528, 0.3201, 7.90094]},
			"faces": {
				"north": {"uv": [0, 1, 1, 0], "rotation": 180, "texture": "#0"},
				"east": {"uv": [0, 1, 1, 0], "rotation": 180, "texture": "#0"},
				"south": {"uv": [0, 1, 1, 0], "rotation": 180, "texture": "#0"},
				"west": {"uv": [0, 1, 1, 0], "rotation": 180, "texture": "#0"},
				"up": {"uv": [0, 1, 1, 0], "rotation": 90, "texture": "#0"},
				"down": {"uv": [0, 1, 1, 0], "rotation": 270, "texture": "#0"}
			}
		},
		{
			"name": "hexadecagon",
			"from": [9.65528, 0.0201, 7.60257],
			"to": [9.95528, 0.2901, 8.1993],
			"rotation": {"angle": 0, "axis": "y", "origin": [8.45528, 0.3201, 7.90094]},
			"faces": {
				"north": {"uv": [0, 1, 1, 0], "rotation": 180, "texture": "#0"},
				"east": {"uv": [0, 1, 1, 0], "rotation": 180, "texture": "#0"},
				"south": {"uv": [0, 1, 1, 0], "rotation": 180, "texture": "#0"},
				"west": {"uv": [0, 1, 1, 0], "rotation": 180, "texture": "#0"},
				"up": {"uv": [0, 1, 1, 0], "rotation": 90, "texture": "#0"},
				"down": {"uv": [0, 1, 1, 0], "rotation": 270, "texture": "#0"}
			}
		},
		{
			"name": "hexadecagon",
			"from": [7.16528, 0.0201, 7.60257],
			"to": [9.95528, 0.2901, 8.1993],
			"rotation": {"angle": 22.5, "axis": "y", "origin": [8.45528, 0.3201, 7.90094]},
			"faces": {
				"north": {"uv": [0, 1, 1, 0], "rotation": 180, "texture": "#0"},
				"east": {"uv": [0, 1, 1, 0], "rotation": 180, "texture": "#0"},
				"south": {"uv": [0, 1, 1, 0], "rotation": 180, "texture": "#0"},
				"west": {"uv": [0, 1, 1, 0], "rotation": 180, "texture": "#0"},
				"up": {"uv": [0, 1, 1, 0], "rotation": 90, "texture": "#0"},
				"down": {"uv": [0, 1, 1, 0], "rotation": 270, "texture": "#0"}
			}
		},
		{
			"name": "hexadecagon",
			"from": [8.29768, 0.2931, 7.40245],
			"to": [8.54831, 2.4471, 8.56165],
			"rotation": {"angle": -45, "axis": "y", "origin": [8.423, 1.9791, 7.93165]},
			"faces": {
				"north": {"uv": [0, 1, 1, 0], "rotation": 180, "texture": "#0"},
				"east": {"uv": [0, 1, 1, 0], "rotation": 180, "texture": "#0"},
				"south": {"uv": [0, 1, 1, 0], "rotation": 180, "texture": "#0"},
				"west": {"uv": [0, 1, 1, 0], "rotation": 180, "texture": "#0"},
				"up": {"uv": [0, 1, 1, 0], "rotation": 90, "texture": "#0"},
				"down": {"uv": [0, 1, 1, 0], "rotation": 270, "texture": "#0"}
			}
		},
		{
			"name": "hexadecagon",
			"from": [8.29768, 0.2931, 8.43565],
			"to": [8.54831, 2.6271, 8.56165],
			"rotation": {"angle": -22.5, "axis": "y", "origin": [8.423, 1.9791, 7.93165]},
			"faces": {
				"north": {"uv": [0, 1, 1, 0], "rotation": 180, "texture": "#0"},
				"east": {"uv": [0, 1, 1, 0], "rotation": 180, "texture": "#0"},
				"south": {"uv": [0, 1, 1, 0], "rotation": 180, "texture": "#0"},
				"west": {"uv": [0, 1, 1, 0], "rotation": 180, "texture": "#0"},
				"up": {"uv": [0, 1, 1, 0], "rotation": 90, "texture": "#0"},
				"down": {"uv": [0, 1, 1, 0], "rotation": 270, "texture": "#0"}
			}
		},
		{
			"name": "hexadecagon",
			"from": [8.29768, 0.2931, 7.38985],
			"to": [8.54831, 2.7771, 8.56165],
			"rotation": {"angle": 0, "axis": "y", "origin": [8.423, 1.9791, 7.93165]},
			"faces": {
				"north": {"uv": [0, 1, 1, 0], "rotation": 180, "texture": "#0"},
				"east": {"uv": [0, 1, 1, 0], "rotation": 180, "texture": "#0"},
				"south": {"uv": [0, 1, 1, 0], "rotation": 180, "texture": "#0"},
				"west": {"uv": [0, 1, 1, 0], "rotation": 180, "texture": "#0"},
				"up": {"uv": [0, 1, 1, 0], "rotation": 90, "texture": "#0"},
				"down": {"uv": [0, 1, 1, 0], "rotation": 270, "texture": "#0"}
			}
		},
		{
			"name": "hexadecagon",
			"from": [8.29768, 0.2931, 8.43565],
			"to": [8.54831, 3.0171, 8.56165],
			"rotation": {"angle": 22.5, "axis": "y", "origin": [8.423, 1.9791, 7.93165]},
			"faces": {
				"north": {"uv": [0, 1, 1, 0], "rotation": 180, "texture": "#0"},
				"east": {"uv": [0, 1, 1, 0], "rotation": 180, "texture": "#0"},
				"south": {"uv": [0, 1, 1, 0], "rotation": 180, "texture": "#0"},
				"west": {"uv": [0, 1, 1, 0], "rotation": 180, "texture": "#0"},
				"up": {"uv": [0, 1, 1, 0], "rotation": 90, "texture": "#0"},
				"down": {"uv": [0, 1, 1, 0], "rotation": 270, "texture": "#0"}
			}
		},
		{
			"name": "hexadecagon",
			"from": [8.29768, 0.2931, 8.39245],
			"to": [8.54831, 3.2271, 8.56165],
			"rotation": {"angle": 45, "axis": "y", "origin": [8.423, 1.9791, 7.93165]},
			"faces": {
				"north": {"uv": [0, 1, 1, 0], "rotation": 180, "texture": "#0"},
				"east": {"uv": [0, 1, 1, 0], "rotation": 180, "texture": "#0"},
				"south": {"uv": [0, 1, 1, 0], "rotation": 180, "texture": "#0"},
				"west": {"uv": [0, 1, 1, 0], "rotation": 180, "texture": "#0"},
				"up": {"uv": [0, 1, 1, 0], "rotation": 90, "texture": "#0"},
				"down": {"uv": [0, 1, 1, 0], "rotation": 270, "texture": "#0"}
			}
		},
		{
			"name": "hexadecagon",
			"from": [8.29768, 0.2931, 7.30165],
			"to": [8.54831, 3.0171, 7.42765],
			"rotation": {"angle": -45, "axis": "y", "origin": [8.423, 1.9791, 7.93165]},
			"faces": {
				"north": {"uv": [0, 1, 1, 0], "rotation": 180, "texture": "#0"},
				"east": {"uv": [0, 1, 1, 0], "rotation": 180, "texture": "#0"},
				"south": {"uv": [0, 1, 1, 0], "rotation": 180, "texture": "#0"},
				"west": {"uv": [0, 1, 1, 0], "rotation": 180, "texture": "#0"},
				"up": {"uv": [0, 1, 1, 0], "rotation": 90, "texture": "#0"},
				"down": {"uv": [0, 1, 1, 0], "rotation": 270, "texture": "#0"}
			}
		},
		{
			"name": "hexadecagon",
			"from": [8.29768, 0.2931, 7.30165],
			"to": [8.54831, 2.9871, 7.59385],
			"rotation": {"angle": -22.5, "axis": "y", "origin": [8.423, 1.9791, 7.93165]},
			"faces": {
				"north": {"uv": [0, 1, 1, 0], "rotation": 180, "texture": "#0"},
				"east": {"uv": [0, 1, 1, 0], "rotation": 180, "texture": "#0"},
				"south": {"uv": [0, 1, 1, 0], "rotation": 180, "texture": "#0"},
				"west": {"uv": [0, 1, 1, 0], "rotation": 180, "texture": "#0"},
				"up": {"uv": [0, 1, 1, 0], "rotation": 90, "texture": "#0"},
				"down": {"uv": [0, 1, 1, 0], "rotation": 270, "texture": "#0"}
			}
		},
		{
			"name": "hexadecagon",
			"from": [8.29768, 0.2931, 7.30165],
			"to": [8.54831, 2.8371, 7.42765],
			"rotation": {"angle": 0, "axis": "y", "origin": [8.423, 1.9791, 7.93165]},
			"faces": {
				"north": {"uv": [0, 1, 1, 0], "rotation": 180, "texture": "#0"},
				"east": {"uv": [0, 1, 1, 0], "rotation": 180, "texture": "#0"},
				"south": {"uv": [0, 1, 1, 0], "rotation": 180, "texture": "#0"},
				"west": {"uv": [0, 1, 1, 0], "rotation": 180, "texture": "#0"},
				"up": {"uv": [0, 1, 1, 0], "rotation": 90, "texture": "#0"},
				"down": {"uv": [0, 1, 1, 0], "rotation": 270, "texture": "#0"}
			}
		},
		{
			"name": "hexadecagon",
			"from": [8.29768, 0.2931, 7.30165],
			"to": [8.54831, 2.5971, 8.46085],
			"rotation": {"angle": 22.5, "axis": "y", "origin": [8.423, 1.9791, 7.93165]},
			"faces": {
				"north": {"uv": [0, 1, 1, 0], "rotation": 180, "texture": "#0"},
				"east": {"uv": [0, 1, 1, 0], "rotation": 180, "texture": "#0"},
				"south": {"uv": [0, 1, 1, 0], "rotation": 180, "texture": "#0"},
				"west": {"uv": [0, 1, 1, 0], "rotation": 180, "texture": "#0"},
				"up": {"uv": [0, 1, 1, 0], "rotation": 90, "texture": "#0"},
				"down": {"uv": [0, 1, 1, 0], "rotation": 270, "texture": "#0"}
			}
		},
		{
			"name": "hexadecagon",
			"from": [8.29768, 0.2931, 7.30165],
			"to": [8.54831, 2.4171, 7.42765],
			"rotation": {"angle": 45, "axis": "y", "origin": [8.423, 1.9791, 7.93165]},
			"faces": {
				"north": {"uv": [0, 1, 1, 0], "rotation": 180, "texture": "#0"},
				"east": {"uv": [0, 1, 1, 0], "rotation": 180, "texture": "#0"},
				"south": {"uv": [0, 1, 1, 0], "rotation": 180, "texture": "#0"},
				"west": {"uv": [0, 1, 1, 0], "rotation": 180, "texture": "#0"},
				"up": {"uv": [0, 1, 1, 0], "rotation": 90, "texture": "#0"},
				"down": {"uv": [0, 1, 1, 0], "rotation": 270, "texture": "#0"}
			}
		},
		{
			"name": "hexadecagon",
			"from": [7.793, 0.2931, 7.80633],
			"to": [8.9396, 2.3571, 8.05696],
			"rotation": {"angle": -22.5, "axis": "y", "origin": [8.423, 1.9791, 7.93165]},
			"faces": {
				"north": {"uv": [0, 1, 1, 0], "rotation": 180, "texture": "#0"},
				"east": {"uv": [0, 1, 1, 0], "rotation": 180, "texture": "#0"},
				"south": {"uv": [0, 1, 1, 0], "rotation": 180, "texture": "#0"},
				"west": {"uv": [0, 1, 1, 0], "rotation": 180, "texture": "#0"},
				"up": {"uv": [0, 1, 1, 0], "rotation": 90, "texture": "#0"},
				"down": {"uv": [0, 1, 1, 0], "rotation": 270, "texture": "#0"}
			}
		},
		{
			"name": "hexadecagon",
			"from": [7.793, 0.2931, 7.80633],
			"to": [8.9774, 2.3271, 8.05696],
			"rotation": {"angle": 0, "axis": "y", "origin": [8.423, 1.9791, 7.93165]},
			"faces": {
				"north": {"uv": [0, 1, 1, 0], "rotation": 180, "texture": "#0"},
				"east": {"uv": [0, 1, 1, 0], "rotation": 180, "texture": "#0"},
				"south": {"uv": [0, 1, 1, 0], "rotation": 180, "texture": "#0"},
				"west": {"uv": [0, 1, 1, 0], "rotation": 180, "texture": "#0"},
				"up": {"uv": [0, 1, 1, 0], "rotation": 90, "texture": "#0"},
				"down": {"uv": [0, 1, 1, 0], "rotation": 270, "texture": "#0"}
			}
		},
		{
			"name": "hexadecagon",
			"from": [7.793, 0.2931, 7.80633],
			"to": [7.919, 2.3571, 8.05696],
			"rotation": {"angle": 22.5, "axis": "y", "origin": [8.423, 1.9791, 7.93165]},
			"faces": {
				"north": {"uv": [0, 1, 1, 0], "rotation": 180, "texture": "#0"},
				"east": {"uv": [0, 1, 1, 0], "rotation": 180, "texture": "#0"},
				"south": {"uv": [0, 1, 1, 0], "rotation": 180, "texture": "#0"},
				"west": {"uv": [0, 1, 1, 0], "rotation": 180, "texture": "#0"},
				"up": {"uv": [0, 1, 1, 0], "rotation": 90, "texture": "#0"},
				"down": {"uv": [0, 1, 1, 0], "rotation": 270, "texture": "#0"}
			}
		},
		{
			"name": "hexadecagon",
			"from": [8.927, 0.2931, 7.80633],
			"to": [9.053, 3.0171, 8.05696],
			"rotation": {"angle": -22.5, "axis": "y", "origin": [8.423, 1.9791, 7.93165]},
			"faces": {
				"north": {"uv": [0, 1, 1, 0], "rotation": 180, "texture": "#0"},
				"east": {"uv": [0, 1, 1, 0], "rotation": 180, "texture": "#0"},
				"south": {"uv": [0, 1, 1, 0], "rotation": 180, "texture": "#0"},
				"west": {"uv": [0, 1, 1, 0], "rotation": 180, "texture": "#0"},
				"up": {"uv": [0, 1, 1, 0], "rotation": 90, "texture": "#0"},
				"down": {"uv": [0, 1, 1, 0], "rotation": 270, "texture": "#0"}
			}
		},
		{
			"name": "hexadecagon",
			"from": [8.927, 0.2931, 7.80633],
			"to": [9.053, 3.0171, 8.05696],
			"rotation": {"angle": 0, "axis": "y", "origin": [8.423, 1.9791, 7.93165]},
			"faces": {
				"north": {"uv": [0, 1, 1, 0], "rotation": 180, "texture": "#0"},
				"east": {"uv": [0, 1, 1, 0], "rotation": 180, "texture": "#0"},
				"south": {"uv": [0, 1, 1, 0], "rotation": 180, "texture": "#0"},
				"west": {"uv": [0, 1, 1, 0], "rotation": 180, "texture": "#0"},
				"up": {"uv": [0, 1, 1, 0], "rotation": 90, "texture": "#0"},
				"down": {"uv": [0, 1, 1, 0], "rotation": 270, "texture": "#0"}
			}
		},
		{
			"name": "hexadecagon",
			"from": [8.7512, 0.2931, 7.80633],
			"to": [9.053, 3.2271, 8.05696],
			"rotation": {"angle": 22.5, "axis": "y", "origin": [8.423, 1.9791, 7.93165]},
			"faces": {
				"north": {"uv": [0, 1, 1, 0], "rotation": 180, "texture": "#0"},
				"east": {"uv": [0, 1, 1, 0], "rotation": 180, "texture": "#0"},
				"south": {"uv": [0, 1, 1, 0], "rotation": 180, "texture": "#0"},
				"west": {"uv": [0, 1, 1, 0], "rotation": 180, "texture": "#0"},
				"up": {"uv": [0, 1, 1, 0], "rotation": 90, "texture": "#0"},
				"down": {"uv": [0, 1, 1, 0], "rotation": 270, "texture": "#0"}
			}
		},
		{
			"name": "hexadecagon",
			"from": [8.29768, 0.2931, 7.38985],
			"to": [8.54831, 2.8371, 8.56165],
			"rotation": {"angle": 0, "axis": "y", "origin": [8.423, 1.9791, 7.93165]},
			"faces": {
				"north": {"uv": [0, 1, 1, 0], "rotation": 180, "texture": "#0"},
				"east": {"uv": [0, 1, 1, 0], "rotation": 180, "texture": "#0"},
				"south": {"uv": [0, 1, 1, 0], "rotation": 180, "texture": "#0"},
				"west": {"uv": [0, 1, 1, 0], "rotation": 180, "texture": "#0"},
				"up": {"uv": [0, 1, 1, 0], "rotation": 90, "texture": "#0"},
				"down": {"uv": [0, 1, 1, 0], "rotation": 270, "texture": "#0"}
			}
		},
		{
			"name": "hexadecagon",
			"from": [8.29768, 0.2931, 8.43565],
			"to": [8.54831, 3.0471, 8.56165],
			"rotation": {"angle": 22.5, "axis": "y", "origin": [8.423, 1.9791, 7.93165]},
			"faces": {
				"north": {"uv": [0, 1, 1, 0], "rotation": 180, "texture": "#0"},
				"east": {"uv": [0, 1, 1, 0], "rotation": 180, "texture": "#0"},
				"south": {"uv": [0, 1, 1, 0], "rotation": 180, "texture": "#0"},
				"west": {"uv": [0, 1, 1, 0], "rotation": 180, "texture": "#0"},
				"up": {"uv": [0, 1, 1, 0], "rotation": 90, "texture": "#0"},
				"down": {"uv": [0, 1, 1, 0], "rotation": 270, "texture": "#0"}
			}
		},
		{
			"name": "hexadecagon",
			"from": [8.29768, 0.2931, 7.30165],
			"to": [8.54831, 3.2271, 7.42765],
			"rotation": {"angle": -45, "axis": "y", "origin": [8.423, 1.9791, 7.93165]},
			"faces": {
				"north": {"uv": [0, 1, 1, 0], "rotation": 180, "texture": "#0"},
				"east": {"uv": [0, 1, 1, 0], "rotation": 180, "texture": "#0"},
				"south": {"uv": [0, 1, 1, 0], "rotation": 180, "texture": "#0"},
				"west": {"uv": [0, 1, 1, 0], "rotation": 180, "texture": "#0"},
				"up": {"uv": [0, 1, 1, 0], "rotation": 90, "texture": "#0"},
				"down": {"uv": [0, 1, 1, 0], "rotation": 270, "texture": "#0"}
			}
		},
		{
			"name": "hexadecagon",
			"from": [8.29768, 0.2931, 7.30165],
			"to": [8.54831, 2.8371, 7.42765],
			"rotation": {"angle": 0, "axis": "y", "origin": [8.423, 1.9791, 7.93165]},
			"faces": {
				"north": {"uv": [0, 1, 1, 0], "rotation": 180, "texture": "#0"},
				"east": {"uv": [0, 1, 1, 0], "rotation": 180, "texture": "#0"},
				"south": {"uv": [0, 1, 1, 0], "rotation": 180, "texture": "#0"},
				"west": {"uv": [0, 1, 1, 0], "rotation": 180, "texture": "#0"},
				"up": {"uv": [0, 1, 1, 0], "rotation": 90, "texture": "#0"},
				"down": {"uv": [0, 1, 1, 0], "rotation": 270, "texture": "#0"}
			}
		},
		{
			"name": "hexadecagon",
			"from": [8.927, 0.2931, 7.80633],
			"to": [9.053, 3.4071, 8.05696],
			"rotation": {"angle": -22.5, "axis": "y", "origin": [8.423, 1.9791, 7.93165]},
			"faces": {
				"north": {"uv": [0, 1, 1, 0], "rotation": 180, "texture": "#0"},
				"east": {"uv": [0, 1, 1, 0], "rotation": 180, "texture": "#0"},
				"south": {"uv": [0, 1, 1, 0], "rotation": 180, "texture": "#0"},
				"west": {"uv": [0, 1, 1, 0], "rotation": 180, "texture": "#0"},
				"up": {"uv": [0, 1, 1, 0], "rotation": 90, "texture": "#0"},
				"down": {"uv": [0, 1, 1, 0], "rotation": 270, "texture": "#0"}
			}
		},
		{
			"name": "hexadecagon",
			"from": [8.927, 0.2931, 7.80633],
			"to": [9.053, 3.4371, 8.05696],
			"rotation": {"angle": 0, "axis": "y", "origin": [8.423, 1.9791, 7.93165]},
			"faces": {
				"north": {"uv": [0, 1, 1, 0], "rotation": 180, "texture": "#0"},
				"east": {"uv": [0, 1, 1, 0], "rotation": 180, "texture": "#0"},
				"south": {"uv": [0, 1, 1, 0], "rotation": 180, "texture": "#0"},
				"west": {"uv": [0, 1, 1, 0], "rotation": 180, "texture": "#0"},
				"up": {"uv": [0, 1, 1, 0], "rotation": 90, "texture": "#0"},
				"down": {"uv": [0, 1, 1, 0], "rotation": 270, "texture": "#0"}
			}
		},
		{
			"from": [4.19528, 3.5901, 6.68594],
			"to": [8.75528, 3.8901, 9.31094],
			"rotation": {"angle": 45, "axis": "z", "origin": [8.45528, 5.9901, 5.71094]},
			"faces": {
				"north": {"uv": [0, 0, 15.2, 1], "texture": "#0"},
				"east": {"uv": [0, 0, 15.2, 1], "texture": "#0"},
				"south": {"uv": [0, 0, 15.2, 1], "texture": "#0"},
				"west": {"uv": [0, 0, 15.2, 1], "texture": "#0"},
				"up": {"uv": [0, 0, 15.2, 1], "rotation": 270, "texture": "#0"},
				"down": {"uv": [0, 0, 15.2, 1], "rotation": 90, "texture": "#0"}
			}
		},
		{
			"from": [3.95528, 3.7601, 6.68594],
			"to": [8.51528, 4.0601, 9.31094],
			"rotation": {"angle": 45, "axis": "z", "origin": [8.21528, 6.1601, 5.71094]},
			"faces": {
				"north": {"uv": [6, 1.5, 8.7, 3], "texture": "#2"},
				"east": {"uv": [6, 1.5, 8.7, 3], "texture": "#2"},
				"south": {"uv": [6, 1.5, 8.7, 3], "texture": "#2"},
				"west": {"uv": [6, 1.5, 8.7, 3], "texture": "#2"},
				"up": {"uv": [6, 1.5, 8.7, 3], "rotation": 270, "texture": "#2"},
				"down": {"uv": [6, 1.5, 8.7, 3], "rotation": 90, "texture": "#2"}
			}
		},
		{
			"from": [6.39528, 3.7601, 6.74594],
			"to": [6.45528, 5.4701, 8.98094],
			"rotation": {"angle": 45, "axis": "z", "origin": [8.21528, 6.1601, 5.71094]},
			"faces": {
				"north": {"uv": [7.5, 1, 10.2, 2.5], "texture": "#3"},
				"east": {"uv": [7.5, 1, 10.2, 2.5], "texture": "#3"},
				"south": {"uv": [7.5, 1, 10.2, 2.5], "texture": "#3"},
				"west": {"uv": [7.5, 1, 10.2, 2.5], "texture": "#3"},
				"up": {"uv": [7.5, 1, 10.2, 2.5], "rotation": 270, "texture": "#3"},
				"down": {"uv": [7.5, 1, 10.2, 2.5], "rotation": 90, "texture": "#3"}
			}
		},
		{
			"from": [4.70528, 3.7601, 6.74594],
			"to": [6.45528, 5.4701, 6.79094],
			"rotation": {"angle": 45, "axis": "z", "origin": [8.21528, 6.1601, 5.71094]},
			"faces": {
				"north": {"uv": [7.5, 1, 10.2, 2.5], "texture": "#3"},
				"east": {"uv": [7.5, 1, 10.2, 2.5], "texture": "#3"},
				"south": {"uv": [7.5, 1, 10.2, 2.5], "texture": "#3"},
				"west": {"uv": [7.5, 1, 10.2, 2.5], "texture": "#3"},
				"up": {"uv": [7.5, 1, 10.2, 2.5], "rotation": 270, "texture": "#3"},
				"down": {"uv": [7.5, 1, 10.2, 2.5], "rotation": 90, "texture": "#3"}
			}
		},
		{
			"from": [4.70528, 3.7601, 8.93594],
			"to": [6.45528, 5.4701, 8.98094],
			"rotation": {"angle": 45, "axis": "z", "origin": [8.21528, 6.1601, 7.90094]},
			"faces": {
				"north": {"uv": [7.5, 1, 10.2, 2.5], "texture": "#3"},
				"east": {"uv": [7.5, 1, 10.2, 2.5], "texture": "#3"},
				"south": {"uv": [7.5, 1, 10.2, 2.5], "texture": "#3"},
				"west": {"uv": [7.5, 1, 10.2, 2.5], "texture": "#3"},
				"up": {"uv": [7.5, 1, 10.2, 2.5], "rotation": 270, "texture": "#3"},
				"down": {"uv": [7.5, 1, 10.2, 2.5], "rotation": 90, "texture": "#3"}
			}
		},
		{
			"from": [7.82528, 3.7601, 9.07094],
			"to": [7.97528, 4.8701, 9.22094],
			"rotation": {"angle": 45, "axis": "z", "origin": [8.21528, 6.1601, 7.90094]},
			"faces": {
				"north": {"uv": [7.5, 1, 10.2, 2.5], "texture": "#3"},
				"east": {"uv": [7.5, 1, 10.2, 2.5], "texture": "#3"},
				"south": {"uv": [7.5, 1, 10.2, 2.5], "texture": "#3"},
				"west": {"uv": [7.5, 1, 10.2, 2.5], "texture": "#3"},
				"up": {"uv": [7.5, 1, 10.2, 2.5], "rotation": 270, "texture": "#3"},
				"down": {"uv": [7.5, 1, 10.2, 2.5], "rotation": 90, "texture": "#3"}
			}
		},
		{
			"from": [8.12528, 3.7601, 6.97094],
			"to": [8.47528, 4.8701, 7.32094],
			"rotation": {"angle": 45, "axis": "z", "origin": [8.21528, 6.1601, 7.90094]},
			"faces": {
				"north": {"uv": [7.5, 1, 10.2, 2.5], "texture": "#3"},
				"east": {"uv": [7.5, 1, 10.2, 2.5], "texture": "#3"},
				"south": {"uv": [7.5, 1, 10.2, 2.5], "texture": "#3"},
				"west": {"uv": [7.5, 1, 10.2, 2.5], "texture": "#3"},
				"up": {"uv": [15.982, 16, 0, 0], "rotation": 270, "texture": "#9"},
				"down": {"uv": [7.5, 1, 10.2, 2.5], "rotation": 90, "texture": "#3"}
			}
		},
		{
			"from": [7.52528, 3.7601, 9.07094],
			"to": [7.67528, 4.8701, 9.22094],
			"rotation": {"angle": 45, "axis": "z", "origin": [8.21528, 6.1601, 7.90094]},
			"faces": {
				"north": {"uv": [7.5, 1, 10.2, 2.5], "texture": "#3"},
				"east": {"uv": [7.5, 1, 10.2, 2.5], "texture": "#3"},
				"south": {"uv": [7.5, 1, 10.2, 2.5], "texture": "#3"},
				"west": {"uv": [7.5, 1, 10.2, 2.5], "texture": "#3"},
				"up": {"uv": [7.5, 1, 10.2, 2.5], "rotation": 270, "texture": "#3"},
				"down": {"uv": [7.5, 1, 10.2, 2.5], "rotation": 90, "texture": "#3"}
			}
		},
		{
			"from": [7.22528, 3.7601, 9.07094],
			"to": [7.37528, 4.8701, 9.22094],
			"rotation": {"angle": 45, "axis": "z", "origin": [8.21528, 6.1601, 7.90094]},
			"faces": {
				"north": {"uv": [7.5, 1, 10.2, 2.5], "texture": "#3"},
				"east": {"uv": [7.5, 1, 10.2, 2.5], "texture": "#3"},
				"south": {"uv": [7.5, 1, 10.2, 2.5], "texture": "#3"},
				"west": {"uv": [7.5, 1, 10.2, 2.5], "texture": "#3"},
				"up": {"uv": [7.5, 1, 10.2, 2.5], "rotation": 270, "texture": "#3"},
				"down": {"uv": [7.5, 1, 10.2, 2.5], "rotation": 90, "texture": "#3"}
			}
		},
		{
			"from": [6.92528, 3.7601, 9.07094],
			"to": [7.07528, 4.8701, 9.22094],
			"rotation": {"angle": 45, "axis": "z", "origin": [8.21528, 6.1601, 7.90094]},
			"faces": {
				"north": {"uv": [7.5, 1, 10.2, 2.5], "texture": "#3"},
				"east": {"uv": [7.5, 1, 10.2, 2.5], "texture": "#3"},
				"south": {"uv": [7.5, 1, 10.2, 2.5], "texture": "#3"},
				"west": {"uv": [7.5, 1, 10.2, 2.5], "texture": "#3"},
				"up": {"uv": [7.5, 1, 10.2, 2.5], "rotation": 270, "texture": "#3"},
				"down": {"uv": [7.5, 1, 10.2, 2.5], "rotation": 90, "texture": "#3"}
			}
		},
		{
			"from": [5.92528, 3.7601, 6.97094],
			"to": [6.27528, 4.8701, 7.42094],
			"rotation": {"angle": 45, "axis": "z", "origin": [8.21528, 6.1601, 8.00094]},
			"faces": {
				"north": {"uv": [3.063, 3.25, 0, 0], "rotation": 270, "texture": "#1"},
				"east": {"uv": [3.063, 3.25, 0, 0], "rotation": 270, "texture": "#1"},
				"south": {"uv": [3.063, 3.25, 0, 0], "rotation": 270, "texture": "#1"},
				"west": {"uv": [3.063, 3.25, 0, 0], "rotation": 270, "texture": "#1"},
				"up": {"uv": [3.063, 3.25, 0, 0], "rotation": 270, "texture": "#1"},
				"down": {"uv": [3.063, 3.25, 0, 0], "rotation": 270, "texture": "#1"}
			}
		},
		{
			"from": [5.52528, 3.7601, 6.97094],
			"to": [5.87528, 4.8701, 7.42094],
			"rotation": {"angle": 45, "axis": "z", "origin": [8.21528, 6.1601, 8.00094]},
			"faces": {
				"north": {"uv": [11.657, 3.25, 8.594, 0], "rotation": 270, "texture": "#1"},
				"east": {"uv": [11.657, 3.25, 8.594, 0], "rotation": 270, "texture": "#1"},
				"south": {"uv": [11.657, 3.25, 8.594, 0], "rotation": 270, "texture": "#1"},
				"west": {"uv": [11.657, 3.25, 8.594, 0], "rotation": 270, "texture": "#1"},
				"up": {"uv": [11.657, 3.25, 8.594, 0], "rotation": 270, "texture": "#1"},
				"down": {"uv": [11.657, 3.25, 8.594, 0], "rotation": 270, "texture": "#1"}
			}
		},
		{
			"from": [5.12528, 3.7601, 6.97094],
			"to": [5.47528, 4.8701, 7.42094],
			"rotation": {"angle": 45, "axis": "z", "origin": [8.21528, 6.1601, 8.00094]},
			"faces": {
				"north": {"uv": [5.938, 6.688, 2.875, 3.438], "rotation": 270, "texture": "#1"},
				"east": {"uv": [5.938, 6.688, 2.875, 3.438], "rotation": 270, "texture": "#1"},
				"south": {"uv": [5.938, 6.688, 2.875, 3.438], "rotation": 270, "texture": "#1"},
				"west": {"uv": [5.938, 6.688, 2.875, 3.438], "rotation": 270, "texture": "#1"},
				"up": {"uv": [5.938, 6.688, 2.875, 3.438], "rotation": 270, "texture": "#1"},
				"down": {"uv": [5.938, 6.688, 2.875, 3.438], "rotation": 270, "texture": "#1"}
			}
		},
		{
			"from": [4.72528, 3.7601, 6.97094],
			"to": [5.07528, 4.8701, 7.42094],
			"rotation": {"angle": 45, "axis": "z", "origin": [8.21528, 6.1601, 8.00094]},
			"faces": {
				"north": {"uv": [3.063, 9.875, 0, 6.625], "rotation": 270, "texture": "#1"},
				"east": {"uv": [3.063, 9.875, 0, 6.625], "rotation": 270, "texture": "#1"},
				"south": {"uv": [3.063, 9.875, 0, 6.625], "rotation": 270, "texture": "#1"},
				"west": {"uv": [3.063, 9.875, 0, 6.625], "rotation": 270, "texture": "#1"},
				"up": {"uv": [3.063, 9.875, 0, 6.625], "rotation": 270, "texture": "#1"},
				"down": {"uv": [3.063, 9.875, 0, 6.625], "rotation": 270, "texture": "#1"}
			}
		},
		{
			"from": [4.22528, 3.7601, 6.97094],
			"to": [4.57528, 4.8701, 7.42094],
			"rotation": {"angle": 45, "axis": "z", "origin": [8.21528, 6.1601, 8.00094]},
			"faces": {
				"north": {"uv": [3.063, 9.875, 0, 6.625], "rotation": 270, "texture": "#6"},
				"east": {"uv": [3.063, 9.875, 0, 6.625], "rotation": 270, "texture": "#6"},
				"south": {"uv": [3.063, 9.875, 0, 6.625], "rotation": 270, "texture": "#6"},
				"west": {"uv": [3.063, 9.875, 0, 6.625], "rotation": 270, "texture": "#6"},
				"up": {"uv": [3.063, 9.875, 0, 6.625], "rotation": 270, "texture": "#6"},
				"down": {"uv": [3.063, 9.875, 0, 6.625], "rotation": 270, "texture": "#6"}
			}
		},
		{
			"from": [5.92528, 3.7601, 8.37094],
			"to": [6.27528, 4.8701, 8.82094],
			"rotation": {"angle": 45, "axis": "z", "origin": [8.21528, 6.1601, 9.40094]},
			"faces": {
				"north": {"uv": [8.844, 3.25, 5.782, 0], "rotation": 270, "texture": "#1"},
				"east": {"uv": [8.844, 3.25, 5.782, 0], "rotation": 270, "texture": "#1"},
				"south": {"uv": [8.844, 3.25, 5.782, 0], "rotation": 270, "texture": "#1"},
				"west": {"uv": [8.844, 3.25, 5.782, 0], "rotation": 270, "texture": "#1"},
				"up": {"uv": [8.844, 3.25, 5.782, 0], "rotation": 270, "texture": "#1"},
				"down": {"uv": [8.844, 3.25, 5.782, 0], "rotation": 270, "texture": "#1"}
			}
		},
		{
			"from": [5.52528, 3.7601, 8.37094],
			"to": [5.87528, 4.8701, 8.82094],
			"rotation": {"angle": 45, "axis": "z", "origin": [8.21528, 6.1601, 9.40094]},
			"faces": {
				"north": {"uv": [3.063, 6.844, 0, 3.594], "rotation": 270, "texture": "#1"},
				"east": {"uv": [3.063, 6.844, 0, 3.594], "rotation": 270, "texture": "#1"},
				"south": {"uv": [3.063, 6.844, 0, 3.594], "rotation": 270, "texture": "#1"},
				"west": {"uv": [3.063, 6.844, 0, 3.594], "rotation": 270, "texture": "#1"},
				"up": {"uv": [3.063, 6.844, 0, 3.594], "rotation": 270, "texture": "#1"},
				"down": {"uv": [3.063, 6.844, 0, 3.594], "rotation": 270, "texture": "#1"}
			}
		},
		{
			"from": [5.12528, 3.7601, 8.37094],
			"to": [5.47528, 4.8701, 8.82094],
			"rotation": {"angle": 45, "axis": "z", "origin": [8.21528, 6.1601, 9.40094]},
			"faces": {
				"north": {"uv": [11.594, 6.844, 8.532, 3.594], "rotation": 270, "texture": "#1"},
				"east": {"uv": [11.594, 6.844, 8.532, 3.594], "rotation": 270, "texture": "#1"},
				"south": {"uv": [11.594, 6.844, 8.532, 3.594], "rotation": 270, "texture": "#1"},
				"west": {"uv": [11.594, 6.844, 8.532, 3.594], "rotation": 270, "texture": "#1"},
				"up": {"uv": [11.594, 6.844, 8.532, 3.594], "rotation": 270, "texture": "#1"},
				"down": {"uv": [11.594, 6.844, 8.532, 3.594], "rotation": 270, "texture": "#1"}
			}
		},
		{
			"from": [4.72528, 3.7601, 8.37094],
			"to": [5.07528, 4.8701, 8.82094],
			"rotation": {"angle": 45, "axis": "z", "origin": [8.21528, 6.1601, 9.40094]},
			"faces": {
				"north": {"uv": [14.594, 6.688, 11.532, 3.438], "rotation": 270, "texture": "#1"},
				"east": {"uv": [14.594, 6.688, 11.532, 3.438], "rotation": 270, "texture": "#1"},
				"south": {"uv": [14.594, 6.688, 11.532, 3.438], "rotation": 270, "texture": "#1"},
				"west": {"uv": [14.594, 6.688, 11.532, 3.438], "rotation": 270, "texture": "#1"},
				"up": {"uv": [14.594, 6.688, 11.532, 3.438], "rotation": 270, "texture": "#1"},
				"down": {"uv": [14.594, 6.688, 11.532, 3.438], "rotation": 270, "texture": "#1"}
			}
		},
		{
			"from": [4.22528, 3.7601, 8.37094],
			"to": [4.57528, 4.8701, 8.82094],
			"rotation": {"angle": 45, "axis": "z", "origin": [8.21528, 6.1601, 9.40094]},
			"faces": {
				"north": {"uv": [14.594, 6.688, 11.532, 3.438], "rotation": 270, "texture": "#7"},
				"east": {"uv": [14.594, 6.688, 11.532, 3.438], "rotation": 270, "texture": "#7"},
				"south": {"uv": [14.594, 6.688, 11.532, 3.438], "rotation": 270, "texture": "#7"},
				"west": {"uv": [14.594, 6.688, 11.532, 3.438], "rotation": 270, "texture": "#7"},
				"up": {"uv": [14.594, 6.688, 11.532, 3.438], "rotation": 270, "texture": "#7"},
				"down": {"uv": [14.594, 6.688, 11.532, 3.438], "rotation": 270, "texture": "#7"}
			}
		},
		{
			"from": [5.92528, 3.7601, 7.67094],
			"to": [6.27528, 4.8701, 8.12094],
			"rotation": {"angle": 45, "axis": "z", "origin": [8.21528, 6.1601, 8.70094]},
			"faces": {
				"north": {"uv": [5.907, 3.25, 2.844, 0], "rotation": 270, "texture": "#1"},
				"east": {"uv": [5.907, 3.25, 2.844, 0], "rotation": 270, "texture": "#1"},
				"south": {"uv": [5.907, 3.25, 2.844, 0], "rotation": 270, "texture": "#1"},
				"west": {"uv": [5.907, 3.25, 2.844, 0], "rotation": 270, "texture": "#1"},
				"up": {"uv": [5.907, 3.25, 2.844, 0], "rotation": 270, "texture": "#1"},
				"down": {"uv": [5.907, 3.25, 2.844, 0], "rotation": 270, "texture": "#1"}
			}
		},
		{
			"from": [5.52528, 3.7601, 7.67094],
			"to": [5.87528, 4.8701, 8.12094],
			"rotation": {"angle": 45, "axis": "z", "origin": [8.21528, 6.1601, 8.70094]},
			"faces": {
				"north": {"uv": [14.563, 3.25, 11.5, 0], "rotation": 270, "texture": "#1"},
				"east": {"uv": [14.563, 3.25, 11.5, 0], "rotation": 270, "texture": "#1"},
				"south": {"uv": [14.563, 3.25, 11.5, 0], "rotation": 270, "texture": "#1"},
				"west": {"uv": [14.563, 3.25, 11.5, 0], "rotation": 270, "texture": "#1"},
				"up": {"uv": [14.563, 3.25, 11.5, 0], "rotation": 270, "texture": "#1"},
				"down": {"uv": [14.563, 3.25, 11.5, 0], "rotation": 270, "texture": "#1"}
			}
		},
		{
			"from": [5.12528, 3.7601, 7.67094],
			"to": [5.47528, 4.8701, 8.12094],
			"rotation": {"angle": 45, "axis": "z", "origin": [8.21528, 6.1601, 8.70094]},
			"faces": {
				"north": {"uv": [8.844, 6.75, 5.782, 3.5], "rotation": 270, "texture": "#1"},
				"east": {"uv": [8.844, 6.75, 5.782, 3.5], "rotation": 270, "texture": "#1"},
				"south": {"uv": [8.844, 6.75, 5.782, 3.5], "rotation": 270, "texture": "#1"},
				"west": {"uv": [8.844, 6.75, 5.782, 3.5], "rotation": 270, "texture": "#1"},
				"up": {"uv": [8.844, 6.75, 5.782, 3.5], "rotation": 270, "texture": "#1"},
				"down": {"uv": [8.844, 6.75, 5.782, 3.5], "rotation": 270, "texture": "#1"}
			}
		},
		{
			"from": [4.72528, 3.7601, 7.67094],
			"to": [5.07528, 4.8701, 8.12094],
			"rotation": {"angle": 45, "axis": "z", "origin": [8.21528, 6.1601, 8.70094]},
			"faces": {
				"north": {"uv": [5.938, 9.844, 2.875, 6.594], "rotation": 270, "texture": "#1"},
				"east": {"uv": [5.938, 9.844, 2.875, 6.594], "rotation": 270, "texture": "#1"},
				"south": {"uv": [5.938, 9.844, 2.875, 6.594], "rotation": 270, "texture": "#1"},
				"west": {"uv": [5.938, 9.844, 2.875, 6.594], "rotation": 270, "texture": "#1"},
				"up": {"uv": [5.938, 9.844, 2.875, 6.594], "rotation": 270, "texture": "#1"},
				"down": {"uv": [5.938, 9.844, 2.875, 6.594], "rotation": 270, "texture": "#1"}
			}
		},
		{
			"from": [4.22528, 3.7601, 7.67094],
			"to": [4.57528, 4.8701, 8.12094],
			"rotation": {"angle": 45, "axis": "z", "origin": [8.21528, 6.1601, 8.70094]},
			"faces": {
				"north": {"uv": [5.938, 9.844, 2.875, 6.594], "rotation": 270, "texture": "#8"},
				"east": {"uv": [5.938, 9.844, 2.875, 6.594], "rotation": 270, "texture": "#8"},
				"south": {"uv": [5.938, 9.844, 2.875, 6.594], "rotation": 270, "texture": "#8"},
				"west": {"uv": [5.938, 9.844, 2.875, 6.594], "rotation": 270, "texture": "#8"},
				"up": {"uv": [5.938, 9.844, 2.875, 6.594], "rotation": 270, "texture": "#8"},
				"down": {"uv": [5.938, 9.844, 2.875, 6.594], "rotation": 270, "texture": "#8"}
			}
		},
		{
			"from": [3.95528, 4.0601, 6.68594],
			"to": [8.51528, 4.8401, 9.30594],
			"rotation": {"angle": 45, "axis": "z", "origin": [8.21528, 6.1601, 5.71094]},
			"faces": {
				"north": {"uv": [6, 1.5, 8.7, 3], "texture": "#2"},
				"east": {"uv": [6, 1.5, 8.7, 3], "texture": "#2"},
				"south": {"uv": [6, 1.5, 8.7, 3], "texture": "#2"},
				"west": {"uv": [6, 1.5, 8.7, 3], "texture": "#2"},
				"up": {"uv": [6, 1.5, 8.7, 3], "rotation": 270, "texture": "#2"},
				"down": {"uv": [6, 1.5, 8.7, 3], "rotation": 90, "texture": "#2"}
			}
		},
		{
			"from": [6.47528, 3.7601, 6.92594],
			"to": [8.03528, 4.8701, 8.98094],
			"rotation": {"angle": 45, "axis": "z", "origin": [8.21528, 6.1601, 5.71094]},
			"faces": {
				"north": {"uv": [6, 1.5, 8.7, 3], "texture": "#0"},
				"east": {"uv": [6, 1.5, 8.7, 3], "texture": "#0"},
				"south": {"uv": [6, 1.5, 8.7, 3], "texture": "#0"},
				"west": {"uv": [6, 1.5, 8.7, 3], "texture": "#0"},
				"up": {"uv": [6, 1.5, 8.7, 3], "rotation": 270, "texture": "#0"},
				"down": {"uv": [6, 1.5, 8.7, 3], "rotation": 90, "texture": "#0"}
			}
		},
		{
			"from": [4.07528, 3.7601, 6.92594],
			"to": [4.13528, 4.8701, 9.08094],
			"rotation": {"angle": 45, "axis": "z", "origin": [8.21528, 6.1601, 5.71094]},
			"faces": {
				"north": {"uv": [6, 1.5, 8.7, 3], "texture": "#0"},
				"east": {"uv": [6, 1.5, 8.7, 3], "texture": "#0"},
				"south": {"uv": [6, 1.5, 8.7, 3], "texture": "#0"},
				"west": {"uv": [6, 1.5, 8.7, 3], "texture": "#0"},
				"up": {"uv": [6, 1.5, 8.7, 3], "rotation": 270, "texture": "#0"},
				"down": {"uv": [6, 1.5, 8.7, 3], "rotation": 90, "texture": "#0"}
			}
		},
		{
			"from": [3.87528, 4.5601, 6.92594],
			"to": [4.13528, 4.6701, 9.08094],
			"rotation": {"angle": 45, "axis": "z", "origin": [8.21528, 6.1601, 5.71094]},
			"faces": {
				"north": {"uv": [6, 1.5, 8.7, 3], "texture": "#0"},
				"east": {"uv": [6, 1.5, 8.7, 3], "texture": "#0"},
				"south": {"uv": [6, 1.5, 8.7, 3], "texture": "#0"},
				"west": {"uv": [6, 1.5, 8.7, 3], "texture": "#0"},
				"up": {"uv": [6, 1.5, 8.7, 3], "rotation": 270, "texture": "#0"},
				"down": {"uv": [6, 1.5, 8.7, 3], "rotation": 90, "texture": "#0"}
			}
		},
		{
			"from": [3.95528, 3.7601, 9.05594],
			"to": [8.51528, 4.5401, 9.31094],
			"rotation": {"angle": 45, "axis": "z", "origin": [8.21528, 6.1601, 8.08094]},
			"faces": {
				"north": {"uv": [6, 1.5, 8.7, 3], "texture": "#2"},
				"east": {"uv": [6, 1.5, 8.7, 3], "texture": "#2"},
				"south": {"uv": [6, 1.5, 8.7, 3], "texture": "#2"},
				"west": {"uv": [6, 1.5, 8.7, 3], "texture": "#2"},
				"up": {"uv": [6, 1.5, 8.7, 3], "rotation": 270, "texture": "#2"},
				"down": {"uv": [6, 1.5, 8.7, 3], "rotation": 90, "texture": "#2"}
			}
		},
		{
			"from": [3.95528, 3.7601, 6.68594],
			"to": [4.22528, 4.8401, 9.31094],
			"rotation": {"angle": 45, "axis": "z", "origin": [8.21528, 6.1601, 5.71094]},
			"faces": {
				"north": {"uv": [6, 1.5, 8.7, 3], "texture": "#2"},
				"east": {"uv": [6, 1.5, 8.7, 3], "texture": "#2"},
				"south": {"uv": [6, 1.5, 8.7, 3], "texture": "#2"},
				"west": {"uv": [6, 1.5, 8.7, 3], "texture": "#2"},
				"up": {"uv": [6, 1.5, 8.7, 3], "rotation": 270, "texture": "#2"},
				"down": {"uv": [6, 1.5, 8.7, 3], "rotation": 90, "texture": "#2"}
			}
		}
	],
	"groups": [
		{
			"name": "standaard",
			"origin": [8, 8, 8],
			"children": [
				{
					"name": "onder cirkel",
					"origin": [8, 8, 8],
					"children": [0, 1, 2, 3, 4, 5, 6, 7, 8, 9, 10, 11, 12, 13, 14, 15]
				},
				{
					"name": "standaard",
					"origin": [8, 8, 8],
					"children": [16, 17, 18, 19, 20, 21, 22, 23, 24, 25, 26, 27, 28, 29, 30, 31]
				},
				{
					"name": "standaard",
					"origin": [8, 8, 8],
					"children": [32, 33, 34, 35, 36, 37]
				}, 38]
		},
		{
			"name": "pin console",
			"origin": [8, 8, 8],
			"children": [39, 40, 41, 42, 43, 44, 45, 46, 47, 48, 49, 50, 51, 52, 53, 54, 55, 56, 57, 58, 59, 60, 61, 62, 63, 64, 65, 66, 67, 68]
		}
	]
}
