{
	"__comment": "Updated Version Play.DusDavidGames.NL",
	"textures": {
		"particle": "blocks/anvil_base",
		"1": "blocks/anvil_base",
		"2": "blocks/wool_colored_black",
		"3": "blocks/iron_block",
		"4": "blocks/quartz_block_bottom",
		"5": "blocks/stone_andesite",
		"6": "blocks/wool_colored_cyan"
	},
	"elements": [
		{
			"from": [ 11, 4, -1 ],
			"to": [ 11.5, 15.5, 17 ],
			"faces": {
				"down": { "uv": [ 16, 5, 0, 4.5 ], "texture": "#1", "rotation": 270 },
				"up": { "uv": [ 0, 4.5, 16, 5 ], "texture": "#1", "rotation": 90 },
				"north": { "uv": [ 4.5, 0.5, 5, 12 ], "texture": "#1" },
				"south": { "uv": [ 11, 0.5, 11.5, 12 ], "texture": "#1" },
				"west": { "uv": [ 0, 0.5, 16, 12 ], "texture": "#1" },
				"east": { "uv": [ 0, 0.5, 16, 12 ], "texture": "#1" }
			}
		},
		{
			"from": [ 10.5, 0, 7 ],
			"to": [ 15, 0.5, 10 ],
			"faces": {
				"down": { "uv": [ 9, 5.5, 6, 1 ], "texture": "#1", "rotation": 270 },
				"up": { "uv": [ 7, 1, 10, 5.5 ], "texture": "#1", "rotation": 90 },
				"north": { "uv": [ 1, 15.5, 5.5, 16 ], "texture": "#1" },
				"south": { "uv": [ 10.5, 15.5, 15, 16 ], "texture": "#1" },
				"west": { "uv": [ 7, 15.5, 10, 16 ], "texture": "#1" },
				"east": { "uv": [ 6, 15.5, 9, 16 ], "texture": "#1" }
			}
		},
		{
			"from": [ 11.5, 5.5, 0.5 ],
			"to": [ 12.5, 14.5, 15.5 ],
			"faces": {
				"down": { "uv": [ 8.5, 0, 6.5, 0 ], "texture": "#1", "rotation": 270 },
				"up": { "uv": [ 7.5, 0, 9.5, 0 ], "texture": "#1", "rotation": 90 },
				"north": { "uv": [ 0, 9, 0, 14.5 ], "texture": "#1" },
				"south": { "uv": [ 16, 9, 16, 14.5 ], "texture": "#1" },
				"west": { "uv": [ 7.5, 9, 9.5, 14.5 ], "texture": "#1" },
				"east": { "uv": [ 6.5, 9, 8.5, 14.5 ], "texture": "#1" }
			}
		},
		{
			"from": [ 12.5, 0.5, 7.8125 ],
			"to": [ 14, 3.5, 9.3125 ],
			"faces": {
				"down": { "uv": [ 8.5, 3.5, 6.5, 2 ], "texture": "#1", "rotation": 270 },
				"up": { "uv": [ 7.5, 2, 9.5, 3.5 ], "texture": "#1", "rotation": 90 },
				"north": { "uv": [ 2, 9.5, 3.5, 15 ], "texture": "#1" },
				"south": { "uv": [ 12.5, 9.5, 14, 15 ], "texture": "#1" },
				"west": { "uv": [ 7.5, 9.5, 9.5, 15 ], "texture": "#1" },
				"east": { "uv": [ 6.5, 9.5, 8.5, 15 ], "texture": "#1" }
			}
		},
		{
			"from": [ 12, 3, 7.8125 ],
			"to": [ 13.5, 5.5, 9.3125 ],
			"faces": {
				"down": { "uv": [ 8.25, 4, 6.75, 2.5 ], "texture": "#1", "rotation": 270 },
				"up": { "uv": [ 7.75, 2.5, 9.25, 4 ], "texture": "#1", "rotation": 90 },
				"north": { "uv": [ 2.5, 10.5, 4, 13 ], "texture": "#1" },
				"south": { "uv": [ 12, 10.5, 13.5, 13 ], "texture": "#1" },
				"west": { "uv": [ 7.75, 10.5, 9.25, 13 ], "texture": "#1" },
				"east": { "uv": [ 6.75, 10.5, 8.25, 13 ], "texture": "#1" }
			}
		},
		{
			"from": [ 11.5, 4.5, 7.8125 ],
			"to": [ 13, 6, 9.3125 ],
			"faces": {
				"down": { "uv": [ 8.25, 4.5, 6.75, 3 ], "texture": "#1", "rotation": 270 },
				"up": { "uv": [ 7.75, 3, 9.25, 4.5 ], "texture": "#1", "rotation": 90 },
				"north": { "uv": [ 3, 10, 4.5, 11.5 ], "texture": "#1" },
				"south": { "uv": [ 11.5, 10, 13, 11.5 ], "texture": "#1" },
				"west": { "uv": [ 7.75, 10, 9.25, 11.5 ], "texture": "#1" },
				"east": { "uv": [ 6.75, 10, 8.25, 11.5 ], "texture": "#1" }
			}
		},
		{
			"from": [ 10.9375, 15, -1 ],
			"to": [ 11, 15.5, 17 ],
			"faces": {
				"down": { "uv": [ 16, 7.5, 0, 7 ], "texture": "#1", "rotation": 270 },
				"up": { "uv": [ 0, 7, 16, 7.5 ], "texture": "#1", "rotation": 90 },
				"north": { "uv": [ 7, 0, 7.5, 1 ], "texture": "#1" },
				"south": { "uv": [ 8.5, 0, 9, 1 ], "texture": "#1" },
				"west": { "uv": [ 0, 0, 16, 1 ], "texture": "#1" },
				"east": { "uv": [ 0, 0, 16, 1 ], "texture": "#1" }
			}
		},
		{
			"from": [ 10.9375, 4, -1 ],
			"to": [ 11, 5, 17 ],
			"faces": {
				"down": { "uv": [ 16, 7.5, 0, 7 ], "texture": "#1", "rotation": 270 },
				"up": { "uv": [ 0, 7, 16, 7.5 ], "texture": "#1", "rotation": 90 },
				"north": { "uv": [ 7, 0, 7.5, 1 ], "texture": "#1" },
				"south": { "uv": [ 8.5, 0, 9, 1 ], "texture": "#1" },
				"west": { "uv": [ 0, 0, 16, 1 ], "texture": "#1" },
				"east": { "uv": [ 0, 0, 16, 1 ], "texture": "#1" }
			}
		},
		{
			"from": [ 10.9375, 5, 16.5 ],
			"to": [ 11, 15, 17 ],
			"faces": {
				"down": { "uv": [ 16, 7.5, 0, 7 ], "texture": "#1", "rotation": 270 },
				"up": { "uv": [ 0, 7, 16, 7.5 ], "texture": "#1", "rotation": 90 },
				"north": { "uv": [ 7, 0, 7.5, 1 ], "texture": "#1" },
				"south": { "uv": [ 8.5, 0, 9, 1 ], "texture": "#1" },
				"west": { "uv": [ 0, 0, 16, 1 ], "texture": "#1" },
				"east": { "uv": [ 0, 0, 16, 1 ], "texture": "#1" }
			}
		},
		{
			"from": [ 10.9375, 5, -1 ],
			"to": [ 11, 15, -0.5 ],
			"faces": {
				"down": { "uv": [ 16, 7.5, 0, 7 ], "texture": "#1", "rotation": 270 },
				"up": { "uv": [ 0, 7, 16, 7.5 ], "texture": "#1", "rotation": 90 },
				"north": { "uv": [ 7, 0, 7.5, 1 ], "texture": "#1" },
				"south": { "uv": [ 8.5, 0, 9, 1 ], "texture": "#1" },
				"west": { "uv": [ 0, 0, 16, 1 ], "texture": "#1" },
				"east": { "uv": [ 0, 0, 16, 1 ], "texture": "#1" }
			}
		},
		{
			"from": [ 10.9375, 5, -0.5 ],
			"to": [ 11, 15, 16.5 ],
			"faces": {
				"down": { "uv": [ 16, 5.0625, 0, 5 ], "texture": "#2", "rotation": 270 },
				"up": { "uv": [ 0, 5, 16, 5.0625 ], "texture": "#2", "rotation": 90 },
				"north": { "uv": [ 5, 1, 5.0625, 11 ], "texture": "#2" },
				"south": { "uv": [ 10.9375, 1, 11, 11 ], "texture": "#2" },
				"west": { "uv": [ 0.5, 3.5, 15.5, 13 ], "texture": "#2" },
				"east": { "uv": [ 0.5, 2.5, 15.5, 13 ], "texture": "#2" }
			}
		},
		{
			"from": [ 10.8125, 4.25, 15.5 ],
			"to": [ 11.3125, 4.75, 16.5 ],
			"faces": {
				"down": { "uv": [ 7.5, 6, 8.5, 7 ], "texture": "#4", "rotation": 270 },
				"up": { "uv": [ 7.5, 6, 8.5, 7 ], "texture": "#4", "rotation": 90 },
				"north": { "uv": [ 7.5, 6, 8.5, 7 ], "texture": "#4" },
				"south": { "uv": [ 7.5, 6, 8.5, 7 ], "texture": "#4" },
				"west": { "uv": [ 7.5, 6, 8.5, 7 ], "texture": "#4" },
				"east": { "uv": [ 7.5, 6, 8.5, 7 ], "texture": "#4" }
			}
		},
		{
			"from": [ 4, 0, 0 ],
			"to": [ 8.5, 0.5, 13 ],
			"faces": {
				"down": { "uv": [ 16, 14, 16, 7.5 ], "texture": "#1", "rotation": 270 },
				"up": { "uv": [ 0, 7.5, 0, 14 ], "texture": "#1", "rotation": 90 },
				"north": { "uv": [ 7.5, 15.5, 14, 16 ], "texture": "#1" },
				"south": { "uv": [ 2, 15.5, 8.5, 16 ], "texture": "#1" },
				"west": { "uv": [ 0, 15.5, 0, 16 ], "texture": "#1" },
				"east": { "uv": [ 16, 15.5, 16, 16 ], "texture": "#1" }
			}
		},
		{
			"from": [ 4.5, 0.5, 0.5 ],
			"to": [ 8, 0.5625, 8.5 ],
			"faces": {
				"down": { "uv": [ 4.5, 0.5, 8, 8.5 ], "texture": "#5" },
				"up": { "uv": [ 4.5, 0.5, 8, 8.5 ], "texture": "#5" },
				"north": { "uv": [ 4.5, 15.4375, 8, 15.5 ], "texture": "#5" },
				"south": { "uv": [ 4.5, 15.4375, 8, 15.5 ], "texture": "#5" },
				"west": { "uv": [ 0.5, 15.4375, 8.5, 15.5 ], "texture": "#5" },
				"east": { "uv": [ 0.5, 15.4375, 8.5, 15.5 ], "texture": "#5" }
			}
		},
		{
			"from": [ 4.5, 0.5, 11 ],
			"to": [ 7.5, 0.5625, 12.5 ],
			"faces": {
				"down": { "uv": [ 4.5, 11, 7.5, 12.5 ], "texture": "#5" },
				"up": { "uv": [ 4.5, 11, 7.5, 12.5 ], "texture": "#5" },
				"north": { "uv": [ 4.5, 15.4375, 7.5, 15.5 ], "texture": "#5" },
				"south": { "uv": [ 4.5, 15.4375, 7.5, 15.5 ], "texture": "#5" },
				"west": { "uv": [ 11, 15.4375, 12.5, 15.5 ], "texture": "#5" },
				"east": { "uv": [ 11, 15.4375, 12.5, 15.5 ], "texture": "#5" }
			}
		},
		{
			"from": [ 6, 0.5, 9 ],
			"to": [ 8, 0.5625, 10.5 ],
			"faces": {
				"down": { "uv": [ 6, 9, 8, 10.5 ], "texture": "#5" },
				"up": { "uv": [ 6, 9, 8, 10.5 ], "texture": "#5" },
				"north": { "uv": [ 6, 15.4375, 8, 15.5 ], "texture": "#5" },
				"south": { "uv": [ 6, 15.4375, 8, 15.5 ], "texture": "#5" },
				"west": { "uv": [ 9, 15.4375, 10.5, 15.5 ], "texture": "#5" },
				"east": { "uv": [ 9, 15.4375, 10.5, 15.5 ], "texture": "#5" }
			}
		},
		{
			"from": [ 4.5, 0.5, 9 ],
			"to": [ 5, 0.5625, 10.5 ],
			"faces": {
				"down": { "uv": [ 4.5, 9, 5, 10.5 ], "texture": "#5" },
				"up": { "uv": [ 4.5, 9, 5, 10.5 ], "texture": "#5" },
				"north": { "uv": [ 4.5, 15.4375, 5, 15.5 ], "texture": "#5" },
				"south": { "uv": [ 4.5, 15.4375, 5, 15.5 ], "texture": "#5" },
				"west": { "uv": [ 9, 15.4375, 10.5, 15.5 ], "texture": "#5" },
				"east": { "uv": [ 9, 15.4375, 10.5, 15.5 ], "texture": "#5" }
			}
		},
		{
			"from": [ 5, 0.5, 9.5 ],
			"to": [ 5.5, 0.5625, 10 ],
			"faces": {
				"down": { "uv": [ 5, 9.5, 5.5, 10 ], "texture": "#5" },
				"up": { "uv": [ 5, 9.5, 5.5, 10 ], "texture": "#5" },
				"north": { "uv": [ 5, 15.4375, 5.5, 15.5 ], "texture": "#5" },
				"south": { "uv": [ 5, 15.4375, 5.5, 15.5 ], "texture": "#5" },
				"west": { "uv": [ 9.5, 15.4375, 10, 15.5 ], "texture": "#5" },
				"east": { "uv": [ 9.5, 15.4375, 10, 15.5 ], "texture": "#5" }
			}
		},
		{
			"from": [ 4.0625, 0, 13.5 ],
			"to": [ 8.0625, 0.0625, 16 ],
			"faces": {
				"down": { "uv": [ 2.5, 12, 0, 8 ], "texture": "#6", "rotation": 270 },
				"up": { "uv": [ 13.5, 8, 16, 12 ], "texture": "#6", "rotation": 90 },
				"north": { "uv": [ 8, 16, 12, 16 ], "texture": "#6" },
				"south": { "uv": [ 4, 16, 8, 16 ], "texture": "#6" },
				"west": { "uv": [ 13.5, 16, 16, 16 ], "texture": "#6" },
				"east": { "uv": [ 0, 16, 2.5, 16 ], "texture": "#6" }
			}
		},
		{
			"from": [ 4.4375, -0.0625, 13.75 ],
			"to": [ 7.5625, 0.75, 15.75 ],
			"faces": {
				"down": { "uv": [ 8, 6, 6, 2.875 ], "texture": "#3", "rotation": 270 },
				"up": { "uv": [ 6, 3, 8, 6 ], "texture": "#3", "rotation": 90 },
				"north": { "uv": [ 8.3125, 15.25, 11.4375, 16 ], "texture": "#3" },
				"south": { "uv": [ 4.5625, 15.25, 7.6875, 16 ], "texture": "#3" },
				"west": { "uv": [ 13.75, 15.25, 15.75, 16 ], "texture": "#3" },
				"east": { "uv": [ 0.25, 15.25, 2.25, 16 ], "texture": "#3" }
			}
		},
		{
			"from": [ 6.5, 0.375, 14.5 ],
			"to": [ 7.5, 0.875, 14.8125 ],
			"faces": {
				"down": { "uv": [ 1.375, 9.375, 1.0625, 8.375 ], "texture": "#1", "rotation": 270 },
				"up": { "uv": [ 14.625, 8.375, 14.9375, 9.375 ], "texture": "#1", "rotation": 90 },
				"north": { "uv": [ 8.375, 15.125, 9.375, 15.625 ], "texture": "#1" },
				"south": { "uv": [ 6.625, 15.125, 7.625, 15.625 ], "texture": "#1" },
				"west": { "uv": [ 14.625, 15.125, 14.9375, 15.625 ], "texture": "#1" },
				"east": { "uv": [ 1.0625, 15.125, 1.375, 15.625 ], "texture": "#1" }
			}
		}
	],
	"display": {
		"gui": {
			"rotation":  [ 30, 45, 0 ],
			"translation":  [ -0.38, 0, 0 ],
			"scale":  [ 0.7, 0.7, 0.7 ]
		},
		"ground": {
			"translation":  [ 0, 7.18, 0 ]
		}
	}
}
