{
"ambientocclusion": false,
    "textures": {
        "particle": "block/f_activator_rail_on",
        "0": "block/f_rail_on",
        "1": "block/f_rail_extra"
    },
    "elements": [
        {
            "name": "Plank 1",
            "from": [ 1.0, 14.600000008940697, 1.0 ], 
            "to": [ 15.0, 15.600000008940697, 3.0 ], 
            "rotation": { "origin": [ 3.0, 15.6, 1.0 ], "axis": "x", "angle": 45.0 },
            "faces": {
                "north": { "texture": "#0", "uv": [ 1.0, 0.0, 15.0, 1.0 ] },
                "east": { "texture": "#0", "uv": [ 15.0, 1.0, 16.0, 3.0 ], "rotation": 270 },
                "south": { "texture": "#0", "uv": [ 1.0, 3.0, 15.0, 4.0 ] },
                "west": { "texture": "#0", "uv": [ 0.0, 1.0, 1.0, 3.0 ], "rotation": 90 },
                "up": { "texture": "#0", "uv": [ 1.0, 1.0, 15.0, 3.0 ] },
                "down": { "texture": "#0", "uv": [ 1.0, 1.0, 15.0, 3.0 ] }
            }
        },
        {
            "name": "Plank 2",
            "from": [ 1.0, 10.600000008940697, 5.0 ], 
            "to": [ 15.0, 11.600000008940697, 7.0 ], 
            "rotation": { "origin": [ 3.0, 11.599999994039536, 5.0 ], "axis": "x", "angle": 45.0 },
            "faces": {
                "north": { "texture": "#0", "uv": [ 1.0, 4.0, 15.0, 5.0 ] },
                "east": { "texture": "#0", "uv": [ 15.0, 5.0, 16.0, 7.0 ], "rotation": 270 },
                "south": { "texture": "#0", "uv": [ 1.0, 7.0, 15.0, 8.0 ] },
                "west": { "texture": "#0", "uv": [ 0.0, 5.0, 1.0, 7.0 ], "rotation": 90 },
                "up": { "texture": "#0", "uv": [ 1.0, 5.0, 15.0, 7.0 ] },
                "down": { "texture": "#0", "uv": [ 1.0, 5.0, 15.0, 7.0 ] }
            }
        },
        {
            "name": "Plank 3",
            "from": [ 1.0, 6.499999992549419, 9.0 ], 
            "to": [ 15.0, 7.499999992549419, 11.0 ], 
            "rotation": { "origin": [ 3.0, 7.499999992549419, 9.0 ], "axis": "x", "angle": 45.0 },
            "faces": {
                "north": { "texture": "#0", "uv": [ 1.0, 8.0, 15.0, 9.0 ] },
                "east": { "texture": "#0", "uv": [ 15.0, 9.0, 16.0, 11.0 ], "rotation": 270 },
                "south": { "texture": "#0", "uv": [ 1.0, 11.0, 15.0, 12.0 ] },
                "west": { "texture": "#0", "uv": [ 0.0, 9.0, 1.0, 11.0 ], "rotation": 90 },
                "up": { "texture": "#0", "uv": [ 1.0, 9.0, 15.0, 11.0 ] },
                "down": { "texture": "#0", "uv": [ 1.0, 9.0, 15.0, 11.0 ] }
            }
        },
        {
            "name": "Plank 4",
            "from": [ 1.0, 2.4999999925494194, 13.0 ], 
            "to": [ 15.0, 3.4999999925494194, 15.0 ], 
            "rotation": { "origin": [ 3.0, 3.4999999925494194, 13.0 ], "axis": "x", "angle": 45.0 },
            "faces": {
                "north": { "texture": "#0", "uv": [ 1.0, 12.0, 15.0, 13.0 ] },
                "east": { "texture": "#0", "uv": [ 15.0, 13.0, 16.0, 15.0 ], "rotation": 270 },
                "south": { "texture": "#0", "uv": [ 1.0, 15.0, 15.0, 16.0 ] },
                "west": { "texture": "#0", "uv": [ 0.0, 13.0, 1.0, 15.0 ], "rotation": 90 },
                "up": { "texture": "#0", "uv": [ 1.0, 13.0, 15.0, 15.0 ] },
                "down": { "texture": "#0", "uv": [ 1.0, 13.0, 15.0, 15.0 ] }
            }
        },
        {
            "name": "Rail Left",
            "from": [ 2.0, 17.0, 0.0 ], 
            "to": [ 3.0, 18.0, 23.400000005960464 ], 
            "rotation": { "origin": [ 3.0, 18.0, 0.0 ], "axis": "x", "angle": 45.0 },
            "faces": {
                "north": { "texture": "#0", "uv": [ 0.0, 15.0, 1.0, 16.0 ] },
                "east": { "texture": "#0", "uv": [ 0.0, 15.0, 1.0, 16.0 ] },
                "south": { "texture": "#0", "uv": [ 0.0, 15.0, 1.0, 16.0 ] },
                "west": { "texture": "#0", "uv": [ 0.0, 15.0, 1.0, 16.0 ] },
                "up": { "texture": "#0", "uv": [ 0.0, 15.0, 1.0, 16.0 ] },
                "down": { "texture": "#0", "uv": [ 0.0, 15.0, 1.0, 16.000000005960462 ] }
            }
        },
        {
            "name": "Rail Right",
            "from": [ 13.0, 17.0, 0.0 ], 
            "to": [ 14.0, 18.0, 23.400000005960464 ], 
            "rotation": { "origin": [ 3.0, 18.0, 0.0 ], "axis": "x", "angle": 45.0 },
            "faces": {
                "north": { "texture": "#0", "uv": [ 0.0, 15.0, 1.0, 16.0 ] },
                "east": { "texture": "#0", "uv": [ 0.0, 15.0, 1.0, 16.0 ] },
                "south": { "texture": "#0", "uv": [ 0.0, 15.0, 1.0, 16.0 ] },
                "west": { "texture": "#0", "uv": [ 0.0, 15.0, 1.0, 16.0 ] },
                "up": { "texture": "#0", "uv": [ 0.0, 15.0, 1.0, 16.0 ] },
                "down": { "texture": "#0", "uv": [ 0.0, 15.0, 1.0, 16.0 ] }
            }
        },
        {
            "name": "Redstone",
            "from": [ 7.0, 2.6000000074505802, -2.4000000059604645 ], 
            "to": [ 9.0, 3.000000005960464, 13.0 ], 
            "rotation": { "origin": [ 3.0, 3.0999999940395355, 13.0 ], "axis": "x", "angle": 45.0 },
            "faces": {
                "east": { "texture": "#1", "uv": [ 7.0, 6.0, 7.5, 16.0 ], "rotation": 270 },
                "west": { "texture": "#1", "uv": [ 4.5, 6.0, 4.999999999999999, 16.0 ], "rotation": 90 },
                "up": { "texture": "#1", "uv": [ 5.0, 6.0, 7.0, 16.0 ] },
                "down": { "texture": "#1", "uv": [ 5.0, 6.0, 7.0, 16.0 ] }
            }
        },
        {
            "name": "Redstone",
            "from": [ 7.0, 2.6000000074505802, -2.4000000059604645 ], 
            "to": [ 9.0, 3.000000005960464, 13.0 ], 
            "rotation": { "origin": [ 3.0, 3.0999999940395355, 13.0 ], "axis": "x", "angle": 45.0 },
            "faces": {
                "east": { "texture": "#1", "uv": [ 7.0, 6.0, 7.5, 16.0 ], "rotation": 270 },
                "west": { "texture": "#1", "uv": [ 4.5, 6.0, 4.999999999999999, 16.0 ], "rotation": 90 },
                "up": { "texture": "#1", "uv": [ 5.0, 6.0, 7.0, 16.0 ] },
                "down": { "texture": "#1", "uv": [ 5.0, 6.0, 7.0, 16.0 ] }
            }
        }
    ]
}