{
	"ambientocclusion": false,
	"textures": {
        "particle": "block/birch_planks",
		"0": "block/f_door_birch"
	},
	"elements": [
		{
			"from": [ 0, 0, 13 ],
			"to": [ 3, 16, 16 ],
			"faces": {
				"up": { "uv": [ 5, 14.5, 3.5, 16 ], "texture": "#0" },
				"north": { "uv": [ 8, 8, 6.5, 16 ], "texture": "#0" },
				"south": { "uv": [ 5, 8, 6.5, 16 ], "texture": "#0" },
				"west": { "uv": [ 14.5, 8, 16, 16 ], "texture": "#0" },
				"east": { "uv": [ 8, 8, 9.5, 16 ], "texture": "#0" }
			}
		},
		{
			"from": [ 0, 0, 0 ],
			"to": [ 3, 12, 16 ],
			"faces": {
				"down": { "uv": [ 3.5, 8, 5, 16 ], "texture": "#0" },
				"up": { "uv": [ 3.5, 8, 5, 16 ], "texture": "#0" },
				"west": { "uv": [ 8, 10, 16, 16 ], "texture": "#0" },
				"east": { "uv": [ 8, 10, 16, 16 ], "texture": "#0" }
			}
		},
		{
			"from": [ 0, 0, 0 ],
			"to": [ 3, 16, 3 ],
			"faces": {
				"up": { "uv": [ 5, 8, 3.5, 9.5 ], "texture": "#0" },
				"north": { "uv": [ 6.5, 8, 5, 16 ], "texture": "#0" },
				"south": { "uv": [ 6.5, 8, 8, 16 ], "texture": "#0" },
				"west": { "uv": [ 8, 8, 9.5, 16 ], "texture": "#0" },
				"east": { "uv": [ 14.5, 8, 16, 16 ], "texture": "#0" }
			}
		},
		{
			"from": [ 1.5, 12, 3 ],
			"to": [ 1.501, 16, 13 ],
			"faces": {
				"west": { "uv": [ 9.5, 8, 14.5, 10 ], "texture": "#0" },
				"east": { "uv": [ 9.5, 8, 14.5, 10 ], "texture": "#0" }
			}
		}
	]
}