{
	"parent": "block/block",
	"ambientocclusion": false,
	"textures": {
		"particle": "block/f_cactus_side",
		"bottom": "block/f_cactus_bottom",
		"top": "block/f_cactus_top",
		"side": "block/f_cactus_side"
	},
	"elements": [ 	 
		{
			"__comment": "Base",
			"from": [ 1, 0, 1 ],
			"to": [ 15, 16, 15 ],
			"faces": {
				"down": { "uv": [ 1, 1, 15, 15 ], "texture": "#bottom" },
				"up": { "uv": [ 1, 1, 15, 15 ], "texture": "#top" },
				"north": { "uv": [ 1, 0, 15, 16 ], "texture": "#side" },
				"south": { "uv": [ 1, 0, 15, 16 ], "texture": "#side" },
				"west": { "uv": [ 1, 0, 15, 16 ], "texture": "#side" },
				"east": { "uv": [ 1, 0, 15, 16 ], "texture": "#side" }
			}
		}
	]
}