{
    "__comment": "Model generated using MrCrayfish's Model Creator (http://mrcrayfish.com/modelcreator/)",
    "parent": "block/thin_block",
	"textures": {
        "particle": "block/iron_block",
        "0": "block/f_iron_trapdoor"
    },
    "elements": [
        {
            "name": "West",
            "from": [ 0.0, 0.0, 0.0 ], 
            "to": [ 3.0, 3.0, 16.0 ], 
            "faces": {
                "east": { "texture": "#0", "uv": [ 8.0, 0.0, 9.500000000000002, 8.0 ], "rotation": 270 },
                "west": { "texture": "#0", "uv": [ 8.0, 0.0, 9.500000000000002, 8.0 ], "rotation": 90 },
                "up": { "texture": "#0", "uv": [ 0.0, 0.0, 1.4999999999999996, 8.0 ] },
                "down": { "texture": "#0", "uv": [ 0.0, 0.0, 1.4999999999999996, 8.0 ] }
            }
        },
        {
            "name": "East",
            "from": [ 13.0, 0.0, 0.0 ], 
            "to": [ 16.0, 3.0, 16.0 ], 
            "faces": {
                "east": { "texture": "#0", "uv": [ 8.0, 0.0, 9.500000000000002, 8.0 ], "rotation": 90 },
                "west": { "texture": "#0", "uv": [ 8.0, 0.0, 9.500000000000002, 8.0 ], "rotation": 270 },
                "up": { "texture": "#0", "uv": [ 6.500000000000002, 0.0, 8.000000000000002, 8.0 ] },
                "down": { "texture": "#0", "uv": [ 6.499999999999998, 0.0, 7.999999999999998, 8.0 ] }
            }
        },
        {
            "name": "North",
            "from": [ 0.0, 0.0, 0.0 ], 
            "to": [ 16.0, 3.0, 3.0 ], 
            "faces": {
                "north": { "texture": "#0", "uv": [ 8.0, 0.0, 9.500000000000002, 8.0 ], "rotation": 90 },
                "south": { "texture": "#0", "uv": [ 8.0, 0.0, 9.500000000000002, 8.0 ], "rotation": 270 },
                "up": { "texture": "#0", "uv": [ 0.0, 0.0, 8.0, 1.4999999999999996 ] },
                "down": { "texture": "#0", "uv": [ 0.0, 0.0, 8.0, 1.5 ], "rotation": 180 }
            }
        },
        {
            "name": "South",
            "from": [ 0.0, 0.0, 13.0 ], 
            "to": [ 16.0, 3.0, 16.0 ], 
            "faces": {
                "north": { "texture": "#0", "uv": [ 8.0, 0.0, 9.500000000000002, 8.0 ], "rotation": 270 },
                "south": { "texture": "#0", "uv": [ 8.0, 0.0, 9.500000000000002, 8.0 ], "rotation": 90 },
                "up": { "texture": "#0", "uv": [ 0.0, 6.499999999999998, 8.0, 7.999999999999998 ] },
                "down": { "texture": "#0", "uv": [ 0.0, 6.499999999999998, 8.0, 7.999999999999998 ], "rotation": 180 }
            }
        },
        {
            "name": "Vert",
            "from": [ 6.0, 0.0, 0.0 ], 
            "to": [ 10.0, 3.0, 16.0 ], 
            "faces": {
                "east": { "texture": "#0", "uv": [ 8.0, 0.0, 9.499999999999998, 8.0 ], "rotation": 90 },
                "west": { "texture": "#0", "uv": [ 8.0, 0.0, 9.500000000000002, 8.0 ], "rotation": 90 },
                "up": { "texture": "#0", "uv": [ 3.0, 0.0, 5.0, 7.999999999999998 ] },
                "down": { "texture": "#0", "uv": [ 3.0, 0.0, 5.0, 8.000000000000002 ], "rotation": 180 }
            }
        },
        {
            "name": "Horiz",
            "from": [ 0.0, 0.0, 6.0 ], 
            "to": [ 16.0, 3.0, 10.0 ], 
            "faces": {
                "north": { "texture": "#0", "uv": [ 8.0, 0.0, 9.500000000000002, 8.0 ], "rotation": 90 },
                "south": { "texture": "#0", "uv": [ 8.0, 0.0, 8.500000000000002, 9.0 ], "rotation": 90 },
                "up": { "texture": "#0", "uv": [ 0.0, 3.0, 8.0, 4.999999999999998 ] },
                "down": { "texture": "#0", "uv": [ 0.0, 3.0, 8.0, 5.000000000000002 ] }
            }
        }
    ]
}