{
	"parent": "block/block",
	"credit": "Made by Nathantjuhh",
	"textures": {
		"0": "custom/heads/loena31c",
		"particle": "blocks/stone"
	},
	"elements": [
		{
			"from": [0, 0, 0],
			"to": [16, 16, 16],
			"faces": {
				"north": {"uv": [4, 4, 8, 8], "texture": "#0"},
				"east": {"uv": [0, 4, 4, 8], "texture": "#0"},
				"south": {"uv": [12, 4, 16, 8], "texture": "#0"},
				"west": {"uv": [8, 4, 12, 8], "texture": "#0"},
				"up": {"uv": [4, 0, 8, 4], "texture": "#0"},
				"down": {"uv": [8, 0, 12, 4], "texture": "#0"}
			}
		},
		{
			"from": [-1, -1, -1],
			"to": [17, 17, 17],
			"faces": {
				"north": {"uv": [4, 8, 8, 12], "texture": "#0"},
				"east": {"uv": [0, 12, 4, 16], "texture": "#0"},
				"south": {"uv": [12, 12, 16, 16], "texture": "#0"},
				"west": {"uv": [8, 12, 12, 16], "texture": "#0"},
				"up": {"uv": [4, 8, 8, 12], "rotation": 180, "texture": "#0"},
				"down": {"uv": [8, 8, 12, 11.5], "texture": "#0"}
			}
		},
		{
			"from": [1, 10, -0.75],
			"to": [5, 12, 0],
			"rotation": {"angle": -22.5, "axis": "z", "origin": [3, 11, -0.375]},
			"faces": {
				"north": {"uv": [4.5, 13, 5.5, 13.5], "texture": "#0"},
				"east": {"uv": [4.5, 13, 5.5, 13.5], "texture": "#0"},
				"south": {"uv": [4.5, 13, 5.5, 13.5], "texture": "#0"},
				"west": {"uv": [4.5, 13, 5.5, 13.5], "texture": "#0"},
				"up": {"uv": [4.5, 13, 5.5, 13.5], "texture": "#0"},
				"down": {"uv": [4.5, 13, 5.5, 13.5], "texture": "#0"}
			}
		},
		{
			"from": [11, 10, -0.75],
			"to": [15, 12, 0],
			"rotation": {"angle": 22.5, "axis": "z", "origin": [13, 11, -0.375]},
			"faces": {
				"north": {"uv": [4.5, 13, 5.5, 13.5], "texture": "#0"},
				"east": {"uv": [4.5, 13, 5.5, 13.5], "texture": "#0"},
				"south": {"uv": [4.5, 13, 5.5, 13.5], "texture": "#0"},
				"west": {"uv": [4.5, 13, 5.5, 13.5], "texture": "#0"},
				"up": {"uv": [4.5, 13, 5.5, 13.5], "texture": "#0"},
				"down": {"uv": [4.5, 13, 5.5, 13.5], "texture": "#0"}
			}
		}
	]
}
