{
	"__comment": "Designed by Nightcling",
	"textures": {
		"particle": "blocks/hardened_clay_stained_green",
		"green": "blocks/hardened_clay_stained_brown",
		"lime": "blocks/hardened_clay_stained_lime",
		"black": "blocks/hardened_clay_stained_black",
		"brown": "blocks/hardened_clay_stained_brown"
	},
	"elements": [ 	 
		{
			"__comment": "Box2",
			"from": [ 6, 0, 3 ],
			"to": [ 10, 4.5, 4 ],
			"faces": {
				"down": { "uv": [ 6, 12, 10, 13 ], "texture": "#lime" },
				"up": { "uv": [ 6, 3, 10, 4 ], "texture": "#lime" },
				"north": { "uv": [ 6, 11.5, 10, 16 ], "texture": "#lime" },
				"south": { "uv": [ 6, 11.5, 10, 16 ], "texture": "#lime" },
				"west": { "uv": [ 3, 11.5, 4, 16 ], "texture": "#lime" },
				"east": { "uv": [ 12, 11.5, 13, 16 ], "texture": "#lime" }
			}
		},
		{
			"__comment": "Box3",
			"from": [ 6, 0, 3 ],
			"to": [ 7.625, 1, 4 ],
			"rotation": { "origin": [ 6, 0, 3 ], "axis": "z", "angle": -22.5 },
			"faces": {
				"down": { "uv": [ 7, 12, 8, 13 ], "texture": "#lime" },
				"up": { "uv": [ 7, 3, 8, 4 ], "texture": "#lime" },
				"north": { "uv": [ 8, 0, 9, 1 ], "texture": "#lime" },
				"south": { "uv": [ 7, 0, 8, 1 ], "texture": "#lime" },
				"west": { "uv": [ 3, 0, 4, 1 ], "texture": "#lime" },
				"east": { "uv": [ 12, 0, 13, 1 ], "texture": "#lime" }
			}
		},
		{
			"__comment": "Box5",
			"from": [ 7.5, -0.625, 3 ],
			"to": [ 8.5, 0.375, 4 ],
			"faces": {
				"down": { "uv": [ 7.5, 12, 8.5, 13 ], "texture": "#lime" },
				"up": { "uv": [ 7.5, 3, 8.5, 4 ], "texture": "#lime" },
				"north": { "uv": [ 7.5, 15.625, 8.5, 16 ], "texture": "#lime" },
				"south": { "uv": [ 7.5, 15.625, 8.5, 16 ], "texture": "#lime" },
				"west": { "uv": [ 3, 15.625, 4, 16 ], "texture": "#lime" },
				"east": { "uv": [ 12, 15.625, 13, 16 ], "texture": "#lime" }
			}
		},
		{
			"__comment": "Box3",
			"from": [ 8.5, -0.625, 3 ],
			"to": [ 10.125, 0.375, 4 ],
			"rotation": { "origin": [ 8.5, -0.625, 3 ], "axis": "z", "angle": 22.5 },
			"faces": {
				"down": { "uv": [ 8, 13, 7, 12 ], "texture": "#lime", "rotation": 180 },
				"up": { "uv": [ 8, 4, 7, 3 ], "texture": "#lime", "rotation": 180 },
				"north": { "uv": [ 8, 0, 9, 1 ], "texture": "#lime" },
				"south": { "uv": [ 7, 0, 8, 1 ], "texture": "#lime" },
				"west": { "uv": [ 4, 1, 3, 0 ], "texture": "#lime", "rotation": 180 },
				"east": { "uv": [ 13, 1, 12, 0 ], "texture": "#lime", "rotation": 180 }
			}
		},
		{
			"__comment": "Box7",
			"from": [ 6.125, 3.625, 2.75 ],
			"to": [ 9.875, 3.75, 2.875 ],
			"faces": {
				"down": { "uv": [ 6.125, 13.125, 9.875, 13.25 ], "texture": "#green" },
				"up": { "uv": [ 6.125, 2.75, 9.875, 2.875 ], "texture": "#green" },
				"north": { "uv": [ 6.125, 12.25, 9.875, 12.375 ], "texture": "#green" },
				"south": { "uv": [ 6.125, 12.25, 9.875, 12.375 ], "texture": "#green" },
				"west": { "uv": [ 2.75, 12.25, 2.875, 12.375 ], "texture": "#green" },
				"east": { "uv": [ 13.125, 12.25, 13.25, 12.375 ], "texture": "#green" }
			}
		},
		{
			"__comment": "Box8",
			"from": [ 6.125, 0.25, 2.875 ],
			"to": [ 9.875, 4, 3 ],
			"faces": {
				"down": { "uv": [ 6.125, 13, 9.875, 13.125 ], "texture": "#lime" },
				"up": { "uv": [ 6.125, 2.875, 9.875, 3 ], "texture": "#lime" },
				"north": { "uv": [ 6.125, 12, 9.875, 15.75 ], "texture": "#lime" },
				"south": { "uv": [ 6.125, 12, 9.875, 15.75 ], "texture": "#lime" },
				"west": { "uv": [ 2.875, 12, 3, 15.75 ], "texture": "#lime" },
				"east": { "uv": [ 13, 12, 13.125, 15.75 ], "texture": "#lime" }
			}
		},
		{
			"__comment": "Box9",
			"from": [ 6.375, 0.75, 2.75 ],
			"to": [ 9.625, 3, 2.875 ],
			"faces": {
				"down": { "uv": [ 6.375, 13.125, 9.625, 13.25 ], "texture": "#lime" },
				"up": { "uv": [ 6.375, 2.75, 9.625, 2.875 ], "texture": "#lime" },
				"north": { "uv": [ 6.375, 13, 9.625, 15.25 ], "texture": "#lime" },
				"south": { "uv": [ 6.375, 13, 9.625, 15.25 ], "texture": "#lime" },
				"west": { "uv": [ 2.75, 13, 2.875, 15.25 ], "texture": "#lime" },
				"east": { "uv": [ 13.125, 13, 13.25, 15.25 ], "texture": "#lime" }
			}
		},
		{
			"__comment": "Box7",
			"from": [ 6.375, 2.625, 2.625 ],
			"to": [ 9.625, 2.75, 2.75 ],
			"faces": {
				"down": { "uv": [ 6.125, 13.125, 9.875, 13.25 ], "texture": "#green" },
				"up": { "uv": [ 6.125, 2.75, 9.875, 2.875 ], "texture": "#green" },
				"north": { "uv": [ 6.125, 12.25, 9.875, 12.375 ], "texture": "#green" },
				"south": { "uv": [ 6.125, 12.25, 9.875, 12.375 ], "texture": "#green" },
				"west": { "uv": [ 2.75, 12.25, 2.875, 12.375 ], "texture": "#green" },
				"east": { "uv": [ 13.125, 12.25, 13.25, 12.375 ], "texture": "#green" }
			}
		},
		{
			"__comment": "Box11",
			"from": [ 6.125, 4.5, 3.125 ],
			"to": [ 9.875, 4.625, 3.875 ],
			"faces": {
				"down": { "uv": [ 6.125, 12.125, 9.875, 12.875 ], "texture": "#lime" },
				"up": { "uv": [ 6.125, 3.125, 9.875, 3.875 ], "texture": "#lime" },
				"north": { "uv": [ 6.125, 11.375, 9.875, 11.5 ], "texture": "#lime" },
				"south": { "uv": [ 6.125, 11.375, 9.875, 11.5 ], "texture": "#lime" },
				"west": { "uv": [ 3.125, 11.375, 3.875, 11.5 ], "texture": "#lime" },
				"east": { "uv": [ 12.125, 11.375, 12.875, 11.5 ], "texture": "#lime" }
			}
		},
		{
			"__comment": "Box12",
			"from": [ 6.125, 4.625, 3.375 ],
			"to": [ 9.875, 4.75, 3.5 ],
			"faces": {
				"down": { "uv": [ 6.125, 12.5, 9.875, 12.625 ], "texture": "#green" },
				"up": { "uv": [ 6.125, 3.375, 9.875, 3.5 ], "texture": "#green" },
				"north": { "uv": [ 6.125, 11.25, 9.875, 11.375 ], "texture": "#green" },
				"south": { "uv": [ 6.125, 11.25, 9.875, 11.375 ], "texture": "#green" },
				"west": { "uv": [ 3.375, 11.25, 3.5, 11.375 ], "texture": "#green" },
				"east": { "uv": [ 12.5, 11.25, 12.625, 11.375 ], "texture": "#green" }
			}
		},
		{
			"__comment": "Box12",
			"from": [ 7.375, 0.875, 2.625 ],
			"to": [ 7.75, 1.5, 2.75 ],
			"faces": {
				"down": { "uv": [ 7.375, 13.25, 7.75, 13.375 ], "texture": "#black" },
				"up": { "uv": [ 7.375, 2.625, 7.75, 2.75 ], "texture": "#black" },
				"north": { "uv": [ 8.25, 14.5, 8.625, 15.125 ], "texture": "#black" },
				"south": { "uv": [ 7.375, 14.5, 7.75, 15.125 ], "texture": "#black" },
				"west": { "uv": [ 2.625, 14.5, 2.75, 15.125 ], "texture": "#black" },
				"east": { "uv": [ 13.25, 14.5, 13.375, 15.125 ], "texture": "#black" }
			}
		},
		{
			"__comment": "Box12",
			"from": [ 8.25, 0.875, 2.625 ],
			"to": [ 8.625, 1.5, 2.75 ],
			"faces": {
				"down": { "uv": [ 7.375, 13.25, 7.625, 13.375 ], "texture": "#black" },
				"up": { "uv": [ 7.375, 2.625, 7.625, 2.75 ], "texture": "#black" },
				"north": { "uv": [ 8.375, 14.5, 8.625, 15.125 ], "texture": "#black" },
				"south": { "uv": [ 7.375, 14.5, 7.625, 15.125 ], "texture": "#black" },
				"west": { "uv": [ 2.625, 14.5, 2.75, 15.125 ], "texture": "#black" },
				"east": { "uv": [ 13.25, 14.5, 13.375, 15.125 ], "texture": "#black" }
			}
		},
		{
			"__comment": "Box12",
			"from": [ 7.625, 1.25, 2.625 ],
			"to": [ 8.375, 1.75, 2.75 ],
			"faces": {
				"down": { "uv": [ 7.375, 13.25, 7.625, 13.375 ], "texture": "#black" },
				"up": { "uv": [ 7.375, 2.625, 7.625, 2.75 ], "texture": "#black" },
				"north": { "uv": [ 8.375, 14.5, 8.625, 15.125 ], "texture": "#black" },
				"south": { "uv": [ 7.375, 14.5, 7.625, 15.125 ], "texture": "#black" },
				"west": { "uv": [ 2.625, 14.5, 2.75, 15.125 ], "texture": "#black" },
				"east": { "uv": [ 13.25, 14.5, 13.375, 15.125 ], "texture": "#black" }
			}
		},
		{
			"__comment": "Box12",
			"from": [ 7.25, 1.875, 2.625 ],
			"to": [ 7.625, 2.25, 2.75 ],
			"faces": {
				"down": { "uv": [ 7.25, 13.25, 7.625, 13.375 ], "texture": "#black" },
				"up": { "uv": [ 7.25, 2.625, 7.625, 2.75 ], "texture": "#black" },
				"north": { "uv": [ 8.375, 14.5, 8.75, 15.125 ], "texture": "#black" },
				"south": { "uv": [ 7.25, 14.5, 7.625, 15.125 ], "texture": "#black" },
				"west": { "uv": [ 2.625, 14.5, 2.75, 15.125 ], "texture": "#black" },
				"east": { "uv": [ 13.25, 14.5, 13.375, 15.125 ], "texture": "#black" }
			}
		},
		{
			"__comment": "Box12",
			"from": [ 8.375, 1.875, 2.625 ],
			"to": [ 8.75, 2.25, 2.75 ],
			"faces": {
				"down": { "uv": [ 7.25, 13.25, 7.625, 13.375 ], "texture": "#black" },
				"up": { "uv": [ 7.25, 2.625, 7.625, 2.75 ], "texture": "#black" },
				"north": { "uv": [ 8.375, 14.5, 8.75, 15.125 ], "texture": "#black" },
				"south": { "uv": [ 7.25, 14.5, 7.625, 15.125 ], "texture": "#black" },
				"west": { "uv": [ 2.625, 14.5, 2.75, 15.125 ], "texture": "#black" },
				"east": { "uv": [ 13.25, 14.5, 13.375, 15.125 ], "texture": "#black" }
			}
		},
		{
			"__comment": "Box16",
			"from": [ 6.25, 2.5, 2.625 ],
			"to": [ 6.375, 2.75, 2.75 ],
			"rotation": { "origin": [ 6.25, 2.5, 2.625 ], "axis": "z", "angle": -22.5 },
			"faces": {
				"down": { "uv": [ 7.375, 14.875, 7.5, 15 ], "texture": "#black" },
				"up": { "uv": [ 7.375, 1, 7.5, 1.125 ], "texture": "#black" },
				"north": { "uv": [ 8.5, 14, 8.625, 14.25 ], "texture": "#black" },
				"south": { "uv": [ 7.375, 14, 7.5, 14.25 ], "texture": "#black" },
				"west": { "uv": [ 1, 14, 1.125, 14.25 ], "texture": "#black" },
				"east": { "uv": [ 14.875, 14, 15, 14.25 ], "texture": "#black" }
			}
		},
		{
			"__comment": "Box16",
			"from": [ 6, 3.5, 2.75 ],
			"to": [ 6.125, 3.75, 2.875 ],
			"rotation": { "origin": [ 6, 3.5, 2.75 ], "axis": "z", "angle": -22.5 },
			"faces": {
				"down": { "uv": [ 7.375, 14.875, 7.5, 15 ], "texture": "#black" },
				"up": { "uv": [ 7.375, 1, 7.5, 1.125 ], "texture": "#black" },
				"north": { "uv": [ 8.5, 14, 8.625, 14.25 ], "texture": "#black" },
				"south": { "uv": [ 7.375, 14, 7.5, 14.25 ], "texture": "#black" },
				"west": { "uv": [ 1, 14, 1.125, 14.25 ], "texture": "#black" },
				"east": { "uv": [ 14.875, 14, 15, 14.25 ], "texture": "#black" }
			}
		},
		{
			"__comment": "Box16",
			"from": [ 6, 4.375, 3.375 ],
			"to": [ 6.125, 4.625, 3.5 ],
			"rotation": { "origin": [ 6.125, 4.625, 3.375 ], "axis": "z", "angle": -45 },
			"faces": {
				"down": { "uv": [ 7.5, 1.125, 7.375, 1 ], "texture": "#black" },
				"up": { "uv": [ 7.5, 15, 7.375, 14.875 ], "texture": "#black" },
				"north": { "uv": [ 8.625, 14.25, 8.5, 14 ], "texture": "#black" },
				"south": { "uv": [ 7.5, 14.25, 7.375, 14 ], "texture": "#black" },
				"west": { "uv": [ 15, 14.25, 14.875, 14 ], "texture": "#black" },
				"east": { "uv": [ 1.125, 14.25, 1, 14 ], "texture": "#black" }
			}
		},
		{
			"__comment": "Box19",
			"from": [ 6, 3.25, 3.25 ],
			"to": [ 6.375, 4.375, 3.75 ],
			"rotation": { "origin": [ 6, 3.25, 3.25 ], "axis": "z", "angle": 45 },
			"faces": {
				"down": { "uv": [ 4.875, 12.25, 5.25, 12.75 ], "texture": "#brown" },
				"up": { "uv": [ 4.875, 3.25, 5.25, 3.75 ], "texture": "#brown" },
				"north": { "uv": [ 10.75, 12.25, 11.125, 13.25 ], "texture": "#brown" },
				"south": { "uv": [ 4.875, 12.25, 5.25, 13.25 ], "texture": "#brown" },
				"west": { "uv": [ 3.25, 12.25, 3.75, 13.25 ], "texture": "#brown" },
				"east": { "uv": [ 12.25, 12.25, 12.75, 13.25 ], "texture": "#brown" }
			}
		},
		{
			"__comment": "Box19",
			"from": [ 5.25, 4, 3.25 ],
			"to": [ 5.625, 5.375, 3.75 ],
			"rotation": { "origin": [ 5.25, 4, 3.25 ], "axis": "z", "angle": 22.5 },
			"faces": {
				"down": { "uv": [ 4.875, 12.25, 5.25, 12.75 ], "texture": "#brown" },
				"up": { "uv": [ 4.875, 3.25, 5.25, 3.75 ], "texture": "#brown" },
				"north": { "uv": [ 10.75, 12.25, 11.125, 13.25 ], "texture": "#brown" },
				"south": { "uv": [ 4.875, 12.25, 5.25, 13.25 ], "texture": "#brown" },
				"west": { "uv": [ 3.25, 12.25, 3.75, 13.25 ], "texture": "#brown" },
				"east": { "uv": [ 12.25, 12.25, 12.75, 13.25 ], "texture": "#brown" }
			}
		},
		{
			"__comment": "Box19",
			"from": [ 4.75, 5.25, 3.25 ],
			"to": [ 5.125, 8.5, 3.75 ],
			"faces": {
				"down": { "uv": [ 4.875, 12.25, 5.25, 12.75 ], "texture": "#brown" },
				"up": { "uv": [ 4.875, 3.25, 5.25, 3.75 ], "texture": "#brown" },
				"north": { "uv": [ 10.75, 12.25, 11.125, 13.25 ], "texture": "#brown" },
				"south": { "uv": [ 4.875, 12.25, 5.25, 13.25 ], "texture": "#brown" },
				"west": { "uv": [ 3.25, 12.25, 3.75, 13.25 ], "texture": "#brown" },
				"east": { "uv": [ 12.25, 12.25, 12.75, 13.25 ], "texture": "#brown" }
			}
		},
		{
			"__comment": "Box22",
			"from": [ 4.75, 8.5, 3.125 ],
			"to": [ 5.125, 9.625, 3.625 ],
			"rotation": { "origin": [ 4.75, 8.5, 3.125 ], "axis": "x", "angle": 45 },
			"faces": {
				"down": { "uv": [ 4.75, 12.25, 5.125, 12.75 ], "texture": "#brown" },
				"up": { "uv": [ 4.75, 3.25, 5.125, 3.75 ], "texture": "#brown" },
				"north": { "uv": [ 10.875, 6, 11.25, 7 ], "texture": "#brown" },
				"south": { "uv": [ 4.75, 6, 5.125, 7 ], "texture": "#brown" },
				"west": { "uv": [ 3.25, 6, 3.75, 7 ], "texture": "#brown" },
				"east": { "uv": [ 12.25, 6, 12.75, 7 ], "texture": "#brown" }
			}
		},
		{
			"__comment": "Box23",
			"from": [ 4.75, 8.75, 4 ],
			"to": [ 5.125, 9.25, 7.5 ],
			"faces": {
				"down": { "uv": [ 4.75, 6, 5.125, 7 ], "texture": "#brown" },
				"up": { "uv": [ 11.25, 7, 10.875, 6 ], "texture": "#brown" },
				"north": { "uv": [ 5.125, 12.75, 4.75, 12.25 ], "texture": "#brown" },
				"south": { "uv": [ 4.75, 3.25, 5.125, 3.75 ], "texture": "#brown" },
				"west": { "uv": [ 3.25, 6, 3.75, 7 ], "texture": "#brown", "rotation": 90 },
				"east": { "uv": [ 12.25, 6, 12.75, 7 ], "texture": "#brown", "rotation": 270 }
			}
		},
		{
			"__comment": "Box24",
			"from": [ 4.75, 8.75, 7.5 ],
			"to": [ 5.125, 9.25, 8.5 ],
			"rotation": { "origin": [ 4.75, 8.75, 7.5 ], "axis": "y", "angle": 45 },
			"faces": {
				"down": { "uv": [ 4.75, 7.375, 5.125, 8.375 ], "texture": "#brown" },
				"up": { "uv": [ 4.75, 7.625, 5.125, 8.625 ], "texture": "#brown" },
				"north": { "uv": [ 10.875, 6.75, 11.25, 7.25 ], "texture": "#brown" },
				"south": { "uv": [ 4.75, 6.75, 5.125, 7.25 ], "texture": "#brown" },
				"west": { "uv": [ 7.625, 6.75, 8.625, 7.25 ], "texture": "#brown" },
				"east": { "uv": [ 7.375, 6.75, 8.375, 7.25 ], "texture": "#brown" }
			}
		},
		{
			"__comment": "Box19",
			"from": [ 9.75, 3.5, 3.125 ],
			"to": [ 10.125, 4.75, 3.625 ],
			"rotation": { "origin": [ 9.75, 3.5, 3.125 ], "axis": "z", "angle": -45 },
			"faces": {
				"down": { "uv": [ 4.875, 12.25, 5.25, 12.75 ], "texture": "#brown" },
				"up": { "uv": [ 4.875, 3.25, 5.25, 3.75 ], "texture": "#brown" },
				"north": { "uv": [ 10.75, 12.25, 11.125, 13.25 ], "texture": "#brown" },
				"south": { "uv": [ 4.875, 12.25, 5.25, 13.25 ], "texture": "#brown" },
				"west": { "uv": [ 3.25, 12.25, 3.75, 13.25 ], "texture": "#brown" },
				"east": { "uv": [ 12.25, 12.25, 12.75, 13.25 ], "texture": "#brown" }
			}
		},
		{
			"__comment": "Box19",
			"from": [ 10.5, 4.25, 3.125 ],
			"to": [ 10.875, 5.625, 3.625 ],
			"rotation": { "origin": [ 10.5, 4.25, 3.125 ], "axis": "z", "angle": -22.5 },
			"faces": {
				"down": { "uv": [ 4.875, 12.25, 5.25, 12.75 ], "texture": "#brown" },
				"up": { "uv": [ 4.875, 3.25, 5.25, 3.75 ], "texture": "#brown" },
				"north": { "uv": [ 10.75, 12.25, 11.125, 13.25 ], "texture": "#brown" },
				"south": { "uv": [ 4.875, 12.25, 5.25, 13.25 ], "texture": "#brown" },
				"west": { "uv": [ 3.25, 12.25, 3.75, 13.25 ], "texture": "#brown" },
				"east": { "uv": [ 12.25, 12.25, 12.75, 13.25 ], "texture": "#brown" }
			}
		},
		{
			"__comment": "Box19",
			"from": [ 11, 5.375, 3.125 ],
			"to": [ 11.375, 8.5, 3.625 ],
			"faces": {
				"down": { "uv": [ 4.875, 12.25, 5.25, 12.75 ], "texture": "#brown" },
				"up": { "uv": [ 4.875, 3.25, 5.25, 3.75 ], "texture": "#brown" },
				"north": { "uv": [ 10.75, 12.25, 11.125, 13.25 ], "texture": "#brown" },
				"south": { "uv": [ 4.875, 12.25, 5.25, 13.25 ], "texture": "#brown" },
				"west": { "uv": [ 3.25, 12.25, 3.75, 13.25 ], "texture": "#brown" },
				"east": { "uv": [ 12.25, 12.25, 12.75, 13.25 ], "texture": "#brown" }
			}
		},
		{
			"__comment": "Box22",
			"from": [ 11, 8.5, 3.125 ],
			"to": [ 11.375, 9.625, 3.625 ],
			"rotation": { "origin": [ 11, 8.5, 3.125 ], "axis": "x", "angle": 45 },
			"faces": {
				"down": { "uv": [ 4.75, 12.25, 5.125, 12.75 ], "texture": "#brown" },
				"up": { "uv": [ 4.75, 3.25, 5.125, 3.75 ], "texture": "#brown" },
				"north": { "uv": [ 10.875, 6, 11.25, 7 ], "texture": "#brown" },
				"south": { "uv": [ 4.75, 6, 5.125, 7 ], "texture": "#brown" },
				"west": { "uv": [ 3.25, 6, 3.75, 7 ], "texture": "#brown" },
				"east": { "uv": [ 12.25, 6, 12.75, 7 ], "texture": "#brown" }
			}
		},
		{
			"__comment": "Box23",
			"from": [ 11, 8.75, 3.875 ],
			"to": [ 11.375, 9.25, 7.5 ],
			"faces": {
				"down": { "uv": [ 4.75, 6, 5.125, 7 ], "texture": "#brown" },
				"up": { "uv": [ 11.25, 7, 10.875, 6 ], "texture": "#brown" },
				"north": { "uv": [ 5.125, 12.75, 4.75, 12.25 ], "texture": "#brown" },
				"south": { "uv": [ 4.75, 3.25, 5.125, 3.75 ], "texture": "#brown" },
				"west": { "uv": [ 3.25, 6, 3.75, 7 ], "texture": "#brown", "rotation": 90 },
				"east": { "uv": [ 12.25, 6, 12.75, 7 ], "texture": "#brown", "rotation": 270 }
			}
		},
		{
			"__comment": "Box24",
			"from": [ 11.125, 8.75, 7.25 ],
			"to": [ 11.5, 9.25, 8.25 ],
			"rotation": { "origin": [ 11.125, 8.75, 7.25 ], "axis": "y", "angle": -45 },
			"faces": {
				"down": { "uv": [ 4.75, 7.375, 5.125, 8.375 ], "texture": "#brown" },
				"up": { "uv": [ 4.75, 7.625, 5.125, 8.625 ], "texture": "#brown" },
				"north": { "uv": [ 10.875, 6.75, 11.25, 7.25 ], "texture": "#brown" },
				"south": { "uv": [ 4.75, 6.75, 5.125, 7.25 ], "texture": "#brown" },
				"west": { "uv": [ 7.625, 6.75, 8.625, 7.25 ], "texture": "#brown" },
				"east": { "uv": [ 7.375, 6.75, 8.375, 7.25 ], "texture": "#brown" }
			}
		},
		{
			"__comment": "Box31",
			"from": [ 5.5, 8.75, 7.875 ],
			"to": [ 10.625, 9.25, 8.25 ],
			"faces": {
				"down": { "uv": [ 5.5, 7.75, 10.625, 8.125 ], "texture": "#brown" },
				"up": { "uv": [ 5.5, 7.875, 10.625, 8.25 ], "texture": "#brown" },
				"north": { "uv": [ 5.375, 6.75, 10.5, 7.25 ], "texture": "#brown" },
				"south": { "uv": [ 5.5, 6.75, 10.625, 7.25 ], "texture": "#brown" },
				"west": { "uv": [ 7.875, 6.75, 8.25, 7.25 ], "texture": "#brown" },
				"east": { "uv": [ 7.75, 6.75, 8.125, 7.25 ], "texture": "#brown" }
			}
		}
	],
	"display": {
		"thirdperson_righthand": {
			"rotation":  [ 65, 0, 0 ],
			"translation":  [ 0, -1.391, 0.6956 ],
			"scale":  [ 0.4, 0.4, 0.4 ]
		},
		"thirdperson_lefthand": {
			"rotation":  [ 65, 0, 0 ],
			"translation":  [ 0, -1.391, 0.6956 ],
			"scale":  [ 0.4, 0.4, 0.4 ]
		},
		"firstperson_righthand": {
			"rotation":  [ -5, 133, 3 ],
			"translation":  [ 1.3915, 7.6521, 0 ],
			"scale":  [ 0.6, 0.6, 0.6 ]
		},
		"firstperson_lefthand": {
			"rotation":  [ -5, 133, 3 ],
			"translation":  [ 1.3915, 7.6521, 0 ],
			"scale":  [ 0.6, 0.6, 0.6 ]
		},
		"gui": {
			"rotation":  [ 14, 157, 0 ],
			"translation":  [ 1.3913, 4.1739, 0 ],
			"scale":  [ 1.2, 1.2, 1.2 ]
		},
		"head": {
			"translation":  [ 0, -7.923, 1.4 ],
			"scale":  [ 1.3, 1.3, 1.3 ]
		},
		"ground": {
			"rotation":  [ 90, 0, 0 ],
			"translation":  [ 0, -6.26, 4.8695 ]
		},
		"fixed": {
			"translation":  [ 0, 5.5652, 6.2608 ],
			"scale":  [ 1.5, 1.5, 1.5 ]
		}
	}
}