{
	"credit": "Made by Meloenmahn",
	"textures": {
		"0": "custom/overige/camera_scherm",
		"1": "blocks/quartz_block_side",
		"particle": "custom/overige/camera_scherm"
	},
	"elements": [
		{
			"from": [3.9, 9, 4.75],
			"to": [12.145, 10, 5.05],
			"faces": {
				"north": {"uv": [0, 0, 16, 16], "texture": "#0"},
				"east": {"uv": [1.5, 1, 3.5, 3], "texture": "#0"},
				"south": {"uv": [1.5, 1, 3.5, 3], "texture": "#0"},
				"west": {"uv": [1.5, 1, 3.5, 3], "texture": "#0"},
				"up": {"uv": [1.5, 1, 3.5, 3], "texture": "#0"},
				"down": {"uv": [1.5, 1, 3.5, 3], "texture": "#0"}
			}
		},
		{
			"from": [3.475, 10, 4.5],
			"to": [12.42, 10.5, 5.25],
			"faces": {
				"north": {"uv": [3, 5.5, 13, 6], "texture": "#1"},
				"east": {"uv": [11, 5.5, 12, 6], "texture": "#1"},
				"south": {"uv": [3, 5.5, 13, 6], "texture": "#1"},
				"west": {"uv": [0, 0, 16, 16], "texture": "#1"},
				"up": {"uv": [3, 4, 13, 5], "texture": "#1"},
				"down": {"uv": [13, 5, 3, 4], "texture": "#1"}
			}
		},
		{
			"from": [4.18211, 8.54289, 4.5],
			"to": [11.70711, 9.04289, 5.25],
			"rotation": {"angle": 0, "axis": "z", "origin": [4.20711, 8.79289, 4.75]},
			"faces": {
				"north": {"uv": [12.5, 6, 13, 8], "texture": "#1", "rotation": 90},
				"east": {"uv": [13, 5, 12.5, 4], "texture": "#1", "rotation": 270},
				"south": {"uv": [3, 6, 3.5, 8], "texture": "#1", "rotation": 270},
				"west": {"uv": [0, 0, 16, 16], "texture": "#1", "rotation": 270},
				"up": {"uv": [11, 6, 12, 8], "texture": "#1", "rotation": 270},
				"down": {"uv": [4, 6, 5, 8], "texture": "#1", "rotation": 270}
			}
		},
		{
			"from": [11.63388, 8.59822, 4.5],
			"to": [12.15888, 9.57322, 5.25],
			"rotation": {"angle": -45, "axis": "z", "origin": [11.88388, 9.09822, 4.75]},
			"faces": {
				"north": {"uv": [12.5, 6, 13, 8], "texture": "#1"},
				"east": {"uv": [11, 6, 12, 8], "texture": "#1"},
				"south": {"uv": [3, 6, 3.5, 8], "texture": "#1"},
				"west": {"uv": [0, 0, 16, 16], "texture": "#1"},
				"up": {"uv": [3, 4, 3.5, 5], "texture": "#1"},
				"down": {"uv": [13, 5, 12.5, 4], "texture": "#1"}
			}
		},
		{
			"from": [3.78033, 8.54822, 4.5],
			"to": [4.28033, 9.54822, 5.25],
			"rotation": {"angle": 45, "axis": "z", "origin": [4.03033, 9.04822, 4.75]},
			"faces": {
				"north": {"uv": [12.5, 6, 13, 8], "texture": "#1"},
				"east": {"uv": [11, 6, 12, 8], "texture": "#1"},
				"south": {"uv": [3, 6, 3.5, 8], "texture": "#1"},
				"west": {"uv": [0, 0, 16, 16], "texture": "#1"},
				"up": {"uv": [3, 4, 3.5, 5], "texture": "#1"},
				"down": {"uv": [13, 5, 12.5, 4], "texture": "#1"}
			}
		},
		{
			"from": [3.5, 9.2, 4.5],
			"to": [4, 10, 5.25],
			"faces": {
				"north": {"uv": [12.5, 6, 13, 8], "texture": "#1"},
				"east": {"uv": [11, 6, 12, 8], "texture": "#1"},
				"south": {"uv": [3, 6, 3.5, 8], "texture": "#1"},
				"west": {"uv": [0, 0, 16, 16], "texture": "#1"},
				"up": {"uv": [3, 4, 3.5, 5], "texture": "#1"},
				"down": {"uv": [13, 5, 12.5, 4], "texture": "#1"}
			}
		},
		{
			"from": [11.925, 10, 5],
			"to": [12.425, 10.5, 10.825],
			"faces": {
				"north": {"uv": [12.5, 5.5, 13, 6], "texture": "#1"},
				"east": {"uv": [4.5, 5.5, 11, 6], "texture": "#1"},
				"south": {"uv": [3, 5.5, 3.5, 6], "texture": "#1"},
				"west": {"uv": [0, 0, 16, 16], "texture": "#1"},
				"up": {"uv": [3, 5, 3.5, 11.5], "texture": "#1"},
				"down": {"uv": [13, 11.5, 12.5, 5], "texture": "#1"}
			}
		},
		{
			"from": [3.5, 10, 5],
			"to": [4, 10.5, 10.825],
			"faces": {
				"north": {"uv": [12.5, 5.5, 13, 6], "texture": "#1"},
				"east": {"uv": [4.5, 5.5, 11, 6], "texture": "#1"},
				"south": {"uv": [3, 5.5, 3.5, 6], "texture": "#1"},
				"west": {"uv": [0, 0, 16, 16], "texture": "#1"},
				"up": {"uv": [3, 5, 3.5, 11.5], "texture": "#1"},
				"down": {"uv": [13, 11.5, 12.5, 5], "texture": "#1"}
			}
		},
		{
			"from": [11.91421, 9.225, 4.5],
			"to": [12.41421, 10, 5.25],
			"faces": {
				"north": {"uv": [3, 6, 3.5, 8], "texture": "#1"},
				"east": {"uv": [11, 6, 12, 8], "texture": "#1"},
				"south": {"uv": [12.5, 6, 13, 8], "texture": "#1"},
				"west": {"uv": [0, 0, 16, 16], "texture": "#1"},
				"up": {"uv": [12.5, 4, 13, 5], "texture": "#1"},
				"down": {"uv": [3.5, 5, 3, 4], "texture": "#1"}
			}
		},
		{
			"from": [3.48921, 9.3, 10.8],
			"to": [3.98921, 10, 11.3],
			"faces": {
				"north": {"uv": [3, 6, 3.5, 7], "texture": "#1"},
				"east": {"uv": [4, 6, 4.5, 7], "texture": "#1"},
				"south": {"uv": [12.5, 6, 13, 7], "texture": "#1"},
				"west": {"uv": [0, 0, 16, 16], "texture": "#1"},
				"up": {"uv": [12.5, 11.5, 13, 12], "texture": "#1"},
				"down": {"uv": [3.5, 12, 3, 11.5], "texture": "#1"}
			}
		},
		{
			"from": [11.91421, 9.3, 10.8],
			"to": [12.41421, 10, 11.3],
			"faces": {
				"north": {"uv": [3, 6, 3.5, 7], "texture": "#1"},
				"east": {"uv": [4, 6, 4.5, 7], "texture": "#1"},
				"south": {"uv": [12.5, 6, 13, 7], "texture": "#1"},
				"west": {"uv": [0, 0, 16, 16], "texture": "#1"},
				"up": {"uv": [12.5, 11.5, 13, 12], "texture": "#1"},
				"down": {"uv": [3.5, 12, 3, 11.5], "texture": "#1"}
			}
		}
	],
	"display": {
		"thirdperson_righthand": {
			"rotation": [77, -9, 0],
			"translation": [-1.89, -2.65, -0.38],
			"scale": [0.85, 0.85, 0.85]
		},
		"thirdperson_lefthand": {
			"rotation": [77, -9, 0],
			"translation": [-1.89, -2.65, -0.38],
			"scale": [0.85, 0.85, 0.85]
		},
		"head": {
			"rotation": [0, 0, 0],
			"translation": [0, -2.65, -1.7],
			"scale": [1.6, 1.5, 1.64]
		},
		"ground": {
			"rotation": [0, 0, 0],
			"translation": [0, 0, 0],
			"scale": [0.9, 0.9, 0.9]
		},
		"fixed": {
			"rotation": [0, 0, 0],
			"translation": [0, -0.76, 5.29],
			"scale": [1.75, 1.75, 1.75]
		},
		"firstperson_righthand": {
			"rotation": [-9, -18, 3],
			"translation": [-1.89, 2.27, 3.78]
		},
		"firstperson_lefthand": {
			"rotation": [-9, -18, 3],
			"translation": [-1.89, 2.27, 3.78]
		},
		"gui": {
			"rotation": [20, 130, 0],
			"translation": [-0.19, -0.76, 0]
		}
	}
}
