{
	"credit": "Made with Blockbench, a free, modern block model editor by JannisX11",
	"textures": {
		"0": "blocks/concrete_gray",
		"1": "blocks/structure_block",
		"2": "blocks/concrete_powder_black",
		"particle": "blocks/concrete_gray"
	},
	"elements": [
		{
			"name": "cube",
			"from": [
				14.7,
				1.9999999999999978,
				3.0000000000000018
			],
			"to": [15, 2.9, 16],
			"faces": {
				"north": {
					"uv": [
						0,
						0,
						0.45000000000000107,
						0.15000000000000036
					],
					"texture": "#0",
					"rotation": 270
				},
				"east": {
					"uv": [
						0,
						0,
						0.45000000000000107,
						6.499999999999999
					],
					"texture": "#0",
					"rotation": 90
				},
				"south": {
					"uv": [
						0,
						0,
						0.45000000000000107,
						0.15000000000000036
					],
					"texture": "#0",
					"rotation": 90
				},
				"west": {
					"uv": [
						0,
						0,
						0.45000000000000107,
						6.499999999999999
					],
					"texture": "#0",
					"rotation": 90
				},
				"up": {
					"uv": [
						0,
						0,
						6.499999999999999,
						0.15000000000000036
					],
					"texture": "#0",
					"rotation": 90
				},
				"down": {
					"uv": [
						0,
						0,
						6.499999999999999,
						0.15000000000000036
					],
					"texture": "#0",
					"rotation": 90
				}
			},
			"rotation": {
				"origin": [
					22.799999999999997,
					-1.899999999999999,
					7.999999999999999
				],
				"axis": "z",
				"angle": 0
			},
			"type": "cube"
		},
		{
			"name": "cube",
			"from": [
				6.699999999999999,
				1.9999999999999978,
				3.0000000000000018
			],
			"to": [7, 2.9, 16],
			"faces": {
				"north": {
					"uv": [
						0,
						0,
						0.45000000000000107,
						0.15000000000000036
					],
					"texture": "#0",
					"rotation": 270
				},
				"east": {
					"uv": [
						0,
						0,
						0.9492936134338379,
						3.498845672607422
					],
					"texture": "#0",
					"rotation": 90
				},
				"south": {
					"uv": [
						0,
						0,
						0.45000000000000107,
						0.15000000000000036
					],
					"texture": "#0",
					"rotation": 90
				},
				"west": {
					"uv": [
						0,
						0,
						0.45000000000000107,
						6.499999999999999
					],
					"texture": "#0",
					"rotation": 90
				},
				"up": {
					"uv": [
						0,
						0,
						6.499999999999999,
						0.15000000000000036
					],
					"texture": "#0",
					"rotation": 90
				},
				"down": {
					"uv": [
						0,
						0,
						6.499999999999999,
						0.15000000000000036
					],
					"texture": "#0",
					"rotation": 90
				}
			},
			"rotation": {
				"origin": [
					14.799999999999999,
					-1.899999999999999,
					7.999999999999999
				],
				"axis": "z",
				"angle": 0
			},
			"type": "cube"
		},
		{
			"name": "cube",
			"from": [11.399999999999995, 4.3000000000000025, 3],
			"to": [12.399999999999997, 4.600000000000003, 16],
			"faces": {
				"north": {
					"uv": [
						0,
						0,
						0.5000000000000009,
						0.15000000000000036
					],
					"texture": "#0",
					"rotation": 180
				},
				"east": {
					"uv": [0, 0, 6.5, 0.15000000000000036],
					"texture": "#0",
					"rotation": 180
				},
				"south": {
					"uv": [
						0,
						0,
						0.5000000000000009,
						0.15000000000000036
					],
					"texture": "#0",
					"rotation": 180
				},
				"west": {
					"uv": [0, 0, 6.5, 0.15000000000000036],
					"texture": "#0",
					"rotation": 180
				},
				"up": {
					"uv": [0, 0, 0.5000000000000009, 6.5],
					"texture": "#0",
					"rotation": 180
				},
				"down": {
					"uv": [0, 0, 0.5000000000000009, 6.5],
					"texture": "#0",
					"rotation": 180
				}
			},
			"rotation": {
				"origin": [
					7.6000000000000005,
					-3.4999999999999982,
					8
				],
				"axis": "z",
				"angle": 0
			},
			"type": "cube"
		},
		{
			"name": "cube",
			"from": [3.399999999999996, 4.3000000000000025, 3],
			"to": [4.399999999999998, 4.600000000000003, 16],
			"faces": {
				"north": {
					"uv": [
						0,
						0,
						0.5000000000000009,
						0.15000000000000036
					],
					"texture": "#0",
					"rotation": 180
				},
				"east": {
					"uv": [0, 0, 6.5, 0.15000000000000036],
					"texture": "#0",
					"rotation": 180
				},
				"south": {
					"uv": [
						0,
						0,
						0.5000000000000009,
						0.15000000000000036
					],
					"texture": "#0",
					"rotation": 180
				},
				"west": {
					"uv": [0, 0, 6.5, 0.15000000000000036],
					"texture": "#0",
					"rotation": 180
				},
				"up": {
					"uv": [0, 0, 0.5000000000000009, 6.5],
					"texture": "#0",
					"rotation": 180
				},
				"down": {
					"uv": [0, 0, 0.5000000000000009, 6.5],
					"texture": "#0",
					"rotation": 180
				}
			},
			"rotation": {
				"origin": [
					-0.3999999999999986,
					-3.4999999999999982,
					8
				],
				"axis": "z",
				"angle": 0
			},
			"type": "cube"
		},
		{
			"name": "cube",
			"from": [10.399999999999995, 4.3000000000000025, 3],
			"to": [11.399999999999997, 4.600000000000003, 16],
			"faces": {
				"north": {
					"uv": [
						0,
						0,
						0.5000000000000009,
						0.15000000000000036
					],
					"texture": "#0",
					"rotation": 180
				},
				"east": {
					"uv": [0, 0, 6.5, 0.15000000000000036],
					"texture": "#0",
					"rotation": 180
				},
				"south": {
					"uv": [
						0,
						0,
						0.5000000000000009,
						0.15000000000000036
					],
					"texture": "#0",
					"rotation": 180
				},
				"west": {
					"uv": [0, 0, 6.5, 0.15000000000000036],
					"texture": "#0",
					"rotation": 180
				},
				"up": {
					"uv": [0, 0, 0.5000000000000009, 6.5],
					"texture": "#0",
					"rotation": 180
				},
				"down": {
					"uv": [0, 0, 0.5000000000000009, 6.5],
					"texture": "#0",
					"rotation": 180
				}
			},
			"rotation": {
				"origin": [
					6.6000000000000005,
					-3.4999999999999982,
					8
				],
				"axis": "z",
				"angle": 0
			},
			"type": "cube"
		},
		{
			"name": "cube",
			"from": [2.399999999999996, 4.3000000000000025, 3],
			"to": [3.3999999999999977, 4.600000000000003, 16],
			"faces": {
				"north": {
					"uv": [
						0,
						0,
						0.5000000000000009,
						0.15000000000000036
					],
					"texture": "#0",
					"rotation": 180
				},
				"east": {
					"uv": [0, 0, 6.5, 0.15000000000000036],
					"texture": "#0",
					"rotation": 180
				},
				"south": {
					"uv": [
						0,
						0,
						0.5000000000000009,
						0.15000000000000036
					],
					"texture": "#0",
					"rotation": 180
				},
				"west": {
					"uv": [0, 0, 6.5, 0.15000000000000036],
					"texture": "#0",
					"rotation": 180
				},
				"up": {
					"uv": [0, 0, 0.5000000000000009, 6.5],
					"texture": "#0",
					"rotation": 180
				},
				"down": {
					"uv": [0, 0, 0.5000000000000009, 6.5],
					"texture": "#0",
					"rotation": 180
				}
			},
			"rotation": {
				"origin": [
					-1.3999999999999986,
					-3.4999999999999982,
					8
				],
				"axis": "z",
				"angle": 0
			},
			"type": "cube"
		},
		{
			"name": "cube",
			"from": [12.999999999999996, 3.1000000000000023, 3],
			"to": [13.899999999999999, 3.400000000000003, 16],
			"faces": {
				"north": {
					"uv": [
						0,
						0,
						0.45000000000000107,
						0.15000000000000036
					],
					"texture": "#0",
					"rotation": 180
				},
				"east": {
					"uv": [0, 0, 6.5, 0.15000000000000036],
					"texture": "#0",
					"rotation": 180
				},
				"south": {
					"uv": [
						0,
						0,
						0.45000000000000107,
						0.15000000000000036
					],
					"texture": "#0",
					"rotation": 180
				},
				"west": {
					"uv": [0, 0, 6.5, 0.15000000000000036],
					"texture": "#0",
					"rotation": 180
				},
				"up": {
					"uv": [0, 0, 0.45000000000000107, 6.5],
					"texture": "#0",
					"rotation": 180
				},
				"down": {
					"uv": [0, 0, 0.45000000000000107, 6.5],
					"texture": "#0",
					"rotation": 180
				}
			},
			"rotation": {
				"origin": [
					9.100000000000001,
					-4.699999999999998,
					8
				],
				"axis": "z",
				"angle": 22.5
			},
			"type": "cube"
		},
		{
			"name": "cube",
			"from": [4.9999999999999964, 3.1000000000000023, 3],
			"to": [5.899999999999998, 3.400000000000003, 16],
			"faces": {
				"north": {
					"uv": [
						0,
						0,
						0.4500000000000006,
						0.15000000000000036
					],
					"texture": "#0",
					"rotation": 180
				},
				"east": {
					"uv": [0, 0, 6.5, 0.15000000000000036],
					"texture": "#0",
					"rotation": 180
				},
				"south": {
					"uv": [
						0,
						0,
						0.4500000000000006,
						0.15000000000000036
					],
					"texture": "#0",
					"rotation": 180
				},
				"west": {
					"uv": [0, 0, 6.5, 0.15000000000000036],
					"texture": "#0",
					"rotation": 180
				},
				"up": {
					"uv": [0, 0, 0.4500000000000006, 6.5],
					"texture": "#0",
					"rotation": 180
				},
				"down": {
					"uv": [0, 0, 0.4500000000000006, 6.5],
					"texture": "#0",
					"rotation": 180
				}
			},
			"rotation": {
				"origin": [
					1.1000000000000014,
					-4.699999999999998,
					8
				],
				"axis": "z",
				"angle": 22.5
			},
			"type": "cube"
		},
		{
			"name": "cube",
			"from": [3.9000000000000004, -0.900000000000003, 3],
			"to": [
				4.200000000000001,
				-8.881784197001252e-16,
				16
			],
			"faces": {
				"north": {
					"uv": [
						0,
						0,
						0.45000000000000107,
						0.15000000000000036
					],
					"texture": "#0",
					"rotation": 270
				},
				"east": {
					"uv": [0, 0, 0.45000000000000107, 6.5],
					"texture": "#0",
					"rotation": 90
				},
				"south": {
					"uv": [
						0,
						0,
						0.45000000000000107,
						0.15000000000000036
					],
					"texture": "#0",
					"rotation": 90
				},
				"west": {
					"uv": [0, 0, 0.45000000000000107, 6.5],
					"texture": "#0",
					"rotation": 90
				},
				"up": {
					"uv": [0, 0, 6.5, 0.15000000000000036],
					"texture": "#0",
					"rotation": 90
				},
				"down": {
					"uv": [0, 0, 6.5, 0.15000000000000036],
					"texture": "#0",
					"rotation": 90
				}
			},
			"rotation": {
				"origin": [12, -4.799999999999999, 8],
				"axis": "z",
				"angle": -45
			},
			"type": "cube"
		},
		{
			"name": "cube",
			"from": [-4.1, -0.900000000000003, 3],
			"to": [
				-3.799999999999999,
				-8.881784197001252e-16,
				16
			],
			"faces": {
				"north": {
					"uv": [
						0,
						0,
						0.45000000000000107,
						0.15000000000000036
					],
					"texture": "#0",
					"rotation": 270
				},
				"east": {
					"uv": [0, 0, 0.45000000000000107, 6.5],
					"texture": "#0",
					"rotation": 90
				},
				"south": {
					"uv": [
						0,
						0,
						0.45000000000000107,
						0.15000000000000036
					],
					"texture": "#0",
					"rotation": 90
				},
				"west": {
					"uv": [0, 0, 0.45000000000000107, 6.5],
					"texture": "#0",
					"rotation": 90
				},
				"up": {
					"uv": [0, 0, 6.5, 0.15000000000000036],
					"texture": "#0",
					"rotation": 90
				},
				"down": {
					"uv": [0, 0, 6.5, 0.15000000000000036],
					"texture": "#0",
					"rotation": 90
				}
			},
			"rotation": {
				"origin": [
					4.000000000000001,
					-4.799999999999999,
					8
				],
				"axis": "z",
				"angle": -45
			},
			"type": "cube"
		},
		{
			"name": "cube",
			"from": [
				11.900000000000002,
				4.299999999999999,
				3.0000000000000018
			],
			"to": [13.300000000000004, 4.600000000000001, 16],
			"faces": {
				"north": {
					"uv": [
						0,
						0,
						0.7000000000000011,
						0.15000000000000124
					],
					"texture": "#0"
				},
				"east": {
					"uv": [
						0,
						0,
						6.499999999999999,
						0.15000000000000124
					],
					"texture": "#0"
				},
				"south": {
					"uv": [
						0,
						0,
						0.7000000000000011,
						0.15000000000000124
					],
					"texture": "#0"
				},
				"west": {
					"uv": [
						0,
						0,
						6.499999999999999,
						0.15000000000000124
					],
					"texture": "#0"
				},
				"up": {
					"uv": [
						0,
						0,
						0.7000000000000011,
						6.499999999999999
					],
					"texture": "#0"
				},
				"down": {
					"uv": [
						0,
						0,
						0.7000000000000011,
						6.499999999999999
					],
					"texture": "#0"
				}
			},
			"rotation": {
				"origin": [16.700000000000003, 12.4, 8],
				"axis": "z",
				"angle": 0
			},
			"type": "cube"
		},
		{
			"name": "cube",
			"from": [
				3.900000000000002,
				4.299999999999999,
				3.0000000000000018
			],
			"to": [5.300000000000004, 4.600000000000001, 16],
			"faces": {
				"north": {
					"uv": [
						0,
						0,
						0.7000000000000011,
						0.15000000000000124
					],
					"texture": "#0"
				},
				"east": {
					"uv": [
						0,
						0,
						6.499999999999999,
						0.15000000000000124
					],
					"texture": "#0"
				},
				"south": {
					"uv": [
						0,
						0,
						0.7000000000000011,
						0.15000000000000124
					],
					"texture": "#0"
				},
				"west": {
					"uv": [
						0,
						0,
						6.499999999999999,
						0.15000000000000124
					],
					"texture": "#0"
				},
				"up": {
					"uv": [
						0,
						0,
						0.7000000000000011,
						6.499999999999999
					],
					"texture": "#0"
				},
				"down": {
					"uv": [
						0,
						0,
						0.7000000000000011,
						6.499999999999999
					],
					"texture": "#0"
				}
			},
			"rotation": {
				"origin": [8.700000000000001, 12.4, 8],
				"axis": "z",
				"angle": 0
			},
			"type": "cube"
		},
		{
			"name": "cube",
			"from": [
				15.900000000000002,
				1.8999999999999986,
				3.0000000000000018
			],
			"to": [16.800000000000004, 2.200000000000001, 16],
			"faces": {
				"north": {
					"uv": [
						0,
						0,
						0.45000000000000107,
						0.15000000000000124
					],
					"texture": "#0"
				},
				"east": {
					"uv": [
						0,
						0,
						6.499999999999999,
						0.15000000000000124
					],
					"texture": "#0"
				},
				"south": {
					"uv": [
						0,
						0,
						0.45000000000000107,
						0.15000000000000124
					],
					"texture": "#0"
				},
				"west": {
					"uv": [
						0,
						0,
						6.499999999999999,
						0.15000000000000124
					],
					"texture": "#0"
				},
				"up": {
					"uv": [
						0,
						0,
						0.45000000000000107,
						6.499999999999999
					],
					"texture": "#0"
				},
				"down": {
					"uv": [
						0,
						0,
						0.45000000000000107,
						6.499999999999999
					],
					"texture": "#0"
				}
			},
			"rotation": {
				"origin": [20.700000000000003, 10, 8],
				"axis": "z",
				"angle": -22.5
			},
			"type": "cube"
		},
		{
			"name": "cube",
			"from": [
				7.900000000000002,
				1.8999999999999986,
				3.0000000000000018
			],
			"to": [8.800000000000004, 2.200000000000001, 16],
			"faces": {
				"north": {
					"uv": [
						0,
						0,
						0.45000000000000107,
						0.15000000000000124
					],
					"texture": "#0"
				},
				"east": {
					"uv": [
						0,
						0,
						6.499999999999999,
						0.15000000000000124
					],
					"texture": "#0"
				},
				"south": {
					"uv": [
						0,
						0,
						0.45000000000000107,
						0.15000000000000124
					],
					"texture": "#0"
				},
				"west": {
					"uv": [
						0,
						0,
						6.499999999999999,
						0.15000000000000124
					],
					"texture": "#0"
				},
				"up": {
					"uv": [
						0,
						0,
						0.45000000000000107,
						6.499999999999999
					],
					"texture": "#0"
				},
				"down": {
					"uv": [
						0,
						0,
						0.45000000000000107,
						6.499999999999999
					],
					"texture": "#0"
				}
			},
			"rotation": {
				"origin": [12.700000000000001, 10, 8],
				"axis": "z",
				"angle": -22.5
			},
			"type": "cube"
		},
		{
			"name": "cube",
			"from": [
				14.899999999999999,
				10.299999999999997,
				3.0000000000000018
			],
			"to": [15.2, 11.2, 16],
			"faces": {
				"north": {
					"uv": [
						0,
						0,
						0.45000000000000107,
						0.15000000000000036
					],
					"texture": "#0",
					"rotation": 270
				},
				"east": {
					"uv": [
						0,
						0,
						0.45000000000000107,
						6.499999999999999
					],
					"texture": "#0",
					"rotation": 90
				},
				"south": {
					"uv": [
						0,
						0,
						0.45000000000000107,
						0.15000000000000036
					],
					"texture": "#0",
					"rotation": 90
				},
				"west": {
					"uv": [
						0,
						0,
						0.45000000000000107,
						6.499999999999999
					],
					"texture": "#0",
					"rotation": 90
				},
				"up": {
					"uv": [
						0,
						0,
						6.499999999999999,
						0.15000000000000036
					],
					"texture": "#0",
					"rotation": 90
				},
				"down": {
					"uv": [
						0,
						0,
						6.499999999999999,
						0.15000000000000036
					],
					"texture": "#0",
					"rotation": 90
				}
			},
			"rotation": {
				"origin": [23, 6.4, 8],
				"axis": "z",
				"angle": 45
			},
			"type": "cube"
		},
		{
			"name": "cube",
			"from": [
				6.8999999999999995,
				10.299999999999997,
				3.0000000000000018
			],
			"to": [7.2, 11.2, 4.000000000000002],
			"faces": {
				"north": {
					"uv": [
						0,
						0,
						0.45000000000000107,
						0.15000000000000036
					],
					"texture": "#0",
					"rotation": 270
				},
				"east": {
					"uv": [0, 0, 0.45000000000000107, 0.5],
					"texture": "#0",
					"rotation": 90
				},
				"south": {
					"uv": [
						0,
						0,
						0.45000000000000107,
						0.15000000000000036
					],
					"texture": "#0",
					"rotation": 90
				},
				"west": {
					"uv": [0, 0, 0.45000000000000107, 0.5],
					"texture": "#0",
					"rotation": 90
				},
				"up": {
					"uv": [0, 0, 0.5, 0.15000000000000036],
					"texture": "#0",
					"rotation": 90
				},
				"down": {
					"uv": [0, 0, 0.5, 0.15000000000000036],
					"texture": "#0",
					"rotation": 90
				}
			},
			"rotation": {
				"origin": [15, 6.4, 8],
				"axis": "z",
				"angle": 45
			},
			"type": "cube"
		},
		{
			"name": "cube",
			"from": [6.1, 3.9000000000000012, 6.000000000000002],
			"to": [
				9.699999999999998,
				4.200000000000002,
				11.000000000000002
			],
			"faces": {
				"north": {
					"uv": [
						0,
						0,
						1.799999999999999,
						0.15000000000000036
					],
					"texture": "#0",
					"rotation": 180
				},
				"east": {
					"uv": [0, 0, 2.5, 0.15000000000000036],
					"texture": "#0",
					"rotation": 180
				},
				"south": {
					"uv": [
						0,
						0,
						1.799999999999999,
						0.15000000000000036
					],
					"texture": "#0",
					"rotation": 180
				},
				"west": {
					"uv": [0, 0, 2.5, 0.15000000000000036],
					"texture": "#0",
					"rotation": 180
				},
				"up": {
					"uv": [0, 0, 1.799999999999999, 2.5],
					"texture": "#0",
					"rotation": 180
				},
				"down": {
					"uv": [0, 0, 1.799999999999999, 2.5],
					"texture": "#0",
					"rotation": 180
				}
			},
			"rotation": {
				"origin": [5, -3.8999999999999995, 11],
				"axis": "z",
				"angle": 0
			},
			"type": "cube"
		},
		{
			"name": "cube",
			"from": [
				5.299999999999999,
				4.400000000000001,
				6.000000000000002
			],
			"to": [
				10.799999999999997,
				4.600000000000002,
				11.000000000000002
			],
			"faces": {
				"north": {
					"uv": [
						0,
						0,
						2.749999999999999,
						0.10000000000000053
					],
					"texture": "#0",
					"rotation": 180
				},
				"east": {
					"uv": [0, 0, 2.5, 0.10000000000000053],
					"texture": "#0",
					"rotation": 180
				},
				"south": {
					"uv": [
						0,
						0,
						2.749999999999999,
						0.10000000000000053
					],
					"texture": "#0",
					"rotation": 180
				},
				"west": {
					"uv": [0, 0, 2.5, 0.10000000000000053],
					"texture": "#0",
					"rotation": 180
				},
				"up": {
					"uv": [0, 0, 2.749999999999999, 2.5],
					"texture": "#0",
					"rotation": 180
				},
				"down": {
					"uv": [0, 0, 2.749999999999999, 2.5],
					"texture": "#0",
					"rotation": 180
				}
			},
			"rotation": {
				"origin": [5, -3.3999999999999995, 11],
				"axis": "z",
				"angle": 0
			},
			"type": "cube"
		},
		{
			"name": "cube",
			"from": [
				5.699999999999999,
				4.200000000000001,
				6.000000000000002
			],
			"to": [
				10.199999999999998,
				4.500000000000002,
				11.000000000000002
			],
			"faces": {
				"north": {
					"uv": [
						0,
						0,
						2.249999999999999,
						0.15000000000000036
					],
					"texture": "#0",
					"rotation": 180
				},
				"east": {
					"uv": [0, 0, 2.5, 0.15000000000000036],
					"texture": "#0",
					"rotation": 180
				},
				"south": {
					"uv": [
						0,
						0,
						2.249999999999999,
						0.15000000000000036
					],
					"texture": "#0",
					"rotation": 180
				},
				"west": {
					"uv": [0, 0, 2.5, 0.15000000000000036],
					"texture": "#0",
					"rotation": 180
				},
				"up": {
					"uv": [0, 0, 2.249999999999999, 2.5],
					"texture": "#0",
					"rotation": 180
				},
				"down": {
					"uv": [0, 0, 2.249999999999999, 2.5],
					"texture": "#0",
					"rotation": 180
				}
			},
			"rotation": {
				"origin": [5, -3.5999999999999996, 11],
				"axis": "z",
				"angle": 0
			},
			"type": "cube"
		},
		{
			"name": "cube",
			"from": [
				6.8999999999999995,
				10.299999999999997,
				3.0000000000000018
			],
			"to": [7.2, 11.2, 16],
			"faces": {
				"north": {
					"uv": [
						0,
						0,
						0.45000000000000107,
						0.15000000000000036
					],
					"texture": "#0",
					"rotation": 270
				},
				"east": {
					"uv": [
						0,
						0,
						0.45000000000000107,
						6.499999999999999
					],
					"texture": "#0",
					"rotation": 90
				},
				"south": {
					"uv": [
						0,
						0,
						0.45000000000000107,
						0.15000000000000036
					],
					"texture": "#0",
					"rotation": 90
				},
				"west": {
					"uv": [
						0,
						0,
						0.45000000000000107,
						6.499999999999999
					],
					"texture": "#0",
					"rotation": 90
				},
				"up": {
					"uv": [
						0,
						0,
						6.499999999999999,
						0.15000000000000036
					],
					"texture": "#0",
					"rotation": 90
				},
				"down": {
					"uv": [
						0,
						0,
						6.499999999999999,
						0.15000000000000036
					],
					"texture": "#0",
					"rotation": 90
				}
			},
			"rotation": {
				"origin": [15, 6.4, 8],
				"axis": "z",
				"angle": 45
			},
			"type": "cube"
		},
		{
			"name": "cube",
			"from": [
				15.6,
				6.1999999999999975,
				3.0000000000000018
			],
			"to": [15.9, 7.1, 16],
			"faces": {
				"north": {
					"uv": [
						0,
						0,
						0.45000000000000107,
						0.15000000000000036
					],
					"texture": "#0",
					"rotation": 270
				},
				"east": {
					"uv": [
						0,
						0,
						0.45000000000000107,
						6.499999999999999
					],
					"texture": "#0",
					"rotation": 90
				},
				"south": {
					"uv": [
						0,
						0,
						0.45000000000000107,
						0.15000000000000036
					],
					"texture": "#0",
					"rotation": 90
				},
				"west": {
					"uv": [
						0,
						0,
						0.45000000000000107,
						6.499999999999999
					],
					"texture": "#0",
					"rotation": 90
				},
				"up": {
					"uv": [
						0,
						0,
						6.499999999999999,
						0.15000000000000036
					],
					"texture": "#0",
					"rotation": 90
				},
				"down": {
					"uv": [
						0,
						0,
						6.499999999999999,
						0.15000000000000036
					],
					"texture": "#0",
					"rotation": 90
				}
			},
			"rotation": {
				"origin": [
					23.700000000000003,
					2.3000000000000007,
					8
				],
				"axis": "z",
				"angle": 22.5
			},
			"type": "cube"
		},
		{
			"name": "cube",
			"from": [
				7.6,
				6.1999999999999975,
				3.0000000000000018
			],
			"to": [7.9, 7.1, 16],
			"faces": {
				"north": {
					"uv": [
						0,
						0,
						0.45000000000000107,
						0.15000000000000036
					],
					"texture": "#0",
					"rotation": 270
				},
				"east": {
					"uv": [
						0,
						0,
						0.45000000000000107,
						6.499999999999999
					],
					"texture": "#0",
					"rotation": 90
				},
				"south": {
					"uv": [
						0,
						0,
						0.45000000000000107,
						0.15000000000000036
					],
					"texture": "#0",
					"rotation": 90
				},
				"west": {
					"uv": [
						0,
						0,
						0.45000000000000107,
						6.499999999999999
					],
					"texture": "#0",
					"rotation": 90
				},
				"up": {
					"uv": [
						0,
						0,
						6.499999999999999,
						0.15000000000000036
					],
					"texture": "#0",
					"rotation": 90
				},
				"down": {
					"uv": [
						0,
						0,
						6.499999999999999,
						0.15000000000000036
					],
					"texture": "#0",
					"rotation": 90
				}
			},
			"rotation": {
				"origin": [
					15.700000000000001,
					2.3000000000000007,
					8
				],
				"axis": "z",
				"angle": 22.5
			},
			"type": "cube"
		},
		{
			"name": "cube",
			"from": [
				6.6,
				0.09999999999999787,
				3.0000000000000018
			],
			"to": [6.9, 1, 16],
			"faces": {
				"north": {
					"uv": [
						0,
						0,
						0.45000000000000107,
						0.15000000000000036
					],
					"texture": "#0",
					"rotation": 270
				},
				"east": {
					"uv": [
						0,
						0,
						0.45000000000000107,
						6.499999999999999
					],
					"texture": "#0",
					"rotation": 90
				},
				"south": {
					"uv": [
						0,
						0,
						0.45000000000000107,
						0.15000000000000036
					],
					"texture": "#0",
					"rotation": 90
				},
				"west": {
					"uv": [
						0,
						0,
						0.45000000000000107,
						6.499999999999999
					],
					"texture": "#0",
					"rotation": 90
				},
				"up": {
					"uv": [
						0,
						0,
						6.499999999999999,
						0.15000000000000036
					],
					"texture": "#0",
					"rotation": 90
				},
				"down": {
					"uv": [
						0,
						0,
						6.499999999999999,
						0.15000000000000036
					],
					"texture": "#0",
					"rotation": 90
				}
			},
			"rotation": {
				"origin": [
					14.7,
					-3.799999999999999,
					7.999999999999999
				],
				"axis": "z",
				"angle": -22.5
			},
			"type": "cube"
		},
		{
			"name": "cube",
			"from": [
				-1.4000000000000004,
				0.09999999999999787,
				3.0000000000000018
			],
			"to": [-1.0999999999999996, 1, 16],
			"faces": {
				"north": {
					"uv": [
						0,
						0,
						0.45000000000000107,
						0.15000000000000036
					],
					"texture": "#0",
					"rotation": 270
				},
				"east": {
					"uv": [
						0,
						0,
						0.45000000000000107,
						6.499999999999999
					],
					"texture": "#0",
					"rotation": 90
				},
				"south": {
					"uv": [
						0,
						0,
						0.45000000000000107,
						0.15000000000000036
					],
					"texture": "#0",
					"rotation": 90
				},
				"west": {
					"uv": [
						0,
						0,
						0.45000000000000107,
						6.499999999999999
					],
					"texture": "#0",
					"rotation": 90
				},
				"up": {
					"uv": [
						0,
						0,
						6.499999999999999,
						0.15000000000000036
					],
					"texture": "#0",
					"rotation": 90
				},
				"down": {
					"uv": [
						0,
						0,
						6.499999999999999,
						0.15000000000000036
					],
					"texture": "#0",
					"rotation": 90
				}
			},
			"rotation": {
				"origin": [
					6.699999999999999,
					-3.799999999999999,
					7.999999999999999
				],
				"axis": "z",
				"angle": -22.5
			},
			"type": "cube"
		},
		{
			"name": "cube",
			"from": [
				8.7,
				1.9999999999999978,
				3.0000000000000018
			],
			"to": [9, 2.9, 16],
			"faces": {
				"north": {
					"uv": [
						0,
						0,
						0.45000000000000107,
						0.15000000000000036
					],
					"texture": "#0",
					"rotation": 270
				},
				"east": {
					"uv": [
						0,
						0,
						0.45000000000000107,
						6.499999999999999
					],
					"texture": "#0",
					"rotation": 90
				},
				"south": {
					"uv": [
						0,
						0,
						0.45000000000000107,
						0.15000000000000036
					],
					"texture": "#0",
					"rotation": 90
				},
				"west": {
					"uv": [
						0,
						0,
						0.45000000000000107,
						6.499999999999999
					],
					"texture": "#0",
					"rotation": 90
				},
				"up": {
					"uv": [
						0,
						0,
						6.499999999999999,
						0.15000000000000036
					],
					"texture": "#0",
					"rotation": 90
				},
				"down": {
					"uv": [
						0,
						0,
						6.499999999999999,
						0.15000000000000036
					],
					"texture": "#0",
					"rotation": 90
				}
			},
			"rotation": {
				"origin": [
					16.799999999999997,
					-1.899999999999999,
					7.999999999999999
				],
				"axis": "z",
				"angle": 0
			},
			"type": "cube"
		},
		{
			"name": "cube",
			"from": [
				0.6999999999999997,
				1.9999999999999978,
				3.0000000000000018
			],
			"to": [1.0000000000000004, 2.9, 16],
			"faces": {
				"north": {
					"uv": [
						0,
						0,
						0.45000000000000107,
						0.15000000000000036
					],
					"texture": "#0",
					"rotation": 270
				},
				"east": {
					"uv": [
						0,
						0,
						0.45000000000000107,
						6.499999999999999
					],
					"texture": "#0",
					"rotation": 90
				},
				"south": {
					"uv": [
						0,
						0,
						0.45000000000000107,
						0.15000000000000036
					],
					"texture": "#0",
					"rotation": 90
				},
				"west": {
					"uv": [
						0,
						0,
						0.45000000000000107,
						6.499999999999999
					],
					"texture": "#0",
					"rotation": 90
				},
				"up": {
					"uv": [
						0,
						0,
						6.499999999999999,
						0.15000000000000036
					],
					"texture": "#0",
					"rotation": 90
				},
				"down": {
					"uv": [
						0,
						0,
						6.499999999999999,
						0.15000000000000036
					],
					"texture": "#0",
					"rotation": 90
				}
			},
			"rotation": {
				"origin": [
					8.799999999999999,
					-1.899999999999999,
					7.999999999999999
				],
				"axis": "z",
				"angle": 0
			},
			"type": "cube"
		},
		{
			"name": "cube",
			"from": [9.9, 4.599999999999998, 3.0000000000000018],
			"to": [10.200000000000001, 5.5, 16],
			"faces": {
				"north": {
					"uv": [
						0,
						0,
						0.45000000000000107,
						0.15000000000000036
					],
					"texture": "#0",
					"rotation": 270
				},
				"east": {
					"uv": [
						0,
						0,
						0.45000000000000107,
						6.499999999999999
					],
					"texture": "#0",
					"rotation": 90
				},
				"south": {
					"uv": [
						0,
						0,
						0.45000000000000107,
						0.15000000000000036
					],
					"texture": "#0",
					"rotation": 90
				},
				"west": {
					"uv": [
						0,
						0,
						0.45000000000000107,
						6.499999999999999
					],
					"texture": "#0",
					"rotation": 90
				},
				"up": {
					"uv": [
						0,
						0,
						6.499999999999999,
						0.15000000000000036
					],
					"texture": "#0",
					"rotation": 90
				},
				"down": {
					"uv": [
						0,
						0,
						6.499999999999999,
						0.15000000000000036
					],
					"texture": "#0",
					"rotation": 90
				}
			},
			"rotation": {
				"origin": [
					18,
					0.7000000000000011,
					7.999999999999999
				],
				"axis": "z",
				"angle": 22.5
			},
			"type": "cube"
		},
		{
			"name": "cube",
			"from": [1.9, 4.599999999999998, 3.0000000000000018],
			"to": [2.2000000000000006, 5.5, 16],
			"faces": {
				"north": {
					"uv": [
						0,
						0,
						0.45000000000000107,
						0.15000000000000036
					],
					"texture": "#0",
					"rotation": 270
				},
				"east": {
					"uv": [
						0,
						0,
						0.45000000000000107,
						6.499999999999999
					],
					"texture": "#0",
					"rotation": 90
				},
				"south": {
					"uv": [
						0,
						0,
						0.45000000000000107,
						0.15000000000000036
					],
					"texture": "#0",
					"rotation": 90
				},
				"west": {
					"uv": [
						0,
						0,
						0.45000000000000107,
						6.499999999999999
					],
					"texture": "#0",
					"rotation": 90
				},
				"up": {
					"uv": [
						0,
						0,
						6.499999999999999,
						0.15000000000000036
					],
					"texture": "#0",
					"rotation": 90
				},
				"down": {
					"uv": [
						0,
						0,
						6.499999999999999,
						0.15000000000000036
					],
					"texture": "#0",
					"rotation": 90
				}
			},
			"rotation": {
				"origin": [
					9.999999999999998,
					0.7000000000000011,
					7.999999999999999
				],
				"axis": "z",
				"angle": 22.5
			},
			"type": "cube"
		},
		{
			"name": "cube",
			"from": [
				16.799999999999997,
				3.8000000000000043,
				3.0000000000000018
			],
			"to": [17.099999999999998, 4.800000000000004, 16],
			"faces": {
				"north": {
					"uv": [0, 0, 0.5, 0.15000000000000036],
					"texture": "#0",
					"rotation": 90
				},
				"east": {
					"uv": [0, 0, 0.5, 6.499999999999999],
					"texture": "#0",
					"rotation": 270
				},
				"south": {
					"uv": [0, 0, 0.5, 0.15000000000000036],
					"texture": "#0",
					"rotation": 270
				},
				"west": {
					"uv": [0, 0, 0.5, 6.499999999999999],
					"texture": "#0",
					"rotation": 270
				},
				"up": {
					"uv": [
						0,
						0,
						6.499999999999999,
						0.15000000000000036
					],
					"texture": "#0",
					"rotation": 270
				},
				"down": {
					"uv": [
						0,
						0,
						6.499999999999999,
						0.15000000000000036
					],
					"texture": "#0",
					"rotation": 270
				}
			},
			"rotation": {
				"origin": [
					8.999999999999998,
					8.7,
					7.999999999999999
				],
				"axis": "z",
				"angle": -22.5
			},
			"type": "cube"
		},
		{
			"name": "cube",
			"from": [
				8.799999999999997,
				3.8000000000000043,
				3.0000000000000018
			],
			"to": [9.099999999999998, 4.800000000000004, 16],
			"faces": {
				"north": {
					"uv": [0, 0, 0.5, 0.15000000000000036],
					"texture": "#0",
					"rotation": 90
				},
				"east": {
					"uv": [0, 0, 0.5, 6.499999999999999],
					"texture": "#0",
					"rotation": 270
				},
				"south": {
					"uv": [0, 0, 0.5, 0.15000000000000036],
					"texture": "#0",
					"rotation": 270
				},
				"west": {
					"uv": [0, 0, 0.5, 6.499999999999999],
					"texture": "#0",
					"rotation": 270
				},
				"up": {
					"uv": [
						0,
						0,
						6.499999999999999,
						0.15000000000000036
					],
					"texture": "#0",
					"rotation": 270
				},
				"down": {
					"uv": [
						0,
						0,
						6.499999999999999,
						0.15000000000000036
					],
					"texture": "#0",
					"rotation": 270
				}
			},
			"rotation": {
				"origin": [
					0.9999999999999982,
					8.7,
					7.999999999999999
				],
				"axis": "z",
				"angle": -22.5
			},
			"type": "cube"
		},
		{
			"name": "cube",
			"from": [
				19.4,
				4.800000000000003,
				3.0000000000000018
			],
			"to": [19.7, 5.700000000000004, 16],
			"faces": {
				"north": {
					"uv": [
						0,
						0,
						0.4500000000000002,
						0.15000000000000036
					],
					"texture": "#0",
					"rotation": 90
				},
				"east": {
					"uv": [
						0,
						0,
						0.4500000000000002,
						6.499999999999999
					],
					"texture": "#0",
					"rotation": 270
				},
				"south": {
					"uv": [
						0,
						0,
						0.4500000000000002,
						0.15000000000000036
					],
					"texture": "#0",
					"rotation": 270
				},
				"west": {
					"uv": [
						0,
						0,
						0.4500000000000002,
						6.499999999999999
					],
					"texture": "#0",
					"rotation": 270
				},
				"up": {
					"uv": [
						0,
						0,
						6.499999999999999,
						0.15000000000000036
					],
					"texture": "#0",
					"rotation": 270
				},
				"down": {
					"uv": [
						0,
						0,
						6.499999999999999,
						0.15000000000000036
					],
					"texture": "#0",
					"rotation": 270
				}
			},
			"rotation": {
				"origin": [11.6, 9.5, 7.999999999999999],
				"axis": "z",
				"angle": -45
			},
			"type": "cube"
		},
		{
			"name": "cube",
			"from": [
				11.399999999999997,
				4.800000000000003,
				3.0000000000000018
			],
			"to": [11.699999999999998, 5.700000000000004, 16],
			"faces": {
				"north": {
					"uv": [
						0,
						0,
						0.4500000000000002,
						0.15000000000000036
					],
					"texture": "#0",
					"rotation": 90
				},
				"east": {
					"uv": [
						0,
						0,
						0.4500000000000002,
						6.499999999999999
					],
					"texture": "#0",
					"rotation": 270
				},
				"south": {
					"uv": [
						0,
						0,
						0.4500000000000002,
						0.15000000000000036
					],
					"texture": "#0",
					"rotation": 270
				},
				"west": {
					"uv": [
						0,
						0,
						0.4500000000000002,
						6.499999999999999
					],
					"texture": "#0",
					"rotation": 270
				},
				"up": {
					"uv": [
						0,
						0,
						6.499999999999999,
						0.15000000000000036
					],
					"texture": "#0",
					"rotation": 270
				},
				"down": {
					"uv": [
						0,
						0,
						6.499999999999999,
						0.15000000000000036
					],
					"texture": "#0",
					"rotation": 270
				}
			},
			"rotation": {
				"origin": [
					3.599999999999998,
					9.5,
					7.999999999999999
				],
				"axis": "z",
				"angle": -45
			},
			"type": "cube"
		},
		{
			"name": "cube",
			"from": [13.3, -4.699999999999999, 3],
			"to": [14.4, -4.399999999999999, 16],
			"faces": {
				"north": {
					"uv": [
						0,
						0,
						0.5499999999999998,
						0.15000000000000036
					],
					"texture": "#0"
				},
				"east": {
					"uv": [0, 0, 6.5, 0.15000000000000036],
					"texture": "#0"
				},
				"south": {
					"uv": [
						0,
						0,
						0.5499999999999998,
						0.15000000000000036
					],
					"texture": "#0"
				},
				"west": {
					"uv": [0, 0, 6.5, 0.15000000000000036],
					"texture": "#0"
				},
				"up": {
					"uv": [0, 0, 0.5499999999999998, 6.5],
					"texture": "#0"
				},
				"down": {
					"uv": [0, 0, 0.5499999999999998, 6.5],
					"texture": "#0"
				}
			},
			"rotation": {
				"origin": [
					18.299999999999997,
					3.400000000000001,
					7.999999999999999
				],
				"axis": "z",
				"angle": -45
			},
			"type": "cube"
		},
		{
			"name": "cube",
			"from": [5.300000000000001, -4.699999999999999, 3],
			"to": [6.4, -4.399999999999999, 16],
			"faces": {
				"north": {
					"uv": [
						0,
						0,
						0.5499999999999998,
						0.15000000000000036
					],
					"texture": "#0"
				},
				"east": {
					"uv": [0, 0, 6.5, 0.15000000000000036],
					"texture": "#0"
				},
				"south": {
					"uv": [
						0,
						0,
						0.5499999999999998,
						0.15000000000000036
					],
					"texture": "#0"
				},
				"west": {
					"uv": [0, 0, 6.5, 0.15000000000000036],
					"texture": "#0"
				},
				"up": {
					"uv": [0, 0, 0.5499999999999998, 6.5],
					"texture": "#0"
				},
				"down": {
					"uv": [0, 0, 0.5499999999999998, 6.5],
					"texture": "#0"
				}
			},
			"rotation": {
				"origin": [
					10.299999999999997,
					3.400000000000001,
					7.999999999999999
				],
				"axis": "z",
				"angle": -45
			},
			"type": "cube"
		},
		{
			"name": "cube",
			"from": [12.5, -2.1, 3],
			"to": [13.6, -1.7999999999999994, 16],
			"faces": {
				"north": {
					"uv": [
						0,
						0,
						0.5499999999999998,
						0.15000000000000036
					],
					"texture": "#0"
				},
				"east": {
					"uv": [0, 0, 6.5, 0.15000000000000036],
					"texture": "#0"
				},
				"south": {
					"uv": [
						0,
						0,
						0.5499999999999998,
						0.15000000000000036
					],
					"texture": "#0"
				},
				"west": {
					"uv": [0, 0, 6.5, 0.15000000000000036],
					"texture": "#0"
				},
				"up": {
					"uv": [0, 0, 0.5499999999999998, 6.5],
					"texture": "#0"
				},
				"down": {
					"uv": [0, 0, 0.5499999999999998, 6.5],
					"texture": "#0"
				}
			},
			"rotation": {
				"origin": [
					17.499999999999996,
					5.9,
					7.999999999999999
				],
				"axis": "z",
				"angle": -22.5
			},
			"type": "cube"
		},
		{
			"name": "cube",
			"from": [4.5, -2.1, 3],
			"to": [5.6, -1.7999999999999994, 16],
			"faces": {
				"north": {
					"uv": [
						0,
						0,
						0.5499999999999998,
						0.15000000000000036
					],
					"texture": "#0"
				},
				"east": {
					"uv": [0, 0, 6.5, 0.15000000000000036],
					"texture": "#0"
				},
				"south": {
					"uv": [
						0,
						0,
						0.5499999999999998,
						0.15000000000000036
					],
					"texture": "#0"
				},
				"west": {
					"uv": [0, 0, 6.5, 0.15000000000000036],
					"texture": "#0"
				},
				"up": {
					"uv": [0, 0, 0.5499999999999998, 6.5],
					"texture": "#0"
				},
				"down": {
					"uv": [0, 0, 0.5499999999999998, 6.5],
					"texture": "#0"
				}
			},
			"rotation": {
				"origin": [
					9.499999999999996,
					5.9,
					7.999999999999999
				],
				"axis": "z",
				"angle": -22.5
			},
			"type": "cube"
		},
		{
			"name": "cube",
			"from": [9.5, 1.2999999999999998, 3],
			"to": [10.7, 1.6000000000000005, 16],
			"faces": {
				"north": {
					"uv": [
						0,
						0,
						0.5999999999999996,
						0.15000000000000036
					],
					"texture": "#0"
				},
				"east": {
					"uv": [0, 0, 6.5, 0.15000000000000036],
					"texture": "#0"
				},
				"south": {
					"uv": [
						0,
						0,
						0.5999999999999996,
						0.15000000000000036
					],
					"texture": "#0"
				},
				"west": {
					"uv": [0, 0, 6.5, 0.15000000000000036],
					"texture": "#0"
				},
				"up": {
					"uv": [0, 0, 0.5999999999999996, 6.5],
					"texture": "#0"
				},
				"down": {
					"uv": [0, 0, 0.5999999999999996, 6.5],
					"texture": "#0"
				}
			},
			"rotation": {
				"origin": [14.5, 9.3, 7.999999999999999],
				"axis": "z",
				"angle": 22.5
			},
			"type": "cube"
		},
		{
			"name": "cube",
			"from": [1.5000000000000009, 1.2999999999999998, 3],
			"to": [2.7, 1.6000000000000005, 16],
			"faces": {
				"north": {
					"uv": [
						0,
						0,
						0.5999999999999996,
						0.15000000000000036
					],
					"texture": "#0"
				},
				"east": {
					"uv": [0, 0, 6.5, 0.15000000000000036],
					"texture": "#0"
				},
				"south": {
					"uv": [
						0,
						0,
						0.5999999999999996,
						0.15000000000000036
					],
					"texture": "#0"
				},
				"west": {
					"uv": [0, 0, 6.5, 0.15000000000000036],
					"texture": "#0"
				},
				"up": {
					"uv": [0, 0, 0.5999999999999996, 6.5],
					"texture": "#0"
				},
				"down": {
					"uv": [0, 0, 0.5999999999999996, 6.5],
					"texture": "#0"
				}
			},
			"rotation": {
				"origin": [
					6.500000000000001,
					9.3,
					7.999999999999999
				],
				"axis": "z",
				"angle": 22.5
			},
			"type": "cube"
		},
		{
			"name": "cube",
			"from": [12, 0, 3],
			"to": [13, 0.3000000000000007, 16],
			"faces": {
				"north": {
					"uv": [0, 0, 0.5, 0.15000000000000036],
					"texture": "#0"
				},
				"east": {
					"uv": [0, 0, 6.5, 0.15000000000000036],
					"texture": "#0"
				},
				"south": {
					"uv": [0, 0, 0.5, 0.15000000000000036],
					"texture": "#0"
				},
				"west": {
					"uv": [0, 0, 6.5, 0.15000000000000036],
					"texture": "#0"
				},
				"up": {"uv": [0, 0, 0.5, 6.5], "texture": "#0"},
				"down": {"uv": [0, 0, 0.5, 6.5], "texture": "#0"}
			},
			"type": "cube"
		},
		{
			"name": "cube",
			"from": [4, 0, 3],
			"to": [5, 0.3000000000000007, 16],
			"faces": {
				"north": {
					"uv": [0, 0, 0.5, 0.15000000000000036],
					"texture": "#0"
				},
				"east": {
					"uv": [0, 0, 6.5, 0.15000000000000036],
					"texture": "#0"
				},
				"south": {
					"uv": [0, 0, 0.5, 0.15000000000000036],
					"texture": "#0"
				},
				"west": {
					"uv": [0, 0, 6.5, 0.15000000000000036],
					"texture": "#0"
				},
				"up": {"uv": [0, 0, 0.5, 6.5], "texture": "#0"},
				"down": {"uv": [0, 0, 0.5, 6.5], "texture": "#0"}
			},
			"type": "cube"
		},
		{
			"name": "cube",
			"from": [10.8, 0, 3],
			"to": [12, 0.3000000000000007, 16],
			"faces": {
				"north": {
					"uv": [
						0,
						0,
						0.5999999999999996,
						0.15000000000000036
					],
					"texture": "#0"
				},
				"east": {
					"uv": [0, 0, 6.5, 0.15000000000000036],
					"texture": "#0"
				},
				"south": {
					"uv": [
						0,
						0,
						0.5999999999999996,
						0.15000000000000036
					],
					"texture": "#0"
				},
				"west": {
					"uv": [0, 0, 6.5, 0.15000000000000036],
					"texture": "#0"
				},
				"up": {
					"uv": [0, 0, 0.5999999999999996, 6.5],
					"texture": "#0"
				},
				"down": {
					"uv": [0, 0, 0.5999999999999996, 6.5],
					"texture": "#0"
				}
			},
			"type": "cube"
		},
		{
			"name": "cube",
			"from": [2.8000000000000007, 0, 3],
			"to": [4, 0.3000000000000007, 16],
			"faces": {
				"north": {
					"uv": [
						0,
						0,
						0.5999999999999996,
						0.15000000000000036
					],
					"texture": "#0"
				},
				"east": {
					"uv": [0, 0, 6.5, 0.15000000000000036],
					"texture": "#0"
				},
				"south": {
					"uv": [
						0,
						0,
						0.5999999999999996,
						0.15000000000000036
					],
					"texture": "#0"
				},
				"west": {
					"uv": [0, 0, 6.5, 0.15000000000000036],
					"texture": "#0"
				},
				"up": {
					"uv": [0, 0, 0.5999999999999996, 6.5],
					"texture": "#0"
				},
				"down": {
					"uv": [0, 0, 0.5999999999999996, 6.5],
					"texture": "#0"
				}
			},
			"type": "cube"
		},
		{
			"name": "cube",
			"from": [
				6.5,
				1.6000000000000005,
				3.3000000000000007
			],
			"to": [6.800000000000001, 3.3000000000000016, 4],
			"faces": {
				"north": {
					"uv": [
						4.499550199508667,
						5.999882507324219,
						5.3981568813323975,
						9.999080276489257
					],
					"texture": "#1"
				},
				"east": {
					"uv": [
						5.99988284111023,
						5.999882507324219,
						6.3498828411102295,
						6.849882507324219
					],
					"texture": "#1"
				},
				"south": {
					"uv": [
						0,
						0,
						0.3000000000000007,
						1.700000000000001
					],
					"texture": "#missing"
				},
				"west": {
					"uv": [
						5.99988284111023,
						5.999882507324219,
						6.3498828411102295,
						6.849882507324219
					],
					"texture": "#1"
				},
				"up": {
					"uv": [
						0,
						0,
						0.3000000000000007,
						0.6999999999999993
					],
					"texture": "#missing"
				},
				"down": {
					"uv": [
						0,
						0,
						0.3000000000000007,
						0.6999999999999993
					],
					"texture": "#missing"
				}
			},
			"type": "cube"
		},
		{
			"name": "cube",
			"from": [14.5, 1.6000000000000005, 14.3],
			"to": [14.8, 3.3000000000000016, 15],
			"faces": {
				"north": {
					"uv": [
						4.499550199508667,
						5.999882507324219,
						4.649550199508667,
						6.849882507324219
					],
					"texture": "#1"
				},
				"east": {
					"uv": [
						5.99988284111023,
						5.999882507324219,
						6.3498828411102295,
						6.849882507324219
					],
					"texture": "#1"
				},
				"south": {
					"uv": [
						0,
						0,
						0.3000000000000007,
						1.700000000000001
					],
					"texture": "#missing"
				},
				"west": {
					"uv": [
						5.99988284111023,
						5.999882507324219,
						6.3498828411102295,
						6.849882507324219
					],
					"texture": "#1"
				},
				"up": {
					"uv": [
						0,
						0,
						0.3000000000000007,
						0.6999999999999993
					],
					"texture": "#missing"
				},
				"down": {
					"uv": [
						0,
						0,
						0.3000000000000007,
						0.6999999999999993
					],
					"texture": "#missing"
				}
			},
			"type": "cube"
		},
		{
			"name": "cube",
			"from": [6.5, 1.6000000000000005, 14.3],
			"to": [6.800000000000001, 3.3000000000000016, 15],
			"faces": {
				"north": {
					"uv": [
						4.499550199508667,
						5.999882507324219,
						4.649550199508667,
						6.849882507324219
					],
					"texture": "#1"
				},
				"east": {
					"uv": [
						5.99988284111023,
						5.999882507324219,
						6.3498828411102295,
						6.849882507324219
					],
					"texture": "#1"
				},
				"south": {
					"uv": [
						0,
						0,
						0.8981973399286685,
						0.998626708984375
					],
					"texture": "#2"
				},
				"west": {
					"uv": [
						5.99988284111023,
						5.999882507324219,
						6.3498828411102295,
						6.849882507324219
					],
					"texture": "#1"
				},
				"up": {
					"uv": [
						0,
						0,
						0.3000000000000007,
						0.6999999999999993
					],
					"texture": "#missing"
				},
				"down": {
					"uv": [
						0,
						0,
						0.3000000000000007,
						0.6999999999999993
					],
					"texture": "#missing"
				}
			},
			"type": "cube"
		},
		{
			"name": "cube",
			"from": [14.5, 1.6000000000000005, 14.3],
			"to": [14.8, 3.3000000000000016, 15],
			"faces": {
				"north": {
					"uv": [
						4.499550199508667,
						5.999882507324219,
						4.649550199508667,
						6.849882507324219
					],
					"texture": "#1"
				},
				"east": {
					"uv": [
						5.99988284111023,
						5.999882507324219,
						6.3498828411102295,
						6.849882507324219
					],
					"texture": "#1"
				},
				"south": {
					"uv": [
						0,
						0,
						0.8981973399286685,
						0.998626708984375
					],
					"texture": "#2"
				},
				"west": {
					"uv": [
						5.99988284111023,
						5.999882507324219,
						6.3498828411102295,
						6.849882507324219
					],
					"texture": "#1"
				},
				"up": {
					"uv": [
						0,
						0,
						0.3000000000000007,
						0.6999999999999993
					],
					"texture": "#missing"
				},
				"down": {
					"uv": [
						0,
						0,
						0.3000000000000007,
						0.6999999999999993
					],
					"texture": "#missing"
				}
			},
			"type": "cube"
		},
		{
			"name": "cube",
			"from": [
				14.5,
				1.6000000000000005,
				3.3000000000000007
			],
			"to": [14.8, 3.3000000000000016, 4],
			"faces": {
				"north": {
					"uv": [
						4.499550199508667,
						5.999882507324219,
						5.3981568813323975,
						9.999080276489257
					],
					"texture": "#1"
				},
				"east": {
					"uv": [
						5.99988284111023,
						5.999882507324219,
						6.3498828411102295,
						6.849882507324219
					],
					"texture": "#1"
				},
				"south": {
					"uv": [
						0,
						0,
						0.3000000000000007,
						1.700000000000001
					],
					"texture": "#missing"
				},
				"west": {
					"uv": [
						5.99988284111023,
						5.999882507324219,
						6.3498828411102295,
						6.849882507324219
					],
					"texture": "#1"
				},
				"up": {
					"uv": [
						0,
						0,
						0.3000000000000007,
						0.6999999999999993
					],
					"texture": "#missing"
				},
				"down": {
					"uv": [
						0,
						0,
						0.3000000000000007,
						0.6999999999999993
					],
					"texture": "#missing"
				}
			},
			"type": "cube"
		},
		{
			"name": "cube",
			"from": [
				6.1,
				1.0000000000000009,
				3.3000000000000007
			],
			"to": [6.5, 3.8000000000000016, 4],
			"faces": {
				"north": {
					"uv": [
						4.999902296066284,
						5.999882507324219,
						5.898508977890015,
						9.999080276489257
					],
					"texture": "#1"
				},
				"east": {
					"uv": [
						5.99988284111023,
						5.999882507324219,
						6.3498828411102295,
						7.399882507324219
					],
					"texture": "#1"
				},
				"south": {
					"uv": [
						0,
						0,
						0.40000000000000036,
						2.8000000000000007
					],
					"texture": "#missing"
				},
				"west": {
					"uv": [
						5.99988284111023,
						5.999882507324219,
						6.3498828411102295,
						7.399882507324219
					],
					"texture": "#1"
				},
				"up": {
					"uv": [
						0,
						0,
						0.40000000000000036,
						0.6999999999999993
					],
					"texture": "#missing"
				},
				"down": {
					"uv": [
						0,
						0,
						0.40000000000000036,
						0.6999999999999993
					],
					"texture": "#missing"
				}
			},
			"type": "cube"
		},
		{
			"name": "cube",
			"from": [
				6.1,
				1.0000000000000009,
				14.306248048094751
			],
			"to": [6.5, 3.8000000000000016, 15.00624804809475],
			"faces": {
				"north": {
					"uv": [
						4.999902296066284,
						5.999882507324219,
						5.199902296066284,
						7.399882507324219
					],
					"texture": "#1"
				},
				"east": {
					"uv": [
						5.99988284111023,
						5.999882507324219,
						6.3498828411102295,
						7.399882507324219
					],
					"texture": "#1"
				},
				"south": {
					"uv": [
						0,
						0,
						0.8981973399286685,
						0.998626708984375
					],
					"texture": "#2"
				},
				"west": {
					"uv": [
						5.99988284111023,
						5.999882507324219,
						6.3498828411102295,
						7.399882507324219
					],
					"texture": "#1"
				},
				"up": {
					"uv": [
						0,
						0,
						0.40000000000000036,
						0.6999999999999993
					],
					"texture": "#missing"
				},
				"down": {
					"uv": [
						0,
						0,
						0.40000000000000036,
						0.6999999999999993
					],
					"texture": "#missing"
				}
			},
			"type": "cube"
		},
		{
			"name": "cube",
			"from": [
				14.1,
				1.0000000000000009,
				14.306248048094751
			],
			"to": [14.5, 3.8000000000000016, 15.00624804809475],
			"faces": {
				"north": {
					"uv": [
						4.999902296066284,
						5.999882507324219,
						5.199902296066284,
						7.399882507324219
					],
					"texture": "#1"
				},
				"east": {
					"uv": [
						5.99988284111023,
						5.999882507324219,
						6.3498828411102295,
						7.399882507324219
					],
					"texture": "#1"
				},
				"south": {
					"uv": [
						0,
						0,
						0.8981973399286685,
						0.998626708984375
					],
					"texture": "#2"
				},
				"west": {
					"uv": [
						5.99988284111023,
						5.999882507324219,
						6.3498828411102295,
						7.399882507324219
					],
					"texture": "#1"
				},
				"up": {
					"uv": [
						0,
						0,
						0.40000000000000036,
						0.6999999999999993
					],
					"texture": "#missing"
				},
				"down": {
					"uv": [
						0,
						0,
						0.40000000000000036,
						0.6999999999999993
					],
					"texture": "#missing"
				}
			},
			"type": "cube"
		},
		{
			"name": "cube",
			"from": [
				14.1,
				1.0000000000000009,
				3.3000000000000007
			],
			"to": [14.5, 3.8000000000000016, 4],
			"faces": {
				"north": {
					"uv": [
						4.999902296066284,
						5.999882507324219,
						5.898508977890015,
						9.999080276489257
					],
					"texture": "#1"
				},
				"east": {
					"uv": [
						5.99988284111023,
						5.999882507324219,
						6.3498828411102295,
						7.399882507324219
					],
					"texture": "#1"
				},
				"south": {
					"uv": [
						0,
						0,
						0.40000000000000036,
						2.8000000000000007
					],
					"texture": "#missing"
				},
				"west": {
					"uv": [
						5.99988284111023,
						5.999882507324219,
						6.3498828411102295,
						7.399882507324219
					],
					"texture": "#1"
				},
				"up": {
					"uv": [
						0,
						0,
						0.40000000000000036,
						0.6999999999999993
					],
					"texture": "#missing"
				},
				"down": {
					"uv": [
						0,
						0,
						0.40000000000000036,
						0.6999999999999993
					],
					"texture": "#missing"
				}
			},
			"type": "cube"
		},
		{
			"name": "cube",
			"from": [
				5.6,
				0.6000000000000005,
				3.3000000000000007
			],
			"to": [6.1, 4.2, 4],
			"faces": {
				"north": {
					"uv": [
						5.4995307445526125,
						5.999158477783203,
						6.398137426376343,
						9.99835624694824
					],
					"texture": "#1"
				},
				"east": {
					"uv": [
						5.99988284111023,
						5.999882507324219,
						6.3498828411102295,
						7.799882507324218
					],
					"texture": "#1"
				},
				"south": {
					"uv": [0, 0, 0.5, 3.5999999999999996],
					"texture": "#missing"
				},
				"west": {
					"uv": [
						5.99988284111023,
						5.999882507324219,
						6.3498828411102295,
						7.799882507324218
					],
					"texture": "#1"
				},
				"up": {
					"uv": [0, 0, 0.5, 0.6999999999999993],
					"texture": "#missing"
				},
				"down": {
					"uv": [0, 0, 0.5, 0.6999999999999993],
					"texture": "#missing"
				}
			},
			"type": "cube"
		},
		{
			"name": "cube",
			"from": [5.6, 0.6000000000000005, 14.3],
			"to": [6.1, 4.2, 15],
			"faces": {
				"north": {
					"uv": [
						5.4995307445526125,
						5.999158477783203,
						5.7495307445526125,
						7.799158477783203
					],
					"texture": "#1"
				},
				"east": {
					"uv": [
						5.99988284111023,
						5.999882507324219,
						6.3498828411102295,
						7.799882507324218
					],
					"texture": "#1"
				},
				"south": {
					"uv": [
						0,
						0,
						0.8981973399286685,
						0.998626708984375
					],
					"texture": "#2"
				},
				"west": {
					"uv": [
						5.99988284111023,
						5.999882507324219,
						6.3498828411102295,
						7.799882507324218
					],
					"texture": "#1"
				},
				"up": {
					"uv": [0, 0, 0.5, 0.6999999999999993],
					"texture": "#missing"
				},
				"down": {
					"uv": [0, 0, 0.5, 0.6999999999999993],
					"texture": "#missing"
				}
			},
			"type": "cube"
		},
		{
			"name": "cube",
			"from": [13.6, 0.6000000000000005, 14.3],
			"to": [14.1, 4.2, 15],
			"faces": {
				"north": {
					"uv": [
						5.4995307445526125,
						5.999158477783203,
						5.7495307445526125,
						7.799158477783203
					],
					"texture": "#1"
				},
				"east": {
					"uv": [
						5.99988284111023,
						5.999882507324219,
						6.3498828411102295,
						7.799882507324218
					],
					"texture": "#1"
				},
				"south": {
					"uv": [
						0,
						0,
						0.8981973399286685,
						0.998626708984375
					],
					"texture": "#2"
				},
				"west": {
					"uv": [
						5.99988284111023,
						5.999882507324219,
						6.3498828411102295,
						7.799882507324218
					],
					"texture": "#1"
				},
				"up": {
					"uv": [0, 0, 0.5, 0.6999999999999993],
					"texture": "#missing"
				},
				"down": {
					"uv": [0, 0, 0.5, 0.6999999999999993],
					"texture": "#missing"
				}
			},
			"type": "cube"
		},
		{
			"name": "cube",
			"from": [
				13.6,
				0.6000000000000005,
				3.3000000000000007
			],
			"to": [14.1, 4.2, 4],
			"faces": {
				"north": {
					"uv": [
						5.4995307445526125,
						5.999158477783203,
						6.398137426376343,
						9.99835624694824
					],
					"texture": "#1"
				},
				"east": {
					"uv": [
						5.99988284111023,
						5.999882507324219,
						6.3498828411102295,
						7.799882507324218
					],
					"texture": "#1"
				},
				"south": {
					"uv": [0, 0, 0.5, 3.5999999999999996],
					"texture": "#missing"
				},
				"west": {
					"uv": [
						5.99988284111023,
						5.999882507324219,
						6.3498828411102295,
						7.799882507324218
					],
					"texture": "#1"
				},
				"up": {
					"uv": [0, 0, 0.5, 0.6999999999999993],
					"texture": "#missing"
				},
				"down": {
					"uv": [0, 0, 0.5, 0.6999999999999993],
					"texture": "#missing"
				}
			},
			"type": "cube"
		},
		{
			"name": "cube",
			"from": [
				0.9999999999999982,
				1.3000000000000016,
				3.3000000000000007
			],
			"to": [1.299999999999999, 3.499999999999999, 4],
			"faces": {
				"north": {
					"uv": [
						9.499452924728393,
						5.999882507324219,
						9.649452924728394,
						7.099882507324217
					],
					"texture": "#1"
				},
				"east": {
					"uv": [
						5.99988284111023,
						5.999882507324219,
						6.3498828411102295,
						7.099882507324217
					],
					"texture": "#1"
				},
				"south": {
					"uv": [
						0,
						0,
						0.3000000000000007,
						2.1999999999999975
					],
					"texture": "#missing"
				},
				"west": {
					"uv": [
						5.99988284111023,
						5.999882507324219,
						6.3498828411102295,
						7.099882507324217
					],
					"texture": "#1"
				},
				"up": {
					"uv": [
						0,
						0,
						0.3000000000000007,
						0.6999999999999993
					],
					"texture": "#missing"
				},
				"down": {
					"uv": [
						0,
						0,
						0.3000000000000007,
						0.6999999999999993
					],
					"texture": "#missing"
				}
			},
			"type": "cube"
		},
		{
			"name": "cube",
			"from": [
				0.9999999999999982,
				1.3000000000000016,
				14.3
			],
			"to": [1.299999999999999, 3.499999999999999, 15],
			"faces": {
				"north": {
					"uv": [
						9.499452924728393,
						5.999882507324219,
						9.649452924728394,
						7.099882507324217
					],
					"texture": "#1"
				},
				"east": {
					"uv": [
						5.99988284111023,
						5.999882507324219,
						6.3498828411102295,
						7.099882507324217
					],
					"texture": "#1"
				},
				"south": {
					"uv": [
						0,
						0,
						0.8981973399286685,
						0.998626708984375
					],
					"texture": "#2"
				},
				"west": {
					"uv": [
						5.99988284111023,
						5.999882507324219,
						6.3498828411102295,
						7.099882507324217
					],
					"texture": "#1"
				},
				"up": {
					"uv": [
						0,
						0,
						0.3000000000000007,
						0.6999999999999993
					],
					"texture": "#missing"
				},
				"down": {
					"uv": [
						0,
						0,
						0.3000000000000007,
						0.6999999999999993
					],
					"texture": "#missing"
				}
			},
			"type": "cube"
		},
		{
			"name": "cube",
			"from": [
				8.999999999999998,
				1.3000000000000016,
				14.3
			],
			"to": [9.299999999999999, 3.499999999999999, 15],
			"faces": {
				"north": {
					"uv": [
						9.499452924728393,
						5.999882507324219,
						9.649452924728394,
						7.099882507324217
					],
					"texture": "#1"
				},
				"east": {
					"uv": [
						5.99988284111023,
						5.999882507324219,
						6.3498828411102295,
						7.099882507324217
					],
					"texture": "#1"
				},
				"south": {
					"uv": [
						0,
						0,
						0.8981973399286685,
						0.998626708984375
					],
					"texture": "#2"
				},
				"west": {
					"uv": [
						5.99988284111023,
						5.999882507324219,
						6.3498828411102295,
						7.099882507324217
					],
					"texture": "#1"
				},
				"up": {
					"uv": [
						0,
						0,
						0.3000000000000007,
						0.6999999999999993
					],
					"texture": "#missing"
				},
				"down": {
					"uv": [
						0,
						0,
						0.3000000000000007,
						0.6999999999999993
					],
					"texture": "#missing"
				}
			},
			"type": "cube"
		},
		{
			"name": "cube",
			"from": [
				8.999999999999998,
				1.3000000000000016,
				3.3000000000000007
			],
			"to": [9.299999999999999, 3.499999999999999, 4],
			"faces": {
				"north": {
					"uv": [
						9.499452924728393,
						5.999882507324219,
						9.649452924728394,
						7.099882507324217
					],
					"texture": "#1"
				},
				"east": {
					"uv": [
						5.99988284111023,
						5.999882507324219,
						6.3498828411102295,
						7.099882507324217
					],
					"texture": "#1"
				},
				"south": {
					"uv": [
						0,
						0,
						0.3000000000000007,
						2.1999999999999975
					],
					"texture": "#missing"
				},
				"west": {
					"uv": [
						5.99988284111023,
						5.999882507324219,
						6.3498828411102295,
						7.099882507324217
					],
					"texture": "#1"
				},
				"up": {
					"uv": [
						0,
						0,
						0.3000000000000007,
						0.6999999999999993
					],
					"texture": "#missing"
				},
				"down": {
					"uv": [
						0,
						0,
						0.3000000000000007,
						0.6999999999999993
					],
					"texture": "#missing"
				}
			},
			"type": "cube"
		},
		{
			"name": "cube",
			"from": [
				1.299999999999999,
				1.0000000000000009,
				3.3000000000000007
			],
			"to": [1.6999999999999993, 3.8999999999999995, 4],
			"faces": {
				"north": {
					"uv": [
						9.499452924728393,
						5.999882507324219,
						9.699452924728394,
						7.449882507324218
					],
					"texture": "#1"
				},
				"east": {
					"uv": [
						5.99988284111023,
						5.999882507324219,
						6.3498828411102295,
						7.449882507324218
					],
					"texture": "#1"
				},
				"south": {
					"uv": [
						0,
						0,
						0.40000000000000036,
						2.8999999999999986
					],
					"texture": "#missing"
				},
				"west": {
					"uv": [
						5.99988284111023,
						5.999882507324219,
						6.3498828411102295,
						7.449882507324218
					],
					"texture": "#1"
				},
				"up": {
					"uv": [
						0,
						0,
						0.40000000000000036,
						0.6999999999999993
					],
					"texture": "#missing"
				},
				"down": {
					"uv": [
						0,
						0,
						0.40000000000000036,
						0.6999999999999993
					],
					"texture": "#missing"
				}
			},
			"type": "cube"
		},
		{
			"name": "cube",
			"from": [
				1.299999999999999,
				1.0000000000000009,
				14.3
			],
			"to": [1.6999999999999993, 3.8999999999999995, 15],
			"faces": {
				"north": {
					"uv": [
						9.499452924728393,
						5.999882507324219,
						9.699452924728394,
						7.449882507324218
					],
					"texture": "#1"
				},
				"east": {
					"uv": [
						5.99988284111023,
						5.999882507324219,
						6.3498828411102295,
						7.449882507324218
					],
					"texture": "#1"
				},
				"south": {
					"uv": [
						0,
						0,
						0.8981973399286685,
						0.998626708984375
					],
					"texture": "#2"
				},
				"west": {
					"uv": [
						5.99988284111023,
						5.999882507324219,
						6.3498828411102295,
						7.449882507324218
					],
					"texture": "#1"
				},
				"up": {
					"uv": [
						0,
						0,
						0.40000000000000036,
						0.6999999999999993
					],
					"texture": "#missing"
				},
				"down": {
					"uv": [
						0,
						0,
						0.40000000000000036,
						0.6999999999999993
					],
					"texture": "#missing"
				}
			},
			"type": "cube"
		},
		{
			"name": "cube",
			"from": [
				9.299999999999999,
				1.0000000000000009,
				14.3
			],
			"to": [9.7, 3.8999999999999995, 15],
			"faces": {
				"north": {
					"uv": [
						9.499452924728393,
						5.999882507324219,
						9.699452924728394,
						7.449882507324218
					],
					"texture": "#1"
				},
				"east": {
					"uv": [
						5.99988284111023,
						5.999882507324219,
						6.3498828411102295,
						7.449882507324218
					],
					"texture": "#1"
				},
				"south": {
					"uv": [
						0,
						0,
						0.8981973399286685,
						0.998626708984375
					],
					"texture": "#2"
				},
				"west": {
					"uv": [
						5.99988284111023,
						5.999882507324219,
						6.3498828411102295,
						7.449882507324218
					],
					"texture": "#1"
				},
				"up": {
					"uv": [
						0,
						0,
						0.40000000000000036,
						0.6999999999999993
					],
					"texture": "#missing"
				},
				"down": {
					"uv": [
						0,
						0,
						0.40000000000000036,
						0.6999999999999993
					],
					"texture": "#missing"
				}
			},
			"type": "cube"
		},
		{
			"name": "cube",
			"from": [
				9.299999999999999,
				1.0000000000000009,
				3.3000000000000007
			],
			"to": [9.7, 3.8999999999999995, 4],
			"faces": {
				"north": {
					"uv": [
						9.499452924728393,
						5.999882507324219,
						9.699452924728394,
						7.449882507324218
					],
					"texture": "#1"
				},
				"east": {
					"uv": [
						5.99988284111023,
						5.999882507324219,
						6.3498828411102295,
						7.449882507324218
					],
					"texture": "#1"
				},
				"south": {
					"uv": [
						0,
						0,
						0.40000000000000036,
						2.8999999999999986
					],
					"texture": "#missing"
				},
				"west": {
					"uv": [
						5.99988284111023,
						5.999882507324219,
						6.3498828411102295,
						7.449882507324218
					],
					"texture": "#1"
				},
				"up": {
					"uv": [
						0,
						0,
						0.40000000000000036,
						0.6999999999999993
					],
					"texture": "#missing"
				},
				"down": {
					"uv": [
						0,
						0,
						0.40000000000000036,
						0.6999999999999993
					],
					"texture": "#missing"
				}
			},
			"type": "cube"
		},
		{
			"name": "cube",
			"from": [
				1.6999999999999993,
				0.6000000000000005,
				3.3000000000000007
			],
			"to": [2.1999999999999993, 4.3, 4],
			"faces": {
				"north": {
					"uv": [
						8.999824476242065,
						5.999158477783203,
						9.89915518760681,
						9.99835624694824
					],
					"texture": "#1"
				},
				"east": {
					"uv": [
						5.99988284111023,
						5.999882507324219,
						6.3498828411102295,
						7.849882507324218
					],
					"texture": "#1"
				},
				"south": {
					"uv": [0, 0, 0.5, 3.6999999999999993],
					"texture": "#missing"
				},
				"west": {
					"uv": [
						5.99988284111023,
						5.999882507324219,
						6.3498828411102295,
						7.849882507324218
					],
					"texture": "#1"
				},
				"up": {
					"uv": [0, 0, 0.5, 0.6999999999999993],
					"texture": "#missing"
				},
				"down": {
					"uv": [0, 0, 0.5, 0.6999999999999993],
					"texture": "#missing"
				}
			},
			"type": "cube"
		},
		{
			"name": "cube",
			"from": [
				1.6999999999999993,
				0.6000000000000005,
				14.3
			],
			"to": [2.1999999999999993, 4.3, 15],
			"faces": {
				"north": {
					"uv": [
						8.999824476242065,
						5.999158477783203,
						9.249824476242065,
						7.849158477783202
					],
					"texture": "#1"
				},
				"east": {
					"uv": [
						5.99988284111023,
						5.999882507324219,
						6.3498828411102295,
						7.849882507324218
					],
					"texture": "#1"
				},
				"south": {
					"uv": [
						0,
						0,
						0.8981973399286685,
						0.998626708984375
					],
					"texture": "#2"
				},
				"west": {
					"uv": [
						5.99988284111023,
						5.999882507324219,
						6.3498828411102295,
						7.849882507324218
					],
					"texture": "#1"
				},
				"up": {
					"uv": [0, 0, 0.5, 0.6999999999999993],
					"texture": "#missing"
				},
				"down": {
					"uv": [0, 0, 0.5, 0.6999999999999993],
					"texture": "#missing"
				}
			},
			"type": "cube"
		},
		{
			"name": "cube",
			"from": [9.7, 0.6000000000000005, 14.3],
			"to": [10.2, 4.3, 15],
			"faces": {
				"north": {
					"uv": [
						8.999824476242065,
						5.999158477783203,
						9.249824476242065,
						7.849158477783202
					],
					"texture": "#1"
				},
				"east": {
					"uv": [
						5.99988284111023,
						5.999882507324219,
						6.3498828411102295,
						7.849882507324218
					],
					"texture": "#1"
				},
				"south": {
					"uv": [
						0,
						0,
						0.8981973399286685,
						0.998626708984375
					],
					"texture": "#2"
				},
				"west": {
					"uv": [
						5.99988284111023,
						5.999882507324219,
						6.3498828411102295,
						7.849882507324218
					],
					"texture": "#1"
				},
				"up": {
					"uv": [0, 0, 0.5, 0.6999999999999993],
					"texture": "#missing"
				},
				"down": {
					"uv": [0, 0, 0.5, 0.6999999999999993],
					"texture": "#missing"
				}
			},
			"type": "cube"
		},
		{
			"name": "cube",
			"from": [
				9.7,
				0.6000000000000005,
				3.3000000000000007
			],
			"to": [10.2, 4.3, 4],
			"faces": {
				"north": {
					"uv": [
						8.999824476242065,
						5.999158477783203,
						9.89915518760681,
						9.99835624694824
					],
					"texture": "#1"
				},
				"east": {
					"uv": [
						5.99988284111023,
						5.999882507324219,
						6.3498828411102295,
						7.849882507324218
					],
					"texture": "#1"
				},
				"south": {
					"uv": [0, 0, 0.5, 3.6999999999999993],
					"texture": "#missing"
				},
				"west": {
					"uv": [
						5.99988284111023,
						5.999882507324219,
						6.3498828411102295,
						7.849882507324218
					],
					"texture": "#1"
				},
				"up": {
					"uv": [0, 0, 0.5, 0.6999999999999993],
					"texture": "#missing"
				},
				"down": {
					"uv": [0, 0, 0.5, 0.6999999999999993],
					"texture": "#missing"
				}
			},
			"type": "cube"
		},
		{
			"name": "cube",
			"from": [
				2.1999999999999993,
				0.30000000000000004,
				3.3000000000000007
			],
			"to": [5.6, 4.3, 4],
			"faces": {
				"north": {
					"uv": [
						5.99988284111023,
						5.999882507324219,
						9.399526929855348,
						9.999804306030274
					],
					"texture": "#1"
				},
				"east": {
					"uv": [
						5.99988284111023,
						5.999882507324219,
						6.3498828411102295,
						7.999882507324219
					],
					"texture": "#1"
				},
				"south": {
					"uv": [0, 0, 3.4000000000000004, 4],
					"texture": "#missing"
				},
				"west": {
					"uv": [
						5.99988284111023,
						5.999882507324219,
						6.3498828411102295,
						7.999882507324219
					],
					"texture": "#1"
				},
				"up": {
					"uv": [
						0,
						0,
						3.4000000000000004,
						0.6999999999999993
					],
					"texture": "#missing"
				},
				"down": {
					"uv": [
						0,
						0,
						3.4000000000000004,
						0.6999999999999993
					],
					"texture": "#missing"
				}
			},
			"type": "cube"
		},
		{
			"name": "cube",
			"from": [10.2, 0.30000000000000004, 14.3],
			"to": [13.6, 4.3, 15],
			"faces": {
				"north": {
					"uv": [
						5.99988284111023,
						5.999882507324219,
						7.69988284111023,
						7.999882507324219
					],
					"texture": "#1"
				},
				"east": {
					"uv": [
						5.99988284111023,
						5.999882507324219,
						6.3498828411102295,
						7.999882507324219
					],
					"texture": "#1"
				},
				"south": {
					"uv": [
						0,
						0,
						0.8981973399286685,
						0.998626708984375
					],
					"texture": "#2"
				},
				"west": {
					"uv": [
						5.99988284111023,
						5.999882507324219,
						6.3498828411102295,
						7.999882507324219
					],
					"texture": "#1"
				},
				"up": {
					"uv": [
						0,
						0,
						3.4000000000000004,
						0.6999999999999993
					],
					"texture": "#missing"
				},
				"down": {
					"uv": [
						0,
						0,
						3.4000000000000004,
						0.6999999999999993
					],
					"texture": "#missing"
				}
			},
			"type": "cube"
		},
		{
			"name": "cube",
			"from": [
				2.1999999999999993,
				0.30000000000000004,
				14.3
			],
			"to": [5.6, 4.3, 15],
			"faces": {
				"north": {
					"uv": [
						5.99988284111023,
						5.999882507324219,
						7.69988284111023,
						7.999882507324219
					],
					"texture": "#1"
				},
				"east": {
					"uv": [
						5.99988284111023,
						5.999882507324219,
						6.3498828411102295,
						7.999882507324219
					],
					"texture": "#1"
				},
				"south": {
					"uv": [
						0,
						0,
						0.8981973399286685,
						0.998626708984375
					],
					"texture": "#2"
				},
				"west": {
					"uv": [
						5.99988284111023,
						5.999882507324219,
						6.3498828411102295,
						7.999882507324219
					],
					"texture": "#1"
				},
				"up": {
					"uv": [
						0,
						0,
						3.4000000000000004,
						0.6999999999999993
					],
					"texture": "#missing"
				},
				"down": {
					"uv": [
						0,
						0,
						3.4000000000000004,
						0.6999999999999993
					],
					"texture": "#missing"
				}
			},
			"type": "cube"
		},
		{
			"name": "cube",
			"from": [10.2, 0.30000000000000004, 14.3],
			"to": [13.6, 4.3, 15],
			"faces": {
				"north": {
					"uv": [
						5.99988284111023,
						5.999882507324219,
						7.69988284111023,
						7.999882507324219
					],
					"texture": "#1"
				},
				"east": {
					"uv": [
						5.99988284111023,
						5.999882507324219,
						6.3498828411102295,
						7.999882507324219
					],
					"texture": "#1"
				},
				"south": {
					"uv": [
						0,
						0,
						0.8981973399286685,
						0.998626708984375
					],
					"texture": "#2"
				},
				"west": {
					"uv": [
						5.99988284111023,
						5.999882507324219,
						6.3498828411102295,
						7.999882507324219
					],
					"texture": "#1"
				},
				"up": {
					"uv": [
						0,
						0,
						3.4000000000000004,
						0.6999999999999993
					],
					"texture": "#missing"
				},
				"down": {
					"uv": [
						0,
						0,
						3.4000000000000004,
						0.6999999999999993
					],
					"texture": "#missing"
				}
			},
			"type": "cube"
		},
		{
			"name": "cube",
			"from": [
				10.2,
				0.30000000000000004,
				3.3000000000000007
			],
			"to": [13.6, 4.3, 4],
			"faces": {
				"north": {
					"uv": [
						5.99988284111023,
						5.999882507324219,
						9.399526929855348,
						9.999804306030274
					],
					"texture": "#1"
				},
				"east": {
					"uv": [
						5.99988284111023,
						5.999882507324219,
						9.399526929855348,
						9.999804306030274
					],
					"texture": "#1"
				},
				"south": {
					"uv": [0, 0, 3.4000000000000004, 4],
					"texture": "#missing"
				},
				"west": {
					"uv": [
						5.99988284111023,
						5.999882507324219,
						9.399526929855348,
						9.999804306030274
					],
					"texture": "#1"
				},
				"up": {
					"uv": [
						0,
						0,
						3.4000000000000004,
						0.6999999999999993
					],
					"texture": "#missing"
				},
				"down": {
					"uv": [
						0,
						0,
						3.4000000000000004,
						0.6999999999999993
					],
					"texture": "#missing"
				}
			},
			"type": "cube"
		},
		{
			"name": "cube",
			"from": [7.4, 4.8, 5],
			"to": [8.4, 4.8999999999999995, 6],
			"faces": {
				"north": {
					"uv": [0, 0, 0.04999999999999982, 0.5],
					"texture": "#0",
					"rotation": 90
				},
				"east": {
					"uv": [0, 0, 0.04999999999999982, 0.5],
					"texture": "#0",
					"rotation": 270
				},
				"south": {
					"uv": [0, 0, 0.04999999999999982, 0.5],
					"texture": "#0",
					"rotation": 270
				},
				"west": {
					"uv": [0, 0, 0.04999999999999982, 0.5],
					"texture": "#0",
					"rotation": 270
				},
				"up": {
					"uv": [0, 0, 0.5, 0.5],
					"texture": "#0",
					"rotation": 270
				},
				"down": {
					"uv": [0, 0, 0.5, 0.5],
					"texture": "#0",
					"rotation": 270
				}
			},
			"rotation": {
				"origin": [4.1, 5.700000000000001, 8],
				"axis": "z",
				"angle": 0
			},
			"type": "cube"
		},
		{
			"name": "cube",
			"from": [7.4, 3.4999999999999996, 5],
			"to": [8.4, 3.599999999999999, 6],
			"faces": {
				"north": {
					"uv": [0, 0, 0.04999999999999982, 0.5],
					"texture": "#0",
					"rotation": 90
				},
				"east": {
					"uv": [0, 0, 0.04999999999999982, 0.5],
					"texture": "#0",
					"rotation": 270
				},
				"south": {
					"uv": [0, 0, 0.04999999999999982, 0.5],
					"texture": "#0",
					"rotation": 270
				},
				"west": {
					"uv": [0, 0, 0.04999999999999982, 0.5],
					"texture": "#0",
					"rotation": 270
				},
				"up": {
					"uv": [0, 0, 0.5, 0.5],
					"texture": "#0",
					"rotation": 270
				},
				"down": {
					"uv": [0, 0, 0.5, 0.5],
					"texture": "#0",
					"rotation": 270
				}
			},
			"rotation": {
				"origin": [4.1, 4.4, 8],
				"axis": "z",
				"angle": 0
			},
			"type": "cube"
		},
		{
			"name": "cube",
			"from": [7.1, 3.7, 5],
			"to": [7.299999999999999, 4.7, 6],
			"faces": {
				"north": {
					"uv": [0, 0, 0.09999999999999964, 0.5],
					"texture": "#0"
				},
				"east": {"uv": [0, 0, 0.5, 0.5], "texture": "#0"},
				"south": {
					"uv": [0, 0, 0.09999999999999964, 0.5],
					"texture": "#0"
				},
				"west": {"uv": [0, 0, 0.5, 0.5], "texture": "#0"},
				"up": {
					"uv": [0, 0, 0.09999999999999964, 0.5],
					"texture": "#0"
				},
				"down": {
					"uv": [0, 0, 0.09999999999999964, 0.5],
					"texture": "#0"
				}
			},
			"type": "cube"
		},
		{
			"name": "cube",
			"from": [8.5, 3.7, 5],
			"to": [8.7, 4.7, 6],
			"faces": {
				"north": {
					"uv": [0, 0, 0.09999999999999964, 0.5],
					"texture": "#0"
				},
				"east": {"uv": [0, 0, 0.5, 0.5], "texture": "#0"},
				"south": {
					"uv": [0, 0, 0.09999999999999964, 0.5],
					"texture": "#0"
				},
				"west": {"uv": [0, 0, 0.5, 0.5], "texture": "#0"},
				"up": {
					"uv": [0, 0, 0.09999999999999964, 0.5],
					"texture": "#0"
				},
				"down": {
					"uv": [0, 0, 0.09999999999999964, 0.5],
					"texture": "#0"
				}
			},
			"type": "cube"
		},
		{
			"name": "cube",
			"from": [7.300000000000001, 3.6000000000000005, 5],
			"to": [8.5, 4.8, 6],
			"faces": {
				"north": {
					"uv": [
						0,
						0,
						0.5999999999999996,
						0.5999999999999996
					],
					"texture": "#0"
				},
				"east": {
					"uv": [
						0,
						0,
						0.5999999999999996,
						0.5999999999999996
					],
					"texture": "#0"
				},
				"south": {
					"uv": [
						0,
						0,
						0.5999999999999996,
						0.5999999999999996
					],
					"texture": "#0"
				},
				"west": {
					"uv": [0, 0, 0.5, 0.5999999999999996],
					"texture": "#0"
				},
				"up": {
					"uv": [0, 0, 0.5999999999999996, 0.5],
					"texture": "#0"
				},
				"down": {
					"uv": [
						0,
						0,
						0.5999999999999996,
						0.5999999999999996
					],
					"texture": "#0"
				}
			},
			"type": "cube"
		}
	],
	"display": {
		"head": {
			"scale": [0.875, 1, 1],
			"rotation": [2, 3, 2],
			"translation": [0, 6, -11]
		},
		"thirdperson_righthand": {
			"scale": [0.275, 0.35, 0.35],
			"rotation": [84.5, -2, 0],
			"translation": [0, -0.5, 0.5]
		},
		"thirdperson_lefthand": {
			"scale": [0.275, 0.35, 0.35],
			"rotation": [84.5, -2, 0],
			"translation": [0, -0.5, 0.5]
		},
		"firstperson_righthand": {
			"scale": [0.8, 1, 1],
			"rotation": [14, 131, 5],
			"translation": [4, 10, 0.5]
		},
		"firstperson_lefthand": {
			"scale": [0.8, 1.15, 1],
			"rotation": [5, 112, 0],
			"translation": [5, 10, -2]
		},
		"gui": {
			"scale": [0.65, 0.75, 0.65],
			"rotation": [17, -144, 7],
			"translation": [1, 1.5, 0]
		},
		"ground": {
			"scale": [0.8, 0.8, 0.8],
			"rotation": [0, 0, 0],
			"translation": [0.5, 1, 1]
		},
		"fixed": {
			"scale": [0.85, 0.95, 1.075],
			"rotation": [0, 0, 0]
		}
	}
}