{
	"__comment": "Designed by Nightcling with Cubik Studio - https://cubik.studio",
	"textures": {
		"playerskin": "custom/skins/woodytoystory_skin"
	},
	"elements": [
		{
			"__comment": "Cube1",
			"from": [ 9, -11, 5.5 ],
			"to": [ 12, 6, 8.5 ],
			"faces": {
				"down": { "uv": [ 2, 4, 3, 5 ], "texture": "#playerskin" },
				"up": { "uv": [ 1, 4, 2, 5 ], "texture": "#playerskin" },
				"north": { "uv": [ 1, 5, 2, 8 ], "texture": "#playerskin" },
				"south": { "uv": [ 3, 5, 4, 8 ], "texture": "#playerskin" },
				"west": { "uv": [ 2, 5, 3, 8 ], "texture": "#playerskin" },
				"east": { "uv": [ 0, 5, 1, 8 ], "texture": "#playerskin" }
			}
		},
		{
			"__comment": "Cube1",
			"from": [ 5, -11, 5.5 ],
			"to": [ 8, 6, 8.5 ],
			"faces": {
				"down": { "uv": [ 6, 12, 7, 13 ], "texture": "#playerskin" },
				"up": { "uv": [ 5, 12, 6, 13 ], "texture": "#playerskin" },
				"north": { "uv": [ 5, 13, 6, 16 ], "texture": "#playerskin" },
				"south": { "uv": [ 7, 13, 8, 16 ], "texture": "#playerskin" },
				"west": { "uv": [ 6, 13, 7, 16 ], "texture": "#playerskin" },
				"east": { "uv": [ 4, 13, 5, 16 ], "texture": "#playerskin" }
			}
		},
		{
			"__comment": "Cube1",
			"from": [ 4.5, 6, 5 ],
			"to": [ 12.5, 19.5, 9 ],
			"faces": {
				"down": { "uv": [ 7, 4, 9, 5 ], "texture": "#playerskin" },
				"up": { "uv": [ 5, 4, 7, 5 ], "texture": "#playerskin" },
				"north": { "uv": [ 5, 5, 7, 8 ], "texture": "#playerskin" },
				"south": { "uv": [ 8, 5, 10, 8 ], "texture": "#playerskin" },
				"west": { "uv": [ 7, 5, 8, 8 ], "texture": "#playerskin" },
				"east": { "uv": [ 4, 5, 5, 8 ], "texture": "#playerskin" }
			}
		},
		{
			"__comment": "Cube1",
			"from": [ 12.5, 5, 5.5 ],
			"to": [ 15.5, 19, 8.5 ],
			"faces": {
				"down": { "uv": [ 10, 12, 11, 13 ], "texture": "#playerskin" },
				"up": { "uv": [ 11, 4, 12, 5 ], "texture": "#playerskin" },
				"north": { "uv": [ 11, 5, 12, 8 ], "texture": "#playerskin" },
				"south": { "uv": [ 13, 5, 14, 8 ], "texture": "#playerskin" },
				"west": { "uv": [ 12, 5, 13, 8 ], "texture": "#playerskin" },
				"east": { "uv": [ 10, 5, 11, 8 ], "texture": "#playerskin" }
			}
		},
		{
			"__comment": "Cube1",
			"from": [ 1.5, 5, 5.5 ],
			"to": [ 4.5, 19, 8.5 ],
			"faces": {
				"down": { "uv": [ 12, 4, 13, 5 ], "texture": "#playerskin" },
				"up": { "uv": [ 9, 12, 10, 13 ], "texture": "#playerskin" },
				"north": { "uv": [ 8.999999, 13, 9.999999, 16 ], "texture": "#playerskin" },
				"south": { "uv": [ 11, 13, 12, 16 ], "texture": "#playerskin" },
				"west": { "uv": [ 9.999999, 13, 11, 16 ], "texture": "#playerskin" },
				"east": { "uv": [ 8, 13, 9, 16 ], "texture": "#playerskin" }
			}
		},
		{
			"__comment": "Cube8",
			"from": [ 5, 19.5, 4 ],
			"to": [ 12, 29, 11 ],
			"faces": {
				"down": { "uv": [ 4, 0, 6, 2 ], "texture": "#playerskin" },
				"up": { "uv": [ 2, 0, 4, 2 ], "texture": "#playerskin" },
				"north": { "uv": [ 2, 2, 4, 4 ], "texture": "#playerskin" },
				"south": { "uv": [ 6, 2, 8, 4 ], "texture": "#playerskin" },
				"west": { "uv": [ 4, 2, 6, 4 ], "texture": "#playerskin" },
				"east": { "uv": [ 0, 2, 2, 4 ], "texture": "#playerskin" }
			}
		},
		{
			"__comment": "PlaneY8",
			"from": [ 4.5, 26, 3 ],
			"to": [ 12.5, 26.001, 11 ],
			"faces": {
				"down": { "uv": [ 2, 0, 4, 2 ], "texture": "#playerskin", "rotation": 180 },
				"up": { "uv": [ 2, 0, 4, 2 ], "texture": "#playerskin", "rotation": 180 }
			}
		},
		{
			"__comment": "Cube8",
			"from": [ 3.5, 25.5, 2 ],
			"to": [ 13.5, 26, 12 ],
			"faces": {
				"down": { "uv": [ 2, 0, 4, 2 ], "texture": "#playerskin" },
				"up": { "uv": [ 2, 0, 4, 2 ], "texture": "#playerskin" },
				"north": { "uv": [ 0, 2, 8, 2.5 ], "texture": "#playerskin" },
				"south": { "uv": [ 0, 2, 8, 2.5 ], "texture": "#playerskin" },
				"west": { "uv": [ 0, 2, 8, 2.5 ], "texture": "#playerskin" },
				"east": { "uv": [ 0, 2, 8, 2.5 ], "texture": "#playerskin" }
			}
		},
		{
			"__comment": "Cube9",
			"from": [ 5, -11, 2.5 ],
			"to": [ 8, -9, 4.5 ],
			"faces": {
				"down": { "uv": [ 6, 12, 7, 13 ], "texture": "#playerskin" },
				"up": { "uv": [ 6, 12, 7, 13 ], "texture": "#playerskin" },
				"north": { "uv": [ 6, 12, 7, 13 ], "texture": "#playerskin" },
				"south": { "uv": [ 6, 12, 7, 13 ], "texture": "#playerskin" },
				"west": { "uv": [ 6, 12, 7, 13 ], "texture": "#playerskin" },
				"east": { "uv": [ 6, 12, 7, 13 ], "texture": "#playerskin" }
			}
		},
		{
			"__comment": "Cube9",
			"from": [ 5, -11, 4.5 ],
			"to": [ 8, -7.5, 5.5 ],
			"faces": {
				"down": { "uv": [ 6, 12, 7, 13 ], "texture": "#playerskin" },
				"up": { "uv": [ 6, 12, 7, 13 ], "texture": "#playerskin" },
				"north": { "uv": [ 1, 7, 2, 8 ], "texture": "#playerskin" },
				"south": { "uv": [ 6, 12, 7, 13 ], "texture": "#playerskin" },
				"west": { "uv": [ 6, 12, 7, 13 ], "texture": "#playerskin" },
				"east": { "uv": [ 6, 12, 7, 13 ], "texture": "#playerskin" }
			}
		},
		{
			"__comment": "Cube9",
			"from": [ 9, -11, 4.5 ],
			"to": [ 12, -7.5, 5.5 ],
			"faces": {
				"down": { "uv": [ 6, 12, 7, 13 ], "texture": "#playerskin" },
				"up": { "uv": [ 6, 12, 7, 13 ], "texture": "#playerskin" },
				"north": { "uv": [ 1, 7, 2, 8 ], "texture": "#playerskin" },
				"south": { "uv": [ 6, 12, 7, 13 ], "texture": "#playerskin" },
				"west": { "uv": [ 6, 12, 7, 13 ], "texture": "#playerskin" },
				"east": { "uv": [ 6, 12, 7, 13 ], "texture": "#playerskin" }
			}
		},
		{
			"__comment": "Cube9",
			"from": [ 9, -11, 2.5 ],
			"to": [ 12, -9, 4.5 ],
			"faces": {
				"down": { "uv": [ 6, 12, 7, 13 ], "texture": "#playerskin" },
				"up": { "uv": [ 6, 12, 7, 13 ], "texture": "#playerskin" },
				"north": { "uv": [ 6, 12, 7, 13 ], "texture": "#playerskin" },
				"south": { "uv": [ 6, 12, 7, 13 ], "texture": "#playerskin" },
				"west": { "uv": [ 6, 12, 7, 13 ], "texture": "#playerskin" },
				"east": { "uv": [ 6, 12, 7, 13 ], "texture": "#playerskin" }
			}
		},
		{
			"__comment": "Cube14",
			"from": [ 6, -10, 8.5 ],
			"to": [ 6.5, -9, 10 ],
			"faces": {
				"down": { "uv": [ 6, 6, 6.5, 7.5 ], "texture": "#playerskin" },
				"up": { "uv": [ 6, 12, 7, 13 ], "texture": "#playerskin" },
				"north": { "uv": [ 6, 12, 7, 13 ], "texture": "#playerskin" },
				"south": { "uv": [ 6, 12, 7, 13 ], "texture": "#playerskin" },
				"west": { "uv": [ 6, 12, 7, 13 ], "texture": "#playerskin" },
				"east": { "uv": [ 6, 12, 7, 13 ], "texture": "#playerskin" }
			}
		},
		{
			"__comment": "Cube15",
			"from": [ 6, -10.5, 10 ],
			"to": [ 6.5, -8.5, 11.5 ],
			"faces": {
				"down": { "uv": [ 6, 12, 7, 13 ], "texture": "#playerskin" },
				"up": { "uv": [ 6, 12, 7, 13 ], "texture": "#playerskin" },
				"north": { "uv": [ 6, 12, 7, 13 ], "texture": "#playerskin" },
				"south": { "uv": [ 6, 12, 7, 13 ], "texture": "#playerskin" },
				"west": { "uv": [ 6, 12, 7, 13 ], "texture": "#playerskin" },
				"east": { "uv": [ 6, 12, 7, 13 ], "texture": "#playerskin" }
			}
		},
		{
			"__comment": "Cube14",
			"from": [ 10.5, -10, 8.5 ],
			"to": [ 11, -9, 10 ],
			"faces": {
				"down": { "uv": [ 6, 12, 7, 13 ], "texture": "#playerskin" },
				"up": { "uv": [ 6, 12, 7, 13 ], "texture": "#playerskin" },
				"north": { "uv": [ 6, 12, 7, 13 ], "texture": "#playerskin" },
				"south": { "uv": [ 6, 12, 7, 13 ], "texture": "#playerskin" },
				"west": { "uv": [ 6, 12, 7, 13 ], "texture": "#playerskin" },
				"east": { "uv": [ 6, 12, 7, 13 ], "texture": "#playerskin" }
			}
		},
		{
			"__comment": "Cube15",
			"from": [ 10.5, -10.5, 10 ],
			"to": [ 11, -8.5, 11.5 ],
			"faces": {
				"down": { "uv": [ 6, 12, 7, 13 ], "texture": "#playerskin" },
				"up": { "uv": [ 6, 12, 7, 13 ], "texture": "#playerskin" },
				"north": { "uv": [ 6, 12, 7, 13 ], "texture": "#playerskin" },
				"south": { "uv": [ 6, 12, 7, 13 ], "texture": "#playerskin" },
				"west": { "uv": [ 6, 12, 7, 13 ], "texture": "#playerskin" },
				"east": { "uv": [ 6, 12, 7, 13 ], "texture": "#playerskin" }
			}
		}
	],
	"display": {
		"thirdperson_righthand": {
			"rotation":  [ 0, 2, 0 ],
			"translation":  [ -0.1, -2, 0 ],
			"scale":  [ 0.2, 0.2, 0.2 ]
		},
		"thirdperson_lefthand": {
			"rotation":  [ 0, 2, 0 ],
			"translation":  [ -0.1, -2, 0 ],
			"scale":  [ 0.2, 0.2, 0.2 ]
		},
		"firstperson_righthand": {
			"rotation":  [ -6, 108, -2 ],
			"translation":  [ 0, 3.4782, 0.6956 ],
			"scale":  [ 0.2, 0.2, 0.2 ]
		},
		"firstperson_lefthand": {
			"rotation":  [ -6, 108, -2 ],
			"translation":  [ 0, 3.4782, 0.6956 ],
			"scale":  [ 0.2, 0.2, 0.2 ]
		},
		"gui": {
			"rotation":  [ 15, 146, 0 ],
			"translation":  [ 0, 0.6966, 0 ],
			"scale":  [ 0.3, 0.3, 0.3 ]
		},
		"head": {
			"translation":  [ 0, 12.5, 0 ],
			"scale":  [ 0.3, 0.3, 0.3 ]
		},
		"ground": {
			"rotation":  [ 90, 0, 0 ],
			"scale":  [ 0.25, 0.25, 0.25 ]
		},
		"fixed": {
			"translation":  [ 0, 0.0006, 0 ],
			"scale":  [ 0.4, 0.4, 0.4 ]
		}
	}
}
