{
	"credit": "Made with Blockbench",
	"textures": {
		"0": "custom/overige/zebra",
		"1": "blocks/hardened_clay_stained_black",
		"particle": "custom/overige/zebra"
	},
	"elements": [
		{
			"from": [8.4, 0, 9],
			"to": [11.4, 2.2, 12],
			"faces": {
				"north": {"uv": [0, 0, 3, 2.2], "texture": "#0"},
				"east": {"uv": [0, 0, 3, 2.2], "texture": "#0"},
				"south": {"uv": [0, 0, 3, 2.2], "texture": "#0"},
				"west": {"uv": [0, 0, 3, 2.2], "texture": "#0"},
				"up": {"uv": [0, 0, 3, 3], "texture": "#0"},
				"down": {"uv": [0, 0, 3, 3], "texture": "#0"}
			}
		},
		{
			"from": [8.7, 2, 9.3],
			"to": [11.1, 6.8, 11.6],
			"faces": {
				"north": {"uv": [9, 7.5, 11.4, 12.3], "texture": "#0"},
				"east": {"uv": [0, 0, 2.3, 4.8], "texture": "#0"},
				"south": {"uv": [0, 0, 2.4, 4.8], "texture": "#0"},
				"west": {"uv": [6.75, 7.75, 9.05, 12.55], "texture": "#0"},
				"up": {"uv": [0, 0, 2.4, 2.3], "texture": "#0"},
				"down": {"uv": [0, 0, 2.4, 2.3], "texture": "#0"}
			}
		},
		{
			"from": [13, 6.8, 0],
			"to": [16.1, 10, 2.9],
			"faces": {
				"north": {"uv": [0, 0, 3.1, 3.2], "texture": "#0"},
				"east": {"uv": [0, 0, 2.9, 3.2], "texture": "#0"},
				"south": {"uv": [0, 0, 3.1, 3.2], "texture": "#0"},
				"west": {"uv": [0, 0, 2.9, 3.2], "texture": "#0"},
				"up": {"uv": [0, 0, 3.1, 2.9], "texture": "#0"},
				"down": {"uv": [0, 0, 3.1, 2.9], "texture": "#0"}
			}
		},
		{
			"from": [13, 0, 0],
			"to": [16, 2.2, 3],
			"faces": {
				"north": {"uv": [0, 0, 3, 2.2], "texture": "#0"},
				"east": {"uv": [0, 0, 3, 2.2], "texture": "#0"},
				"south": {"uv": [0, 0, 3, 2.2], "texture": "#0"},
				"west": {"uv": [0, 0, 3, 2.2], "texture": "#0"},
				"up": {"uv": [0, 0, 3, 3], "texture": "#0"},
				"down": {"uv": [0, 0, 3, 3], "texture": "#0"}
			}
		},
		{
			"from": [13.3, 2, 0.3],
			"to": [15.7, 6.8, 2.6],
			"faces": {
				"north": {"uv": [0, 0, 2.4, 4.8], "texture": "#0"},
				"east": {"uv": [0, 0, 2.3, 4.8], "texture": "#0"},
				"south": {"uv": [0, 0, 2.4, 4.8], "texture": "#0"},
				"west": {"uv": [0, 0, 2.3, 4.8], "texture": "#0"},
				"up": {"uv": [0, 0, 2.4, 2.3], "texture": "#0"},
				"down": {"uv": [0, 0, 2.4, 2.3], "texture": "#0"}
			}
		},
		{
			"from": [13, 6.8, 9],
			"to": [16.1, 10, 11.9],
			"faces": {
				"north": {"uv": [0, 0, 3.1, 3.2], "texture": "#0"},
				"east": {"uv": [0, 0, 2.9, 3.2], "texture": "#0"},
				"south": {"uv": [0, 0, 3.1, 3.2], "texture": "#0"},
				"west": {"uv": [0, 0, 2.9, 3.2], "texture": "#0"},
				"up": {"uv": [0, 0, 3.1, 2.9], "texture": "#0"},
				"down": {"uv": [0, 0, 3.1, 2.9], "texture": "#0"}
			}
		},
		{
			"from": [13, 0, 9],
			"to": [16, 2.2, 12],
			"faces": {
				"north": {"uv": [0, 0, 3, 2.2], "texture": "#0"},
				"east": {"uv": [0, 0, 3, 2.2], "texture": "#0"},
				"south": {"uv": [0, 0, 3, 2.2], "texture": "#0"},
				"west": {"uv": [0, 0, 3, 2.2], "texture": "#0"},
				"up": {"uv": [0, 0, 3, 3], "texture": "#0"},
				"down": {"uv": [0, 0, 3, 3], "texture": "#0"}
			}
		},
		{
			"from": [13.3, 2, 9.3],
			"to": [15.7, 6.8, 11.6],
			"faces": {
				"north": {"uv": [13.5, 10, 16, 14.8], "texture": "#0"},
				"east": {"uv": [0, 0, 2.3, 4.8], "texture": "#0"},
				"south": {"uv": [0, 0, 2.4, 4.8], "texture": "#0"},
				"west": {"uv": [0, 0, 2.3, 4.8], "texture": "#0"},
				"up": {"uv": [0, 0, 2.4, 2.3], "texture": "#0"},
				"down": {"uv": [0, 0, 2.4, 2.3], "texture": "#0"}
			}
		},
		{
			"from": [9.2, 7.5, 0.1],
			"to": [15.1, 12.5, 12.1],
			"faces": {
				"north": {"uv": [0, 0, 5.9, 5], "texture": "#0"},
				"east": {"uv": [0, 0, 12, 5], "texture": "#0"},
				"south": {"uv": [0, 0, 5.9, 5], "texture": "#0"},
				"west": {"uv": [0, 0, 12, 5], "texture": "#0"},
				"up": {"uv": [0, 0, 5.9, 12], "texture": "#0"},
				"down": {"uv": [0, 0, 5.9, 12], "texture": "#0"}
			}
		},
		{
			"from": [8.4, 6.8, 9],
			"to": [11.5, 10, 11.9],
			"faces": {
				"north": {"uv": [0, 0, 3.1, 3.2], "texture": "#0"},
				"east": {"uv": [0, 0, 2.9, 3.2], "texture": "#0"},
				"south": {"uv": [0, 0, 3.1, 3.2], "texture": "#0"},
				"west": {"uv": [0, 0, 2.9, 3.2], "texture": "#0"},
				"up": {"uv": [0, 0, 3.1, 2.9], "texture": "#0"},
				"down": {"uv": [0, 0, 3.1, 2.9], "texture": "#0"}
			}
		},
		{
			"from": [8.4, 6.8, 0],
			"to": [11.5, 10, 2.9],
			"faces": {
				"north": {"uv": [0, 0, 3.1, 3.2], "texture": "#0"},
				"east": {"uv": [0, 0, 2.9, 3.2], "texture": "#0"},
				"south": {"uv": [0, 0, 3.1, 3.2], "texture": "#0"},
				"west": {"uv": [0, 0, 2.9, 3.2], "texture": "#0"},
				"up": {"uv": [0, 0, 3.1, 2.9], "texture": "#0"},
				"down": {"uv": [0, 0, 3.1, 2.9], "texture": "#0"}
			}
		},
		{
			"from": [8.4, 0, 0],
			"to": [11.4, 2.2, 3],
			"faces": {
				"north": {"uv": [0, 0, 3, 2.2], "texture": "#0"},
				"east": {"uv": [0, 0, 3, 2.2], "texture": "#0"},
				"south": {"uv": [0, 0, 3, 2.2], "texture": "#0"},
				"west": {"uv": [0, 0, 3, 2.2], "texture": "#0"},
				"up": {"uv": [0, 0, 3, 3], "texture": "#0"},
				"down": {"uv": [0, 0, 3, 3], "texture": "#0"}
			}
		},
		{
			"from": [8.7, 2, 0.3],
			"to": [11.1, 6.8, 2.6],
			"faces": {
				"north": {"uv": [0, 0, 2.4, 4.8], "texture": "#0"},
				"east": {"uv": [0, 0, 2.3, 4.8], "texture": "#0"},
				"south": {"uv": [0, 0, 2.4, 4.8], "texture": "#0"},
				"west": {"uv": [3.25, 3.25, 5.55, 8.05], "texture": "#0"},
				"up": {"uv": [0, 0, 2.4, 2.3], "texture": "#0"},
				"down": {"uv": [0, 0, 2.4, 2.3], "texture": "#0"}
			}
		},
		{
			"from": [8.4, 0, 0],
			"to": [11.4, 2.2, 3],
			"faces": {
				"north": {"uv": [0, 0, 3, 2.2], "texture": "#0"},
				"east": {"uv": [0, 0, 3, 2.2], "texture": "#0"},
				"south": {"uv": [0, 0, 3, 2.2], "texture": "#0"},
				"west": {"uv": [0, 0, 3, 2.2], "texture": "#0"},
				"up": {"uv": [0, 0, 3, 3], "texture": "#0"},
				"down": {"uv": [0, 0, 3, 3], "texture": "#0"}
			}
		},
		{
			"from": [8.7, 2, 0.3],
			"to": [11.1, 6.8, 2.6],
			"faces": {
				"north": {"uv": [0, 0, 2.4, 4.8], "texture": "#0"},
				"east": {"uv": [0, 0, 2.3, 4.8], "texture": "#0"},
				"south": {"uv": [0, 0, 2.4, 4.8], "texture": "#0"},
				"west": {"uv": [0, 0, 2.3, 4.8], "texture": "#0"},
				"up": {"uv": [0, 0, 2.4, 2.3], "texture": "#0"},
				"down": {"uv": [0, 0, 2.4, 2.3], "texture": "#0"}
			}
		},
		{
			"from": [11.5, 12, 3.3],
			"to": [13, 20.1, 4.3],
			"rotation": {"angle": -22.5, "axis": "x", "origin": [12.3, 15, 3.8]},
			"faces": {
				"north": {"uv": [0, 0, 1.5, 8.1], "texture": "#0"},
				"east": {"uv": [0, 0, 1, 8.1], "texture": "#0"},
				"south": {"uv": [0, 0, 1.5, 8.1], "texture": "#0"},
				"west": {"uv": [0, 0, 1, 8.1], "texture": "#0"},
				"up": {"uv": [0, 0, 1.5, 1], "texture": "#0"},
				"down": {"uv": [0, 0, 1.5, 1], "texture": "#0"}
			}
		},
		{
			"from": [11.5, 17.5, -3.9],
			"to": [13, 18.7, -1],
			"faces": {
				"north": {"uv": [0, 0, 1.5, 1.2], "texture": "#0"},
				"east": {"uv": [0, 0, 2.9, 1.2], "texture": "#0"},
				"south": {"uv": [0, 0, 1.5, 1.2], "texture": "#0"},
				"west": {"uv": [0, 0, 2.9, 1.2], "texture": "#0"},
				"up": {"uv": [0, 0, 1.5, 2.9], "texture": "#0"},
				"down": {"uv": [0, 0, 1.5, 2.9], "texture": "#0"}
			}
		},
		{
			"from": [11.5, 16.25, -3.9],
			"to": [13, 17.45, -1],
			"faces": {
				"north": {"uv": [0, 0, 1.5, 1.2], "texture": "#0"},
				"east": {"uv": [0, 0, 2.9, 1.2], "texture": "#0"},
				"south": {"uv": [0, 0, 1.5, 1.2], "texture": "#0"},
				"west": {"uv": [0, 0, 2.9, 1.2], "texture": "#0"},
				"up": {"uv": [0, 0, 1.5, 2.9], "texture": "#0"},
				"down": {"uv": [0, 0, 1.5, 2.9], "texture": "#0"}
			}
		},
		{
			"from": [12.5, 19, 0],
			"to": [13.5, 20.25, 1],
			"rotation": {"angle": -22.5, "axis": "z", "origin": [13, 19.5, 0.5]},
			"faces": {
				"north": {"uv": [0, 0, 1, 1.25], "texture": "#0"},
				"east": {"uv": [0, 0, 1, 1.25], "texture": "#0"},
				"south": {"uv": [0, 0, 1, 1.25], "texture": "#0"},
				"west": {"uv": [0, 0, 1, 1.25], "texture": "#0"},
				"up": {"uv": [0, 0, 1, 1], "texture": "#0"},
				"down": {"uv": [0, 0, 1, 1], "texture": "#0"}
			}
		},
		{
			"from": [11, 19, 0],
			"to": [12, 20.25, 1],
			"rotation": {"angle": 22.5, "axis": "z", "origin": [11.5, 19.5, 0.5]},
			"faces": {
				"north": {"uv": [0, 0, 1, 1.25], "texture": "#0"},
				"east": {"uv": [0, 0, 1, 1.25], "texture": "#0"},
				"south": {"uv": [0, 0, 1, 1.25], "texture": "#0"},
				"west": {"uv": [0, 0, 1, 1.25], "texture": "#0"},
				"up": {"uv": [0, 0, 1, 1], "texture": "#0"},
				"down": {"uv": [0, 0, 1, 1], "texture": "#0"}
			}
		},
		{
			"from": [10.65, 18.25, -0.8],
			"to": [11.25, 18.8, -0.25],
			"faces": {
				"north": {"uv": [0, 0, 0.6, 0.55], "texture": "#1"},
				"east": {"uv": [0, 0, 0.55, 0.55], "texture": "#1"},
				"south": {"uv": [0, 0, 0.6, 0.55], "texture": "#1"},
				"west": {"uv": [0, 0, 0.55, 0.55], "texture": "#1"},
				"up": {"uv": [0, 0, 0.6, 0.55], "texture": "#1"},
				"down": {"uv": [0, 0, 0.6, 0.55], "texture": "#1"}
			}
		},
		{
			"from": [13.05, 18.25, -0.8],
			"to": [13.65, 18.8, -0.25],
			"faces": {
				"north": {"uv": [0, 0, 0.6, 0.55], "texture": "#1"},
				"east": {"uv": [0, 0, 0.55, 0.55], "texture": "#1"},
				"south": {"uv": [0, 0, 0.6, 0.55], "texture": "#1"},
				"west": {"uv": [0, 0, 0.55, 0.55], "texture": "#1"},
				"up": {"uv": [0, 0, 0.6, 0.55], "texture": "#1"},
				"down": {"uv": [0, 0, 0.6, 0.55], "texture": "#1"}
			}
		},
		{
			"from": [10.8, 18.1, -0.9],
			"to": [11.4, 18.9, -0.2],
			"faces": {
				"north": {"uv": [0, 0, 0.075, 0.1], "texture": "#0"},
				"east": {"uv": [0, 0, 0.0875, 0.1], "texture": "#0"},
				"south": {"uv": [0, 0, 0.075, 0.1], "texture": "#0"},
				"west": {"uv": [0, 0, 0.0875, 0.1], "texture": "#0"},
				"up": {"uv": [0, 0, 0.075, 0.0875], "texture": "#0"},
				"down": {"uv": [0, 0, 0.075, 0.0875], "texture": "#0"}
			}
		},
		{
			"from": [13, 18.1, -0.9],
			"to": [13.6, 18.9, -0.2],
			"faces": {
				"north": {"uv": [0, 0, 0.075, 0.1], "texture": "#0"},
				"east": {"uv": [0, 0, 0.0875, 0.1], "texture": "#0"},
				"south": {"uv": [0, 0, 0.075, 0.1], "texture": "#0"},
				"west": {"uv": [0, 0, 0.0875, 0.1], "texture": "#0"},
				"up": {"uv": [0, 0, 0.075, 0.0875], "texture": "#0"},
				"down": {"uv": [0, 0, 0.075, 0.0875], "texture": "#0"}
			}
		},
		{
			"from": [10.95, 16.75, -1.2],
			"to": [13.45, 19, 1.85],
			"faces": {
				"north": {"uv": [0, 0, 2.5, 2.25], "texture": "#0"},
				"east": {"uv": [0, 0, 3.05, 2.25], "texture": "#0"},
				"south": {"uv": [0, 0, 2.5, 2.25], "texture": "#0"},
				"west": {"uv": [0, 0, 3.05, 2.25], "texture": "#0"},
				"up": {"uv": [0, 0, 2.5, 3.05], "texture": "#0"},
				"down": {"uv": [0, 0, 2.5, 3.05], "texture": "#0"}
			}
		},
		{
			"from": [11.1, 12, 1.4],
			"to": [13.1, 18.8, 4.3],
			"rotation": {"angle": -22.5, "axis": "x", "origin": [11.5, 12.5, 3.5]},
			"faces": {
				"north": {"uv": [0, 0, 2, 6.8], "texture": "#0"},
				"east": {"uv": [0, 0, 2.9, 6.8], "texture": "#0"},
				"south": {"uv": [0, 0, 2, 6.8], "texture": "#0"},
				"west": {"uv": [0, 0, 2.9, 6.8], "texture": "#0"},
				"up": {"uv": [0, 0, 2, 2.9], "texture": "#0"},
				"down": {"uv": [0, 0, 2, 2.9], "texture": "#0"}
			}
		},
		{
			"from": [11.7, 6.86642, 12.43939],
			"to": [12.9, 8.96642, 13.53939],
			"rotation": {"angle": -22.5, "axis": "x", "origin": [12.4, 8.46642, 12.73939]},
			"faces": {
				"north": {"uv": [0, 0, 1.2, 2.1], "texture": "#0"},
				"east": {"uv": [0, 0, 1.1, 2.1], "texture": "#0"},
				"south": {"uv": [0, 0, 1.2, 2.1], "texture": "#0"},
				"west": {"uv": [0, 0, 1.1, 2.1], "texture": "#0"},
				"up": {"uv": [0, 0, 1.2, 1.1], "texture": "#0"},
				"down": {"uv": [0, 0, 1.2, 1.1], "texture": "#0"}
			}
		},
		{
			"from": [11.5, 8.7, 10.9],
			"to": [13.1, 12.2, 12.4],
			"rotation": {"angle": -22.5, "axis": "x", "origin": [12.4, 11.7, 11.4]},
			"faces": {
				"north": {"uv": [0, 0, 1.6, 3.5], "texture": "#0"},
				"east": {"uv": [0, 0, 1.5, 3.5], "texture": "#0"},
				"south": {"uv": [0, 0, 1.6, 3.5], "texture": "#0"},
				"west": {"uv": [0, 0, 1.5, 3.5], "texture": "#0"},
				"up": {"uv": [0, 0, 1.6, 1.5], "texture": "#0"},
				"down": {"uv": [0, 0, 1.6, 1.5], "texture": "#0"}
			}
		}
	],
	"display": {
		"thirdperson_righthand": {
			"scale": [0.5, 0.5, 0.5],
			"translation": [-2, -0.5, -1.5],
			"rotation": [41, -1, 0]
		},
		"thirdperson_lefthand": {
			"scale": [0.5, 0.5, 0.5],
			"rotation": [41, -1, 0],
			"translation": [-2, -0.5, -1.5]
		},
		"firstperson_righthand": {
			"rotation": [-7, 15, 4],
			"translation": [8.5, -3, 0]
		},
		"firstperson_lefthand": {
			"rotation": [-7, 15, 4],
			"translation": [8.5, -3, 0]
		},
		"fixed": {
			"rotation": [-1, 0, 0],
			"translation": [0, -1, 2.5]
		},
		"gui": {
			"scale": [0.7, 0.7, 0.7],
			"rotation": [0, -80, -7],
			"translation": [-3, -1.5, 0]
		}
	},
	"groups": [
		{
			"name": "Paard",
			"isOpen": true,
			"shade": true,
			"display": {
				"visibility": true,
				"autouv": true
			},
			"children": [
				{
					"name": "group",
					"isOpen": true,
					"shade": true,
					"display": {
						"visibility": true,
						"autouv": true
					},
					"children": [0, 1]
				},
				{
					"name": "group",
					"isOpen": true,
					"shade": true,
					"display": {
						"visibility": true,
						"autouv": true
					},
					"children": [2, 3, 4]
				},
				{
					"name": "group",
					"isOpen": true,
					"shade": true,
					"display": {
						"visibility": true,
						"autouv": true
					},
					"children": [5, 6, 7]
				}, 8,
				{
					"name": "group",
					"isOpen": true,
					"shade": true,
					"display": {
						"visibility": true,
						"autouv": true
					},
					"children": [9, 10, 11, 12]
				},
				{
					"name": "group",
					"shade": true,
					"display": {
						"visibility": true,
						"autouv": true
					},
					"children": [13, 14]
				}, 15, 16, 17]
		}, 18, 19, 20, 21, 22, 23, 24, 25, 26, 27]
}
