{
	"credit": "Made with Blockbench",
	"textures": {
		"particle": "custom/addons/canary_engine_gray",
		"2_0": "custom/addons/canary_engine_gray"
	},
	"elements": [
		{
			"name": "Voxels",
			"from": [18.65556, 6.29348, 5.71189],
			"to": [19.04251, 7.45435, 9.19448],
			"rotation": {"angle": 0, "axis": "y", "origin": [21.17079, 5.71304, 6.29234]},
			"faces": {
				"north": {"uv": [8.75, 13.25, 8.5, 14], "texture": "#2_0"},
				"east": {"uv": [2.25, 10, 0, 10.75], "texture": "#2_0"},
				"south": {"uv": [12.75, 14.75, 13, 15.5], "texture": "#2_0"},
				"west": {"uv": [0, 10.75, 2.25, 11.5], "texture": "#2_0"},
				"up": {"uv": [2.75, 10.5, 3, 8.25], "texture": "#2_0"},
				"down": {"uv": [2.75, 10.5, 3, 12.75], "texture": "#2_0"}
			}
		},
		{
			"name": "Voxels",
			"from": [18.65556, 7.45438, 6.09888],
			"to": [19.04251, 7.84133, 8.80756],
			"rotation": {"angle": 0, "axis": "y", "origin": [21.17079, 5.71304, 6.29234]},
			"faces": {
				"north": {"uv": [12, 10, 11.75, 10.25], "texture": "#2_0"},
				"east": {"uv": [4.75, 11.5, 3, 11.75], "texture": "#2_0"},
				"south": {"uv": [15, 11.75, 15.25, 12], "texture": "#2_0"},
				"west": {"uv": [3, 11, 4.75, 11.25], "texture": "#2_0"},
				"up": {"uv": [3, 10.5, 3.25, 8.75], "texture": "#2_0"},
				"down": {"uv": [3.25, 8.75, 3.5, 10.5], "texture": "#2_0"}
			}
		},
		{
			"name": "Voxels",
			"from": [18.65556, 7.84128, 6.48579],
			"to": [19.04251, 8.22823, 8.42056],
			"rotation": {"angle": 0, "axis": "y", "origin": [21.17079, 5.71304, 6.29234]},
			"faces": {
				"north": {"uv": [15.5, 11.75, 15.25, 12], "texture": "#2_0"},
				"east": {"uv": [6.75, 12.5, 5.5, 12.75], "texture": "#2_0"},
				"south": {"uv": [15.5, 11.75, 15.75, 12], "texture": "#2_0"},
				"west": {"uv": [5.5, 12.75, 6.75, 13], "texture": "#2_0"},
				"up": {"uv": [6.75, 15.25, 7, 14], "texture": "#2_0"},
				"down": {"uv": [6.5, 14, 6.75, 15.25], "texture": "#2_0"}
			}
		},
		{
			"name": "Voxels",
			"from": [18.65556, 9.38907, 7.25968],
			"to": [19.04251, 10.16298, 7.64664],
			"rotation": {"angle": 0, "axis": "y", "origin": [21.17079, 5.71304, 6.29234]},
			"faces": {
				"north": {"uv": [14, 14, 13.75, 14.5], "texture": "#2_0"},
				"east": {"uv": [15.75, 14, 15.5, 14.5], "texture": "#2_0"},
				"south": {"uv": [14, 14, 14.25, 14.5], "texture": "#2_0"},
				"west": {"uv": [15.25, 14, 15.5, 14.5], "texture": "#2_0"},
				"up": {"uv": [12, 10.75, 12.25, 10.5], "texture": "#2_0"},
				"down": {"uv": [15.75, 11.75, 16, 12], "texture": "#2_0"}
			}
		},
		{
			"name": "Voxels",
			"from": [19.04255, 6.29348, 6.48579],
			"to": [23.29905, 7.45435, 6.87274],
			"rotation": {"angle": 0, "axis": "y", "origin": [21.17079, 5.71304, 6.29234]},
			"faces": {
				"north": {"uv": [2.75, 13, 0, 13.75], "texture": "#2_0"},
				"east": {"uv": [9.5, 11, 9.25, 11.75], "texture": "#2_0"},
				"south": {"uv": [0, 13.75, 2.75, 14.5], "texture": "#2_0"},
				"west": {"uv": [9.25, 11.75, 9.5, 12.5], "texture": "#2_0"},
				"up": {"uv": [0, 10, 2.75, 9.75], "texture": "#2_0"},
				"down": {"uv": [0, 8.25, 2.75, 8.5], "texture": "#2_0"}
			}
		},
		{
			"name": "Voxels",
			"from": [19.04255, 6.29348, 8.03367],
			"to": [23.29905, 7.45435, 8.42063],
			"rotation": {"angle": 0, "axis": "y", "origin": [21.17079, 5.71304, 6.29234]},
			"faces": {
				"north": {"uv": [2.75, 11.5, 0, 12.25], "texture": "#2_0"},
				"east": {"uv": [9.5, 9.5, 9.25, 10.25], "texture": "#2_0"},
				"south": {"uv": [0, 12.25, 2.75, 13], "texture": "#2_0"},
				"west": {"uv": [9.25, 10.25, 9.5, 11], "texture": "#2_0"},
				"up": {"uv": [2.75, 16, 5.5, 15.75], "texture": "#2_0"},
				"down": {"uv": [0, 9, 2.75, 9.25], "texture": "#2_0"}
			}
		},
		{
			"name": "Voxels",
			"from": [19.04255, 7.06738, 5.71189],
			"to": [23.29905, 7.45433, 6.09884],
			"rotation": {"angle": 0, "axis": "y", "origin": [21.17079, 5.71304, 6.29234]},
			"faces": {
				"north": {"uv": [2.75, 8.75, 0, 9], "texture": "#2_0"},
				"east": {"uv": [12.25, 10, 12, 10.25], "texture": "#2_0"},
				"south": {"uv": [2.75, 15.5, 5.5, 15.75], "texture": "#2_0"},
				"west": {"uv": [12, 10.25, 12.25, 10.5], "texture": "#2_0"},
				"up": {"uv": [0, 8.75, 2.75, 8.5], "texture": "#2_0"},
				"down": {"uv": [0, 8, 2.75, 8.25], "texture": "#2_0"}
			}
		},
		{
			"name": "Voxels",
			"from": [19.04255, 7.06738, 8.80757],
			"to": [23.29905, 7.45433, 9.19453],
			"rotation": {"angle": 0, "axis": "y", "origin": [21.17079, 5.71304, 6.29234]},
			"faces": {
				"north": {"uv": [5.5, 14.75, 2.75, 15], "texture": "#2_0"},
				"east": {"uv": [13.75, 11.5, 13.5, 11.75], "texture": "#2_0"},
				"south": {"uv": [2.75, 14.5, 5.5, 14.75], "texture": "#2_0"},
				"west": {"uv": [12, 9.75, 12.25, 10], "texture": "#2_0"},
				"up": {"uv": [2.75, 15.25, 5.5, 15], "texture": "#2_0"},
				"down": {"uv": [2.75, 15.25, 5.5, 15.5], "texture": "#2_0"}
			}
		},
		{
			"name": "Voxels",
			"from": [19.04255, 7.45438, 6.87278],
			"to": [23.29905, 7.84133, 8.03365],
			"rotation": {"angle": 0, "axis": "y", "origin": [21.17079, 5.71304, 6.29234]},
			"faces": {
				"north": {"uv": [2.75, 9.5, 0, 9.75], "texture": "#2_0"},
				"east": {"uv": [13.25, 14.5, 12.5, 14.75], "texture": "#2_0"},
				"south": {"uv": [0, 9.25, 2.75, 9.5], "texture": "#2_0"},
				"west": {"uv": [10.25, 14.5, 11, 14.75], "texture": "#2_0"},
				"up": {"uv": [0, 15.25, 2.75, 14.5], "texture": "#2_0"},
				"down": {"uv": [0, 15.25, 2.75, 16], "texture": "#2_0"}
			}
		},
		{
			"name": "Voxels",
			"from": [19.04255, 9.00217, 7.25968],
			"to": [20.59037, 9.38913, 7.64664],
			"rotation": {"angle": 0, "axis": "y", "origin": [21.17079, 5.71304, 6.29234]},
			"faces": {
				"north": {"uv": [8.25, 12.5, 7.25, 12.75], "texture": "#2_0"},
				"east": {"uv": [14.25, 11.5, 14, 11.75], "texture": "#2_0"},
				"south": {"uv": [7.25, 12.25, 8.25, 12.5], "texture": "#2_0"},
				"west": {"uv": [13.75, 11.5, 14, 11.75], "texture": "#2_0"},
				"up": {"uv": [7.25, 13, 8.25, 12.75], "texture": "#2_0"},
				"down": {"uv": [7.25, 13, 8.25, 13.25], "texture": "#2_0"}
			}
		},
		{
			"name": "Voxels",
			"from": [19.04255, 9.38907, 6.87278],
			"to": [19.81646, 10.16298, 7.25974],
			"rotation": {"angle": 0, "axis": "y", "origin": [21.17079, 5.71304, 6.29234]},
			"faces": {
				"north": {"uv": [8.25, 11.75, 7.75, 12.25], "texture": "#2_0"},
				"east": {"uv": [10.25, 12.5, 10, 13], "texture": "#2_0"},
				"south": {"uv": [2.25, 11, 2.75, 11.5], "texture": "#2_0"},
				"west": {"uv": [10, 13, 10.25, 13.5], "texture": "#2_0"},
				"up": {"uv": [10.5, 13.75, 11, 13.5], "texture": "#2_0"},
				"down": {"uv": [10, 13.5, 10.5, 13.75], "texture": "#2_0"}
			}
		},
		{
			"name": "Voxels",
			"from": [19.04255, 9.38907, 7.64668],
			"to": [19.81646, 10.16298, 8.03363],
			"rotation": {"angle": 0, "axis": "y", "origin": [21.17079, 5.71304, 6.29234]},
			"faces": {
				"north": {"uv": [8.25, 10.75, 7.75, 11.25], "texture": "#2_0"},
				"east": {"uv": [10, 8, 9.75, 8.5], "texture": "#2_0"},
				"south": {"uv": [2.25, 10.25, 2.75, 10.75], "texture": "#2_0"},
				"west": {"uv": [10, 12, 10.25, 12.5], "texture": "#2_0"},
				"up": {"uv": [11.5, 13.75, 12, 13.5], "texture": "#2_0"},
				"down": {"uv": [11, 13.5, 11.5, 13.75], "texture": "#2_0"}
			}
		},
		{
			"name": "Voxels",
			"from": [19.04255, 10.16297, 7.25968],
			"to": [22.52514, 10.54993, 7.64664],
			"rotation": {"angle": 0, "axis": "y", "origin": [21.17079, 5.71304, 6.29234]},
			"faces": {
				"north": {"uv": [5.25, 12, 3, 12.25], "texture": "#2_0"},
				"east": {"uv": [15.75, 11.5, 15.5, 11.75], "texture": "#2_0"},
				"south": {"uv": [3, 11.75, 5.25, 12], "texture": "#2_0"},
				"west": {"uv": [14.25, 11.5, 14.5, 11.75], "texture": "#2_0"},
				"up": {"uv": [3, 12.5, 5.25, 12.25], "texture": "#2_0"},
				"down": {"uv": [3, 12.5, 5.25, 12.75], "texture": "#2_0"}
			}
		},
		{
			"name": "Voxels",
			"from": [19.81645, 6.29348, 5.32499],
			"to": [20.2034, 7.45435, 5.71194],
			"rotation": {"angle": 0, "axis": "y", "origin": [21.17079, 5.71304, 6.29234]},
			"faces": {
				"north": {"uv": [3.25, 8, 3, 8.75], "texture": "#2_0"},
				"east": {"uv": [8.75, 14, 8.5, 14.75], "texture": "#2_0"},
				"south": {"uv": [3.25, 8, 3.5, 8.75], "texture": "#2_0"},
				"west": {"uv": [8.5, 14.75, 8.75, 15.5], "texture": "#2_0"},
				"up": {"uv": [12.25, 11.5, 12.5, 11.25], "texture": "#2_0"},
				"down": {"uv": [15.75, 11.5, 16, 11.75], "texture": "#2_0"}
			}
		},
		{
			"name": "Voxels",
			"from": [19.81645, 6.29348, 5.71189],
			"to": [20.2034, 7.06739, 6.4858],
			"rotation": {"angle": 0, "axis": "y", "origin": [21.17079, 5.71304, 6.29234]},
			"faces": {
				"north": {"uv": [10.5, 13, 10.25, 13.5], "texture": "#2_0"},
				"east": {"uv": [7.75, 13.25, 7.25, 13.75], "texture": "#2_0"},
				"south": {"uv": [10.25, 12.5, 10.5, 13], "texture": "#2_0"},
				"west": {"uv": [7.75, 9.25, 8.25, 9.75], "texture": "#2_0"},
				"up": {"uv": [10, 8.5, 10.25, 8], "texture": "#2_0"},
				"down": {"uv": [10, 8.5, 10.25, 9], "texture": "#2_0"}
			}
		},
		{
			"name": "Voxels",
			"from": [19.81645, 6.29348, 8.42058],
			"to": [20.2034, 8.22825, 8.80753],
			"rotation": {"angle": 0, "axis": "y", "origin": [21.17079, 5.71304, 6.29234]},
			"faces": {
				"north": {"uv": [5.75, 10.75, 5.5, 12], "texture": "#2_0"},
				"east": {"uv": [6.5, 10.75, 6.25, 12], "texture": "#2_0"},
				"south": {"uv": [5.75, 10.75, 6, 12], "texture": "#2_0"},
				"west": {"uv": [6, 10.75, 6.25, 12], "texture": "#2_0"},
				"up": {"uv": [12.25, 10.5, 12.5, 10.25], "texture": "#2_0"},
				"down": {"uv": [12.25, 11, 12.5, 11.25], "texture": "#2_0"}
			}
		},
		{
			"name": "Voxels",
			"from": [19.81645, 6.29348, 8.80757],
			"to": [20.2034, 7.06739, 9.58148],
			"rotation": {"angle": 0, "axis": "y", "origin": [21.17079, 5.71304, 6.29234]},
			"faces": {
				"north": {"uv": [10.5, 8, 10.25, 8.5], "texture": "#2_0"},
				"east": {"uv": [7.75, 11.25, 7.25, 11.75], "texture": "#2_0"},
				"south": {"uv": [10.5, 13, 10.75, 13.5], "texture": "#2_0"},
				"west": {"uv": [5, 8.25, 5.5, 8.75], "texture": "#2_0"},
				"up": {"uv": [10.25, 10, 10.5, 9.5], "texture": "#2_0"},
				"down": {"uv": [10.25, 10, 10.5, 10.5], "texture": "#2_0"}
			}
		},
		{
			"name": "Voxels",
			"from": [19.81645, 7.06738, 6.09888],
			"to": [20.2034, 8.22824, 6.48584],
			"rotation": {"angle": 0, "axis": "y", "origin": [21.17079, 5.71304, 6.29234]},
			"faces": {
				"north": {"uv": [8.75, 12.5, 8.5, 13.25], "texture": "#2_0"},
				"east": {"uv": [8.75, 10.25, 8.5, 11], "texture": "#2_0"},
				"south": {"uv": [8.5, 11.75, 8.75, 12.5], "texture": "#2_0"},
				"west": {"uv": [8.5, 11, 8.75, 11.75], "texture": "#2_0"},
				"up": {"uv": [12.25, 9, 12.5, 8.75], "texture": "#2_0"},
				"down": {"uv": [12.25, 10, 12.5, 10.25], "texture": "#2_0"}
			}
		},
		{
			"name": "Voxels",
			"from": [19.81645, 7.06738, 9.19447],
			"to": [20.2034, 7.45433, 9.58143],
			"rotation": {"angle": 0, "axis": "y", "origin": [21.17079, 5.71304, 6.29234]},
			"faces": {
				"north": {"uv": [13.5, 11.25, 13.25, 11.5], "texture": "#2_0"},
				"east": {"uv": [14.75, 11.25, 14.5, 11.5], "texture": "#2_0"},
				"south": {"uv": [14, 11.25, 14.25, 11.5], "texture": "#2_0"},
				"west": {"uv": [14.25, 11.25, 14.5, 11.5], "texture": "#2_0"},
				"up": {"uv": [13, 11.5, 13.25, 11.25], "texture": "#2_0"},
				"down": {"uv": [12.25, 8.5, 12.5, 8.75], "texture": "#2_0"}
			}
		},
		{
			"name": "Voxels",
			"from": [19.81645, 7.45438, 5.71189],
			"to": [20.2034, 7.84133, 6.09884],
			"rotation": {"angle": 0, "axis": "y", "origin": [21.17079, 5.71304, 6.29234]},
			"faces": {
				"north": {"uv": [16, 11.25, 15.75, 11.5], "texture": "#2_0"},
				"east": {"uv": [5.5, 12, 5.25, 12.25], "texture": "#2_0"},
				"south": {"uv": [5.25, 12.5, 5.5, 12.75], "texture": "#2_0"},
				"west": {"uv": [5.25, 12.25, 5.5, 12.5], "texture": "#2_0"},
				"up": {"uv": [15.5, 11.5, 15.75, 11.25], "texture": "#2_0"},
				"down": {"uv": [14.75, 11.25, 15, 11.5], "texture": "#2_0"}
			}
		},
		{
			"name": "Voxels",
			"from": [19.81645, 7.45438, 6.48579],
			"to": [20.2034, 8.61524, 6.87274],
			"rotation": {"angle": 0, "axis": "y", "origin": [21.17079, 5.71304, 6.29234]},
			"faces": {
				"north": {"uv": [13.25, 14.75, 13, 15.5], "texture": "#2_0"},
				"east": {"uv": [9.5, 14.75, 9.25, 15.5], "texture": "#2_0"},
				"south": {"uv": [9.75, 11.5, 10, 12.25], "texture": "#2_0"},
				"west": {"uv": [9, 14.75, 9.25, 15.5], "texture": "#2_0"},
				"up": {"uv": [2.75, 8.25, 3, 8], "texture": "#2_0"},
				"down": {"uv": [5.25, 11.75, 5.5, 12], "texture": "#2_0"}
			}
		},
		{
			"name": "Voxels",
			"from": [19.81645, 7.45438, 8.03367],
			"to": [20.2034, 8.61524, 8.42063],
			"rotation": {"angle": 0, "axis": "y", "origin": [21.17079, 5.71304, 6.29234]},
			"faces": {
				"north": {"uv": [13.5, 14.75, 13.25, 15.5], "texture": "#2_0"},
				"east": {"uv": [9.5, 12.5, 9.25, 13.25], "texture": "#2_0"},
				"south": {"uv": [13.5, 14.75, 13.75, 15.5], "texture": "#2_0"},
				"west": {"uv": [9.25, 13.25, 9.5, 14], "texture": "#2_0"},
				"up": {"uv": [5.25, 10.25, 5.5, 10], "texture": "#2_0"},
				"down": {"uv": [5.25, 10.25, 5.5, 10.5], "texture": "#2_0"}
			}
		},
		{
			"name": "Voxels",
			"from": [19.81645, 7.45438, 8.80757],
			"to": [20.2034, 7.84133, 9.19453],
			"rotation": {"angle": 0, "axis": "y", "origin": [21.17079, 5.71304, 6.29234]},
			"faces": {
				"north": {"uv": [7, 15.25, 6.75, 15.5], "texture": "#2_0"},
				"east": {"uv": [7, 13.25, 6.75, 13.5], "texture": "#2_0"},
				"south": {"uv": [6.75, 13.75, 7, 14], "texture": "#2_0"},
				"west": {"uv": [6.75, 13.5, 7, 13.75], "texture": "#2_0"},
				"up": {"uv": [5.25, 9.5, 5.5, 9.25], "texture": "#2_0"},
				"down": {"uv": [5.25, 9.75, 5.5, 10], "texture": "#2_0"}
			}
		},
		{
			"name": "Voxels",
			"from": [19.81645, 7.84128, 6.87278],
			"to": [20.2034, 8.22823, 8.03365],
			"rotation": {"angle": 0, "axis": "y", "origin": [21.17079, 5.71304, 6.29234]},
			"faces": {
				"north": {"uv": [7, 13, 6.75, 13.25], "texture": "#2_0"},
				"east": {"uv": [5, 12.75, 4.25, 13], "texture": "#2_0"},
				"south": {"uv": [6.75, 12.75, 7, 13], "texture": "#2_0"},
				"west": {"uv": [13.25, 14.5, 14, 14.75], "texture": "#2_0"},
				"up": {"uv": [9.75, 10, 10, 9.25], "texture": "#2_0"},
				"down": {"uv": [9.75, 10.75, 10, 11.5], "texture": "#2_0"}
			}
		},
		{
			"name": "Voxels",
			"from": [19.81645, 9.00217, 6.87278],
			"to": [20.59036, 9.38913, 7.25974],
			"rotation": {"angle": 0, "axis": "y", "origin": [21.17079, 5.71304, 6.29234]},
			"faces": {
				"north": {"uv": [7.75, 8, 7.25, 8.25], "texture": "#2_0"},
				"east": {"uv": [13.5, 12.75, 13.25, 13], "texture": "#2_0"},
				"south": {"uv": [14, 14.5, 14.5, 14.75], "texture": "#2_0"},
				"west": {"uv": [13, 12.75, 13.25, 13], "texture": "#2_0"},
				"up": {"uv": [5, 8.25, 5.5, 8], "texture": "#2_0"},
				"down": {"uv": [2.25, 10.75, 2.75, 11], "texture": "#2_0"}
			}
		},
		{
			"name": "Voxels",
			"from": [19.81645, 9.00217, 7.64668],
			"to": [20.59036, 9.38913, 8.03363],
			"rotation": {"angle": 0, "axis": "y", "origin": [21.17079, 5.71304, 6.29234]},
			"faces": {
				"north": {"uv": [16, 14.5, 15.5, 14.75], "texture": "#2_0"},
				"east": {"uv": [14, 12.75, 13.75, 13], "texture": "#2_0"},
				"south": {"uv": [12.75, 14.25, 13.25, 14.5], "texture": "#2_0"},
				"west": {"uv": [13.5, 12.75, 13.75, 13], "texture": "#2_0"},
				"up": {"uv": [15, 14.75, 15.5, 14.5], "texture": "#2_0"},
				"down": {"uv": [14.5, 14.5, 15, 14.75], "texture": "#2_0"}
			}
		},
		{
			"name": "Voxels",
			"from": [19.81645, 9.38907, 6.48579],
			"to": [20.59036, 10.16298, 6.87274],
			"rotation": {"angle": 0, "axis": "y", "origin": [21.17079, 5.71304, 6.29234]},
			"faces": {
				"north": {"uv": [7.75, 10.25, 7.25, 10.75], "texture": "#2_0"},
				"east": {"uv": [8.5, 11.25, 8.25, 11.75], "texture": "#2_0"},
				"south": {"uv": [7.75, 14.25, 8.25, 14.75], "texture": "#2_0"},
				"west": {"uv": [8.25, 11.75, 8.5, 12.25], "texture": "#2_0"},
				"up": {"uv": [12.75, 14, 13.25, 13.75], "texture": "#2_0"},
				"down": {"uv": [12.75, 14, 13.25, 14.25], "texture": "#2_0"}
			}
		},
		{
			"name": "Voxels",
			"from": [19.81645, 9.38907, 8.03367],
			"to": [20.59036, 10.16298, 8.42063],
			"rotation": {"angle": 0, "axis": "y", "origin": [21.17079, 5.71304, 6.29234]},
			"faces": {
				"north": {"uv": [8.25, 11.25, 7.75, 11.75], "texture": "#2_0"},
				"east": {"uv": [8.5, 10.25, 8.25, 10.75], "texture": "#2_0"},
				"south": {"uv": [7.75, 13.75, 8.25, 14.25], "texture": "#2_0"},
				"west": {"uv": [8.25, 10.75, 8.5, 11.25], "texture": "#2_0"},
				"up": {"uv": [13.25, 14.25, 13.75, 14], "texture": "#2_0"},
				"down": {"uv": [13.25, 14.25, 13.75, 14.5], "texture": "#2_0"}
			}
		},
		{
			"name": "Voxels",
			"from": [19.81645, 10.16297, 6.87278],
			"to": [22.52513, 10.54993, 7.25974],
			"rotation": {"angle": 0, "axis": "y", "origin": [21.17079, 5.71304, 6.29234]},
			"faces": {
				"north": {"uv": [5.25, 9.5, 3.5, 9.75], "texture": "#2_0"},
				"east": {"uv": [14.5, 12.75, 14.25, 13], "texture": "#2_0"},
				"south": {"uv": [3.5, 10, 5.25, 10.25], "texture": "#2_0"},
				"west": {"uv": [14, 12.75, 14.25, 13], "texture": "#2_0"},
				"up": {"uv": [3.5, 10.5, 5.25, 10.25], "texture": "#2_0"},
				"down": {"uv": [3, 11.25, 4.75, 11.5], "texture": "#2_0"}
			}
		},
		{
			"name": "Voxels",
			"from": [19.81645, 10.16297, 7.64668],
			"to": [22.52513, 10.54993, 8.03363],
			"rotation": {"angle": 0, "axis": "y", "origin": [21.17079, 5.71304, 6.29234]},
			"faces": {
				"north": {"uv": [5.25, 9.25, 3.5, 9.5], "texture": "#2_0"},
				"east": {"uv": [15, 12.75, 14.75, 13], "texture": "#2_0"},
				"south": {"uv": [3, 10.5, 4.75, 10.75], "texture": "#2_0"},
				"west": {"uv": [14.5, 12.75, 14.75, 13], "texture": "#2_0"},
				"up": {"uv": [3, 11, 4.75, 10.75], "texture": "#2_0"},
				"down": {"uv": [3.5, 9.75, 5.25, 10], "texture": "#2_0"}
			}
		},
		{
			"name": "Voxels",
			"from": [20.20345, 7.84128, 7.25968],
			"to": [22.52517, 8.22823, 7.64664],
			"rotation": {"angle": 0, "axis": "y", "origin": [21.17079, 5.71304, 6.29234]},
			"faces": {
				"north": {"uv": [7, 15.5, 5.5, 15.75], "texture": "#2_0"},
				"east": {"uv": [15.5, 12.75, 15.25, 13], "texture": "#2_0"},
				"south": {"uv": [5.5, 15.75, 7, 16], "texture": "#2_0"},
				"west": {"uv": [15, 12.75, 15.25, 13], "texture": "#2_0"},
				"up": {"uv": [3.5, 9, 5, 8.75], "texture": "#2_0"},
				"down": {"uv": [3.5, 9, 5, 9.25], "texture": "#2_0"}
			}
		},
		{
			"name": "Voxels",
			"from": [20.20345, 8.22827, 7.25968],
			"to": [20.97736, 8.61523, 7.64664],
			"rotation": {"angle": 0, "axis": "y", "origin": [21.17079, 5.71304, 6.29234]},
			"faces": {
				"north": {"uv": [15.25, 14, 14.75, 14.25], "texture": "#2_0"},
				"east": {"uv": [16, 12.75, 15.75, 13], "texture": "#2_0"},
				"south": {"uv": [14.75, 13.75, 15.25, 14], "texture": "#2_0"},
				"west": {"uv": [15.5, 12.75, 15.75, 13], "texture": "#2_0"},
				"up": {"uv": [14.75, 14.5, 15.25, 14.25], "texture": "#2_0"},
				"down": {"uv": [13.25, 13.75, 13.75, 14], "texture": "#2_0"}
			}
		},
		{
			"name": "Voxels",
			"from": [20.20345, 8.61517, 7.25968],
			"to": [20.5904, 9.00213, 7.64664],
			"rotation": {"angle": 0, "axis": "y", "origin": [21.17079, 5.71304, 6.29234]},
			"faces": {
				"north": {"uv": [11.25, 9.5, 11, 9.75], "texture": "#2_0"},
				"east": {"uv": [11.25, 8.25, 11, 8.5], "texture": "#2_0"},
				"south": {"uv": [11, 9.25, 11.25, 9.5], "texture": "#2_0"},
				"west": {"uv": [11, 8.5, 11.25, 8.75], "texture": "#2_0"},
				"up": {"uv": [11, 10, 11.25, 9.75], "texture": "#2_0"},
				"down": {"uv": [11, 10, 11.25, 10.25], "texture": "#2_0"}
			}
		},
		{
			"name": "Voxels",
			"from": [20.20345, 9.38907, 6.09888],
			"to": [22.13822, 9.77603, 6.48584],
			"rotation": {"angle": 0, "axis": "y", "origin": [21.17079, 5.71304, 6.29234]},
			"faces": {
				"north": {"uv": [8.5, 15.25, 7.25, 15.5], "texture": "#2_0"},
				"east": {"uv": [11.5, 12.5, 11.25, 12.75], "texture": "#2_0"},
				"south": {"uv": [5.5, 15.25, 6.75, 15.5], "texture": "#2_0"},
				"west": {"uv": [11, 8, 11.25, 8.25], "texture": "#2_0"},
				"up": {"uv": [14.75, 15.75, 16, 15.5], "texture": "#2_0"},
				"down": {"uv": [13.5, 15.5, 14.75, 15.75], "texture": "#2_0"}
			}
		},
		{
			"name": "Voxels",
			"from": [20.20345, 9.38907, 8.42058],
			"to": [22.13822, 9.77603, 8.80753],
			"rotation": {"angle": 0, "axis": "y", "origin": [21.17079, 5.71304, 6.29234]},
			"faces": {
				"north": {"uv": [6.75, 13.25, 5.5, 13.5], "texture": "#2_0"},
				"east": {"uv": [12, 12.5, 11.75, 12.75], "texture": "#2_0"},
				"south": {"uv": [5.5, 13, 6.75, 13.25], "texture": "#2_0"},
				"west": {"uv": [11.5, 12.5, 11.75, 12.75], "texture": "#2_0"},
				"up": {"uv": [5.5, 13.75, 6.75, 13.5], "texture": "#2_0"},
				"down": {"uv": [5.5, 13.75, 6.75, 14], "texture": "#2_0"}
			}
		},
		{
			"name": "Voxels",
			"from": [20.20345, 9.77607, 6.09888],
			"to": [20.5904, 10.16302, 6.48584],
			"rotation": {"angle": 0, "axis": "y", "origin": [21.17079, 5.71304, 6.29234]},
			"faces": {
				"north": {"uv": [12.75, 12.5, 12.5, 12.75], "texture": "#2_0"},
				"east": {"uv": [13.5, 12.5, 13.25, 12.75], "texture": "#2_0"},
				"south": {"uv": [12.75, 12.5, 13, 12.75], "texture": "#2_0"},
				"west": {"uv": [13, 12.5, 13.25, 12.75], "texture": "#2_0"},
				"up": {"uv": [12.25, 12.75, 12.5, 12.5], "texture": "#2_0"},
				"down": {"uv": [12, 12.5, 12.25, 12.75], "texture": "#2_0"}
			}
		},
		{
			"name": "Voxels",
			"from": [20.20345, 9.77607, 8.42058],
			"to": [20.5904, 10.16302, 8.80753],
			"rotation": {"angle": 0, "axis": "y", "origin": [21.17079, 5.71304, 6.29234]},
			"faces": {
				"north": {"uv": [14.25, 12.5, 14, 12.75], "texture": "#2_0"},
				"east": {"uv": [15.5, 12.5, 15.25, 12.75], "texture": "#2_0"},
				"south": {"uv": [14.25, 12.5, 14.5, 12.75], "texture": "#2_0"},
				"west": {"uv": [15, 12.5, 15.25, 12.75], "texture": "#2_0"},
				"up": {"uv": [13.75, 12.75, 14, 12.5], "texture": "#2_0"},
				"down": {"uv": [13.5, 12.5, 13.75, 12.75], "texture": "#2_0"}
			}
		},
		{
			"name": "Voxels",
			"from": [20.59035, 7.84128, 6.87278],
			"to": [21.75121, 8.22823, 7.25974],
			"rotation": {"angle": 0, "axis": "y", "origin": [21.17079, 5.71304, 6.29234]},
			"faces": {
				"north": {"uv": [5.5, 10.5, 4.75, 10.75], "texture": "#2_0"},
				"east": {"uv": [15.75, 12.5, 15.5, 12.75], "texture": "#2_0"},
				"south": {"uv": [3.5, 8, 4.25, 8.25], "texture": "#2_0"},
				"west": {"uv": [5.25, 9.5, 5.5, 9.75], "texture": "#2_0"},
				"up": {"uv": [4.75, 11.5, 5.5, 11.25], "texture": "#2_0"},
				"down": {"uv": [4.75, 11.5, 5.5, 11.75], "texture": "#2_0"}
			}
		},
		{
			"name": "Voxels",
			"from": [20.59035, 7.84128, 7.64668],
			"to": [21.75121, 8.22823, 8.03363],
			"rotation": {"angle": 0, "axis": "y", "origin": [21.17079, 5.71304, 6.29234]},
			"faces": {
				"north": {"uv": [12.5, 14.75, 11.75, 15], "texture": "#2_0"},
				"east": {"uv": [11.5, 8.75, 11.25, 9], "texture": "#2_0"},
				"south": {"uv": [11, 15.25, 11.75, 15.5], "texture": "#2_0"},
				"west": {"uv": [15.75, 12.5, 16, 12.75], "texture": "#2_0"},
				"up": {"uv": [14.25, 15.5, 15, 15.25], "texture": "#2_0"},
				"down": {"uv": [14.25, 15, 15, 15.25], "texture": "#2_0"}
			}
		},
		{
			"name": "Voxels",
			"from": [20.59035, 8.22827, 6.87278],
			"to": [20.9773, 9.00218, 7.25974],
			"rotation": {"angle": 0, "axis": "y", "origin": [21.17079, 5.71304, 6.29234]},
			"faces": {
				"north": {"uv": [14, 13, 13.75, 13.5], "texture": "#2_0"},
				"east": {"uv": [14.75, 13, 14.5, 13.5], "texture": "#2_0"},
				"south": {"uv": [14, 13, 14.25, 13.5], "texture": "#2_0"},
				"west": {"uv": [14.25, 13, 14.5, 13.5], "texture": "#2_0"},
				"up": {"uv": [11.25, 8.5, 11.5, 8.25], "texture": "#2_0"},
				"down": {"uv": [11.25, 8.5, 11.5, 8.75], "texture": "#2_0"}
			}
		},
		{
			"name": "Voxels",
			"from": [20.59035, 8.22827, 7.64668],
			"to": [20.9773, 9.00218, 8.03363],
			"rotation": {"angle": 0, "axis": "y", "origin": [21.17079, 5.71304, 6.29234]},
			"faces": {
				"north": {"uv": [11, 12, 10.75, 12.5], "texture": "#2_0"},
				"east": {"uv": [5.5, 14, 5.25, 14.5], "texture": "#2_0"},
				"south": {"uv": [10.75, 9.5, 11, 10], "texture": "#2_0"},
				"west": {"uv": [10.75, 9, 11, 9.5], "texture": "#2_0"},
				"up": {"uv": [12, 12.5, 12.25, 12.25], "texture": "#2_0"},
				"down": {"uv": [11.25, 8, 11.5, 8.25], "texture": "#2_0"}
			}
		},
		{
			"name": "Voxels",
			"from": [20.59035, 9.00217, 6.48579],
			"to": [22.52512, 9.38913, 6.87274],
			"rotation": {"angle": 0, "axis": "y", "origin": [21.17079, 5.71304, 6.29234]},
			"faces": {
				"north": {"uv": [15.75, 15.75, 14.5, 16], "texture": "#2_0"},
				"east": {"uv": [12.75, 12.25, 12.5, 12.5], "texture": "#2_0"},
				"south": {"uv": [7.25, 15.5, 8.5, 15.75], "texture": "#2_0"},
				"west": {"uv": [12.25, 12.25, 12.5, 12.5], "texture": "#2_0"},
				"up": {"uv": [8.25, 16, 9.5, 15.75], "texture": "#2_0"},
				"down": {"uv": [5.75, 10.25, 7, 10.5], "texture": "#2_0"}
			}
		},
		{
			"name": "Voxels",
			"from": [20.59035, 9.00217, 8.03367],
			"to": [22.52512, 9.38913, 8.42063],
			"rotation": {"angle": 0, "axis": "y", "origin": [21.17079, 5.71304, 6.29234]},
			"faces": {
				"north": {"uv": [6.75, 10.5, 5.5, 10.75], "texture": "#2_0"},
				"east": {"uv": [11.75, 9, 11.5, 9.25], "texture": "#2_0"},
				"south": {"uv": [5.75, 9.5, 7, 9.75], "texture": "#2_0"},
				"west": {"uv": [12.75, 12.25, 13, 12.5], "texture": "#2_0"},
				"up": {"uv": [7, 16, 8.25, 15.75], "texture": "#2_0"},
				"down": {"uv": [5.75, 9.25, 7, 9.5], "texture": "#2_0"}
			}
		},
		{
			"name": "Voxels",
			"from": [20.59035, 9.77607, 5.71189],
			"to": [22.52512, 10.16302, 6.09884],
			"rotation": {"angle": 0, "axis": "y", "origin": [21.17079, 5.71304, 6.29234]},
			"faces": {
				"north": {"uv": [13.25, 15.75, 12, 16], "texture": "#2_0"},
				"east": {"uv": [11.75, 8, 11.5, 8.25], "texture": "#2_0"},
				"south": {"uv": [13.25, 15.75, 14.5, 16], "texture": "#2_0"},
				"west": {"uv": [11.5, 8.75, 11.75, 9], "texture": "#2_0"},
				"up": {"uv": [10.75, 16, 12, 15.75], "texture": "#2_0"},
				"down": {"uv": [9.5, 15.75, 10.75, 16], "texture": "#2_0"}
			}
		},
		{
			"name": "Voxels",
			"from": [20.59035, 9.77607, 8.80757],
			"to": [22.52512, 10.16302, 9.19453],
			"rotation": {"angle": 0, "axis": "y", "origin": [21.17079, 5.71304, 6.29234]},
			"faces": {
				"north": {"uv": [12.25, 15.5, 11, 15.75], "texture": "#2_0"},
				"east": {"uv": [13.75, 12, 13.5, 12.25], "texture": "#2_0"},
				"south": {"uv": [12.25, 15.5, 13.5, 15.75], "texture": "#2_0"},
				"west": {"uv": [11.75, 12, 12, 12.25], "texture": "#2_0"},
				"up": {"uv": [9.75, 15.75, 11, 15.5], "texture": "#2_0"},
				"down": {"uv": [8.5, 15.5, 9.75, 15.75], "texture": "#2_0"}
			}
		},
		{
			"name": "Voxels",
			"from": [20.59035, 10.16297, 6.09888],
			"to": [22.52512, 10.54993, 6.87279],
			"rotation": {"angle": 0, "axis": "y", "origin": [21.17079, 5.71304, 6.29234]},
			"faces": {
				"north": {"uv": [6.75, 12.25, 5.5, 12.5], "texture": "#2_0"},
				"east": {"uv": [13.5, 13.5, 13, 13.75], "texture": "#2_0"},
				"south": {"uv": [5.5, 12, 6.75, 12.25], "texture": "#2_0"},
				"west": {"uv": [15.5, 13.75, 16, 14], "texture": "#2_0"},
				"up": {"uv": [4, 14.5, 5.25, 14], "texture": "#2_0"},
				"down": {"uv": [2.75, 14, 4, 14.5], "texture": "#2_0"}
			}
		},
		{
			"name": "Voxels",
			"from": [20.59035, 10.16297, 8.03367],
			"to": [22.52512, 10.54993, 8.80758],
			"rotation": {"angle": 0, "axis": "y", "origin": [21.17079, 5.71304, 6.29234]},
			"faces": {
				"north": {"uv": [7, 10, 5.75, 10.25], "texture": "#2_0"},
				"east": {"uv": [13, 13.5, 12.5, 13.75], "texture": "#2_0"},
				"south": {"uv": [5.75, 9.75, 7, 10], "texture": "#2_0"},
				"west": {"uv": [12, 13.5, 12.5, 13.75], "texture": "#2_0"},
				"up": {"uv": [2.75, 14, 4, 13.5], "texture": "#2_0"},
				"down": {"uv": [4, 13.5, 5.25, 14], "texture": "#2_0"}
			}
		},
		{
			"name": "Voxels",
			"from": [20.97734, 6.29348, 5.32499],
			"to": [21.3643, 7.45435, 5.71194],
			"rotation": {"angle": 0, "axis": "y", "origin": [21.17079, 5.71304, 6.29234]},
			"faces": {
				"north": {"uv": [9.75, 13.75, 9.5, 14.5], "texture": "#2_0"},
				"east": {"uv": [12.75, 14.75, 12.5, 15.5], "texture": "#2_0"},
				"south": {"uv": [10.75, 14.75, 11, 15.5], "texture": "#2_0"},
				"west": {"uv": [9.5, 14.75, 9.75, 15.5], "texture": "#2_0"},
				"up": {"uv": [14, 12.25, 14.25, 12], "texture": "#2_0"},
				"down": {"uv": [13.75, 12, 14, 12.25], "texture": "#2_0"}
			}
		},
		{
			"name": "Voxels",
			"from": [20.97734, 6.29348, 5.71189],
			"to": [21.3643, 7.06739, 6.4858],
			"rotation": {"angle": 0, "axis": "y", "origin": [21.17079, 5.71304, 6.29234]},
			"faces": {
				"north": {"uv": [15.25, 13, 15, 13.5], "texture": "#2_0"},
				"east": {"uv": [7.75, 11.75, 7.25, 12.25], "texture": "#2_0"},
				"south": {"uv": [5.25, 13.5, 5.5, 14], "texture": "#2_0"},
				"west": {"uv": [5, 13, 5.5, 13.5], "texture": "#2_0"},
				"up": {"uv": [14.75, 13.5, 15, 13], "texture": "#2_0"},
				"down": {"uv": [13.5, 13, 13.75, 13.5], "texture": "#2_0"}
			}
		},
		{
			"name": "Voxels",
			"from": [20.97734, 6.29348, 8.42058],
			"to": [21.3643, 8.22825, 8.80753],
			"rotation": {"angle": 0, "axis": "y", "origin": [21.17079, 5.71304, 6.29234]},
			"faces": {
				"north": {"uv": [7.25, 13.25, 7, 14.5], "texture": "#2_0"},
				"east": {"uv": [7.25, 12, 7, 13.25], "texture": "#2_0"},
				"south": {"uv": [5.5, 14, 5.75, 15.25], "texture": "#2_0"},
				"west": {"uv": [5.75, 14, 6, 15.25], "texture": "#2_0"},
				"up": {"uv": [14.5, 12.25, 14.75, 12], "texture": "#2_0"},
				"down": {"uv": [14.25, 12, 14.5, 12.25], "texture": "#2_0"}
			}
		},
		{
			"name": "Voxels",
			"from": [20.97734, 6.29348, 8.80757],
			"to": [21.3643, 7.06739, 9.58148],
			"rotation": {"angle": 0, "axis": "y", "origin": [21.17079, 5.71304, 6.29234]},
			"faces": {
				"north": {"uv": [16, 14, 15.75, 14.5], "texture": "#2_0"},
				"east": {"uv": [8.25, 8.75, 7.75, 9.25], "texture": "#2_0"},
				"south": {"uv": [11.25, 13, 11.5, 13.5], "texture": "#2_0"},
				"west": {"uv": [7.25, 8.75, 7.75, 9.25], "texture": "#2_0"},
				"up": {"uv": [9.5, 8.5, 9.75, 8], "texture": "#2_0"},
				"down": {"uv": [10, 9, 10.25, 9.5], "texture": "#2_0"}
			}
		},
		{
			"name": "Voxels",
			"from": [20.97734, 7.06738, 6.09888],
			"to": [21.3643, 8.22824, 6.48584],
			"rotation": {"angle": 0, "axis": "y", "origin": [21.17079, 5.71304, 6.29234]},
			"faces": {
				"north": {"uv": [10, 10, 9.75, 10.75], "texture": "#2_0"},
				"east": {"uv": [8.75, 8, 8.5, 8.75], "texture": "#2_0"},
				"south": {"uv": [8.5, 9.5, 8.75, 10.25], "texture": "#2_0"},
				"west": {"uv": [8.5, 8.75, 8.75, 9.5], "texture": "#2_0"},
				"up": {"uv": [11.75, 11.75, 12, 11.5], "texture": "#2_0"},
				"down": {"uv": [11.75, 11.75, 12, 12], "texture": "#2_0"}
			}
		},
		{
			"name": "Voxels",
			"from": [20.97734, 7.06738, 9.19447],
			"to": [21.3643, 7.45433, 9.58143],
			"rotation": {"angle": 0, "axis": "y", "origin": [21.17079, 5.71304, 6.29234]},
			"faces": {
				"north": {"uv": [12, 9.25, 11.75, 9.5], "texture": "#2_0"},
				"east": {"uv": [12, 8.5, 11.75, 8.75], "texture": "#2_0"},
				"south": {"uv": [11.75, 9, 12, 9.25], "texture": "#2_0"},
				"west": {"uv": [11.75, 8.75, 12, 9], "texture": "#2_0"},
				"up": {"uv": [11.75, 9.75, 12, 9.5], "texture": "#2_0"},
				"down": {"uv": [11.75, 9.75, 12, 10], "texture": "#2_0"}
			}
		},
		{
			"name": "Voxels",
			"from": [20.97734, 7.45438, 5.71189],
			"to": [21.3643, 7.84133, 6.09884],
			"rotation": {"angle": 0, "axis": "y", "origin": [21.17079, 5.71304, 6.29234]},
			"faces": {
				"north": {"uv": [12.75, 11.75, 12.5, 12], "texture": "#2_0"},
				"east": {"uv": [14, 11.75, 13.75, 12], "texture": "#2_0"},
				"south": {"uv": [12.75, 11.75, 13, 12], "texture": "#2_0"},
				"west": {"uv": [13.5, 11.75, 13.75, 12], "texture": "#2_0"},
				"up": {"uv": [12.25, 12, 12.5, 11.75], "texture": "#2_0"},
				"down": {"uv": [12, 11.75, 12.25, 12], "texture": "#2_0"}
			}
		},
		{
			"name": "Voxels",
			"from": [20.97734, 7.45438, 6.48579],
			"to": [21.3643, 8.61524, 6.87274],
			"rotation": {"angle": 0, "axis": "y", "origin": [21.17079, 5.71304, 6.29234]},
			"faces": {
				"north": {"uv": [9, 14.75, 8.75, 15.5], "texture": "#2_0"},
				"east": {"uv": [9, 12.5, 8.75, 13.25], "texture": "#2_0"},
				"south": {"uv": [8.75, 14, 9, 14.75], "texture": "#2_0"},
				"west": {"uv": [8.75, 13.25, 9, 14], "texture": "#2_0"},
				"up": {"uv": [14.25, 12, 14.5, 11.75], "texture": "#2_0"},
				"down": {"uv": [14, 11.75, 14.25, 12], "texture": "#2_0"}
			}
		},
		{
			"name": "Voxels",
			"from": [20.97734, 7.45438, 8.03367],
			"to": [21.3643, 8.61524, 8.42063],
			"rotation": {"angle": 0, "axis": "y", "origin": [21.17079, 5.71304, 6.29234]},
			"faces": {
				"north": {"uv": [9, 11.75, 8.75, 12.5], "texture": "#2_0"},
				"east": {"uv": [9, 9.5, 8.75, 10.25], "texture": "#2_0"},
				"south": {"uv": [8.75, 11, 9, 11.75], "texture": "#2_0"},
				"west": {"uv": [8.75, 10.25, 9, 11], "texture": "#2_0"},
				"up": {"uv": [12, 11.5, 12.25, 11.25], "texture": "#2_0"},
				"down": {"uv": [12, 11.5, 12.25, 11.75], "texture": "#2_0"}
			}
		},
		{
			"name": "Voxels",
			"from": [20.97734, 7.45438, 8.80757],
			"to": [21.3643, 7.84133, 9.19453],
			"rotation": {"angle": 0, "axis": "y", "origin": [21.17079, 5.71304, 6.29234]},
			"faces": {
				"north": {"uv": [12.25, 8, 12, 8.25], "texture": "#2_0"},
				"east": {"uv": [13, 11.5, 12.75, 11.75], "texture": "#2_0"},
				"south": {"uv": [12.25, 11.5, 12.5, 11.75], "texture": "#2_0"},
				"west": {"uv": [12.5, 11.5, 12.75, 11.75], "texture": "#2_0"},
				"up": {"uv": [12, 9.5, 12.25, 9.25], "texture": "#2_0"},
				"down": {"uv": [12, 9.5, 12.25, 9.75], "texture": "#2_0"}
			}
		},
		{
			"name": "Voxels",
			"from": [20.97734, 8.61517, 6.87278],
			"to": [21.75125, 9.00213, 7.25974],
			"rotation": {"angle": 0, "axis": "y", "origin": [21.17079, 5.71304, 6.29234]},
			"faces": {
				"north": {"uv": [15, 13.5, 14.5, 13.75], "texture": "#2_0"},
				"east": {"uv": [15.5, 11.5, 15.25, 11.75], "texture": "#2_0"},
				"south": {"uv": [12, 13.25, 12.5, 13.5], "texture": "#2_0"},
				"west": {"uv": [15, 11.5, 15.25, 11.75], "texture": "#2_0"},
				"up": {"uv": [14, 13.75, 14.5, 13.5], "texture": "#2_0"},
				"down": {"uv": [13.5, 13.5, 14, 13.75], "texture": "#2_0"}
			}
		},
		{
			"name": "Voxels",
			"from": [20.97734, 8.61517, 7.64668],
			"to": [21.75125, 9.00213, 8.03363],
			"rotation": {"angle": 0, "axis": "y", "origin": [21.17079, 5.71304, 6.29234]},
			"faces": {
				"north": {"uv": [13, 13, 12.5, 13.25], "texture": "#2_0"},
				"east": {"uv": [12.5, 10.5, 12.25, 10.75], "texture": "#2_0"},
				"south": {"uv": [13, 13.25, 13.5, 13.5], "texture": "#2_0"},
				"west": {"uv": [12.25, 10.75, 12.5, 11], "texture": "#2_0"},
				"up": {"uv": [12.5, 13.5, 13, 13.25], "texture": "#2_0"},
				"down": {"uv": [12, 13, 12.5, 13.25], "texture": "#2_0"}
			}
		},
		{
			"name": "Voxels",
			"from": [21.36424, 8.22827, 6.87278],
			"to": [21.7512, 8.61523, 8.03365],
			"rotation": {"angle": 0, "axis": "y", "origin": [21.17079, 5.71304, 6.29234]},
			"faces": {
				"north": {"uv": [12.5, 9.25, 12.25, 9.5], "texture": "#2_0"},
				"east": {"uv": [8.5, 8, 7.75, 8.25], "texture": "#2_0"},
				"south": {"uv": [12.25, 9, 12.5, 9.25], "texture": "#2_0"},
				"west": {"uv": [4.25, 8, 5, 8.25], "texture": "#2_0"},
				"up": {"uv": [8.75, 8.75, 9, 8], "texture": "#2_0"},
				"down": {"uv": [8.75, 8.75, 9, 9.5], "texture": "#2_0"}
			}
		},
		{
			"name": "Voxels",
			"from": [21.75124, 8.22827, 7.25968],
			"to": [22.13819, 10.16304, 7.64664],
			"rotation": {"angle": 0, "axis": "y", "origin": [21.17079, 5.71304, 6.29234]},
			"faces": {
				"north": {"uv": [6.25, 14, 6, 15.25], "texture": "#2_0"},
				"east": {"uv": [7, 10.75, 6.75, 12], "texture": "#2_0"},
				"south": {"uv": [6.25, 14, 6.5, 15.25], "texture": "#2_0"},
				"west": {"uv": [6.5, 10.75, 6.75, 12], "texture": "#2_0"},
				"up": {"uv": [12.75, 11.5, 13, 11.25], "texture": "#2_0"},
				"down": {"uv": [12.5, 11.25, 12.75, 11.5], "texture": "#2_0"}
			}
		},
		{
			"name": "Voxels",
			"from": [21.75124, 9.38907, 5.71189],
			"to": [22.52515, 9.77603, 6.09884],
			"rotation": {"angle": 0, "axis": "y", "origin": [21.17079, 5.71304, 6.29234]},
			"faces": {
				"north": {"uv": [12, 12.75, 11.5, 13], "texture": "#2_0"},
				"east": {"uv": [12.75, 10.75, 12.5, 11], "texture": "#2_0"},
				"south": {"uv": [12, 12.75, 12.5, 13], "texture": "#2_0"},
				"west": {"uv": [12.5, 11, 12.75, 11.25], "texture": "#2_0"},
				"up": {"uv": [11, 13, 11.5, 12.75], "texture": "#2_0"},
				"down": {"uv": [13, 13, 13.5, 13.25], "texture": "#2_0"}
			}
		},
		{
			"name": "Voxels",
			"from": [21.75124, 9.38907, 6.48579],
			"to": [22.13819, 10.16298, 7.2597],
			"rotation": {"angle": 0, "axis": "y", "origin": [21.17079, 5.71304, 6.29234]},
			"faces": {
				"north": {"uv": [11, 10.5, 10.75, 11], "texture": "#2_0"},
				"east": {"uv": [7.75, 10.75, 7.25, 11.25], "texture": "#2_0"},
				"south": {"uv": [10.75, 10, 11, 10.5], "texture": "#2_0"},
				"west": {"uv": [7.75, 13.25, 8.25, 13.75], "texture": "#2_0"},
				"up": {"uv": [10.75, 11.5, 11, 11], "texture": "#2_0"},
				"down": {"uv": [10.75, 11.5, 11, 12], "texture": "#2_0"}
			}
		},
		{
			"name": "Voxels",
			"from": [21.75124, 9.38907, 7.64668],
			"to": [22.13819, 10.16298, 8.42059],
			"rotation": {"angle": 0, "axis": "y", "origin": [21.17079, 5.71304, 6.29234]},
			"faces": {
				"north": {"uv": [10.25, 11.5, 10, 12], "texture": "#2_0"},
				"east": {"uv": [8.25, 14.75, 7.75, 15.25], "texture": "#2_0"},
				"south": {"uv": [11, 12.25, 11.25, 12.75], "texture": "#2_0"},
				"west": {"uv": [7.25, 14.75, 7.75, 15.25], "texture": "#2_0"},
				"up": {"uv": [10.75, 8.5, 11, 8], "texture": "#2_0"},
				"down": {"uv": [10.75, 8.5, 11, 9], "texture": "#2_0"}
			}
		},
		{
			"name": "Voxels",
			"from": [21.75124, 9.38907, 8.80757],
			"to": [22.52515, 9.77603, 9.19453],
			"rotation": {"angle": 0, "axis": "y", "origin": [21.17079, 5.71304, 6.29234]},
			"faces": {
				"north": {"uv": [5.5, 9, 5, 9.25], "texture": "#2_0"},
				"east": {"uv": [7, 12.25, 6.75, 12.5], "texture": "#2_0"},
				"south": {"uv": [5, 8.75, 5.5, 9], "texture": "#2_0"},
				"west": {"uv": [6.75, 12.5, 7, 12.75], "texture": "#2_0"},
				"up": {"uv": [5, 13, 5.5, 12.75], "texture": "#2_0"},
				"down": {"uv": [2.25, 10, 2.75, 10.25], "texture": "#2_0"}
			}
		},
		{
			"name": "Voxels",
			"from": [21.75124, 9.77607, 6.09888],
			"to": [22.13819, 10.16302, 6.48584],
			"rotation": {"angle": 0, "axis": "y", "origin": [21.17079, 5.71304, 6.29234]},
			"faces": {
				"north": {"uv": [16, 15.75, 15.75, 16], "texture": "#2_0"},
				"east": {"uv": [8.5, 12.5, 8.25, 12.75], "texture": "#2_0"},
				"south": {"uv": [8.25, 13, 8.5, 13.25], "texture": "#2_0"},
				"west": {"uv": [8.25, 12.75, 8.5, 13], "texture": "#2_0"},
				"up": {"uv": [6.75, 10.75, 7, 10.5], "texture": "#2_0"},
				"down": {"uv": [6.75, 12, 7, 12.25], "texture": "#2_0"}
			}
		},
		{
			"name": "Voxels",
			"from": [21.75124, 9.77607, 8.42058],
			"to": [22.13819, 10.16302, 8.80753],
			"rotation": {"angle": 0, "axis": "y", "origin": [21.17079, 5.71304, 6.29234]},
			"faces": {
				"north": {"uv": [14.25, 13.75, 14, 14], "texture": "#2_0"},
				"east": {"uv": [15.5, 13.75, 15.25, 14], "texture": "#2_0"},
				"south": {"uv": [14.25, 13.75, 14.5, 14], "texture": "#2_0"},
				"west": {"uv": [14.5, 13.75, 14.75, 14], "texture": "#2_0"},
				"up": {"uv": [13.75, 14, 14, 13.75], "texture": "#2_0"},
				"down": {"uv": [8.25, 12.25, 8.5, 12.5], "texture": "#2_0"}
			}
		},
		{
			"name": "Voxels",
			"from": [22.13814, 6.29348, 5.32499],
			"to": [22.5251, 7.45435, 5.71194],
			"rotation": {"angle": 0, "axis": "y", "origin": [21.17079, 5.71304, 6.29234]},
			"faces": {
				"north": {"uv": [10, 14.75, 9.75, 15.5], "texture": "#2_0"},
				"east": {"uv": [10.75, 14.75, 10.5, 15.5], "texture": "#2_0"},
				"south": {"uv": [10, 14.75, 10.25, 15.5], "texture": "#2_0"},
				"west": {"uv": [10.25, 14.75, 10.5, 15.5], "texture": "#2_0"},
				"up": {"uv": [12.75, 13, 13, 12.75], "texture": "#2_0"},
				"down": {"uv": [12.5, 12.75, 12.75, 13], "texture": "#2_0"}
			}
		},
		{
			"name": "Voxels",
			"from": [22.13814, 6.29348, 5.71189],
			"to": [22.5251, 7.06739, 6.4858],
			"rotation": {"angle": 0, "axis": "y", "origin": [21.17079, 5.71304, 6.29234]},
			"faces": {
				"north": {"uv": [8.5, 13.75, 8.25, 14.25], "texture": "#2_0"},
				"east": {"uv": [7.75, 13.75, 7.25, 14.25], "texture": "#2_0"},
				"south": {"uv": [8.25, 13.25, 8.5, 13.75], "texture": "#2_0"},
				"west": {"uv": [7.25, 14.25, 7.75, 14.75], "texture": "#2_0"},
				"up": {"uv": [8.25, 14.75, 8.5, 14.25], "texture": "#2_0"},
				"down": {"uv": [8.25, 14.75, 8.5, 15.25], "texture": "#2_0"}
			}
		},
		{
			"name": "Voxels",
			"from": [22.13814, 6.29348, 6.87278],
			"to": [23.29901, 6.68044, 8.03365],
			"rotation": {"angle": 0, "axis": "y", "origin": [21.17079, 5.71304, 6.29234]},
			"faces": {
				"north": {"uv": [11.75, 15, 11, 15.25], "texture": "#2_0"},
				"east": {"uv": [12.5, 15, 11.75, 15.25], "texture": "#2_0"},
				"south": {"uv": [11, 14.75, 11.75, 15], "texture": "#2_0"},
				"west": {"uv": [11.75, 15.25, 12.5, 15.5], "texture": "#2_0"},
				"up": {"uv": [3.5, 13.5, 4.25, 12.75], "texture": "#2_0"},
				"down": {"uv": [2.75, 12.75, 3.5, 13.5], "texture": "#2_0"}
			}
		},
		{
			"name": "Voxels",
			"from": [22.13814, 6.29348, 8.42058],
			"to": [22.5251, 8.22825, 8.80753],
			"rotation": {"angle": 0, "axis": "y", "origin": [21.17079, 5.71304, 6.29234]},
			"faces": {
				"north": {"uv": [5.75, 9.25, 5.5, 10.5], "texture": "#2_0"},
				"east": {"uv": [7.25, 14.5, 7, 15.75], "texture": "#2_0"},
				"south": {"uv": [5.5, 8, 5.75, 9.25], "texture": "#2_0"},
				"west": {"uv": [5.75, 8, 6, 9.25], "texture": "#2_0"},
				"up": {"uv": [11, 9, 11.25, 8.75], "texture": "#2_0"},
				"down": {"uv": [11, 9, 11.25, 9.25], "texture": "#2_0"}
			}
		},
		{
			"name": "Voxels",
			"from": [22.13814, 6.29348, 8.80757],
			"to": [22.5251, 7.06739, 9.58148],
			"rotation": {"angle": 0, "axis": "y", "origin": [21.17079, 5.71304, 6.29234]},
			"faces": {
				"north": {"uv": [8.5, 8.75, 8.25, 9.25], "texture": "#2_0"},
				"east": {"uv": [7.75, 9.75, 7.25, 10.25], "texture": "#2_0"},
				"south": {"uv": [8.25, 8.25, 8.5, 8.75], "texture": "#2_0"},
				"west": {"uv": [7.75, 10.25, 8.25, 10.75], "texture": "#2_0"},
				"up": {"uv": [8.25, 9.75, 8.5, 9.25], "texture": "#2_0"},
				"down": {"uv": [8.25, 9.75, 8.5, 10.25], "texture": "#2_0"}
			}
		},
		{
			"name": "Voxels",
			"from": [22.13814, 6.68038, 6.87278],
			"to": [22.5251, 7.45429, 8.03365],
			"rotation": {"angle": 0, "axis": "y", "origin": [21.17079, 5.71304, 6.29234]},
			"faces": {
				"north": {"uv": [14.5, 14, 14.25, 14.5], "texture": "#2_0"},
				"east": {"uv": [5.5, 10.75, 4.75, 11.25], "texture": "#2_0"},
				"south": {"uv": [14.5, 14, 14.75, 14.5], "texture": "#2_0"},
				"west": {"uv": [4.25, 13, 5, 13.5], "texture": "#2_0"},
				"up": {"uv": [14, 15.5, 14.25, 14.75], "texture": "#2_0"},
				"down": {"uv": [13.75, 14.75, 14, 15.5], "texture": "#2_0"}
			}
		},
		{
			"name": "Voxels",
			"from": [22.13814, 7.06738, 6.09888],
			"to": [22.5251, 8.22824, 6.48584],
			"rotation": {"angle": 0, "axis": "y", "origin": [21.17079, 5.71304, 6.29234]},
			"faces": {
				"north": {"uv": [15.25, 14.75, 15, 15.5], "texture": "#2_0"},
				"east": {"uv": [16, 14.75, 15.75, 15.5], "texture": "#2_0"},
				"south": {"uv": [15.25, 14.75, 15.5, 15.5], "texture": "#2_0"},
				"west": {"uv": [15.5, 14.75, 15.75, 15.5], "texture": "#2_0"},
				"up": {"uv": [14.75, 12.75, 15, 12.5], "texture": "#2_0"},
				"down": {"uv": [14.5, 12.5, 14.75, 12.75], "texture": "#2_0"}
			}
		},
		{
			"name": "Voxels",
			"from": [22.13814, 7.06738, 9.19447],
			"to": [22.5251, 7.45433, 9.58143],
			"rotation": {"angle": 0, "axis": "y", "origin": [21.17079, 5.71304, 6.29234]},
			"faces": {
				"north": {"uv": [11.5, 11.75, 11.25, 12], "texture": "#2_0"},
				"east": {"uv": [11.5, 11, 11.25, 11.25], "texture": "#2_0"},
				"south": {"uv": [11.25, 11.5, 11.5, 11.75], "texture": "#2_0"},
				"west": {"uv": [11.25, 11.25, 11.5, 11.5], "texture": "#2_0"},
				"up": {"uv": [11.25, 12.25, 11.5, 12], "texture": "#2_0"},
				"down": {"uv": [11.25, 12.25, 11.5, 12.5], "texture": "#2_0"}
			}
		},
		{
			"name": "Voxels",
			"from": [22.13814, 7.45438, 5.71189],
			"to": [22.5251, 7.84133, 6.09884],
			"rotation": {"angle": 0, "axis": "y", "origin": [21.17079, 5.71304, 6.29234]},
			"faces": {
				"north": {"uv": [11.5, 10.25, 11.25, 10.5], "texture": "#2_0"},
				"east": {"uv": [11.5, 9.5, 11.25, 9.75], "texture": "#2_0"},
				"south": {"uv": [11.25, 10, 11.5, 10.25], "texture": "#2_0"},
				"west": {"uv": [11.25, 9.75, 11.5, 10], "texture": "#2_0"},
				"up": {"uv": [11.25, 10.75, 11.5, 10.5], "texture": "#2_0"},
				"down": {"uv": [11.25, 10.75, 11.5, 11], "texture": "#2_0"}
			}
		},
		{
			"name": "Voxels",
			"from": [22.13814, 7.45438, 6.48579],
			"to": [22.5251, 8.61524, 6.87274],
			"rotation": {"angle": 0, "axis": "y", "origin": [21.17079, 5.71304, 6.29234]},
			"faces": {
				"north": {"uv": [9.25, 14, 9, 14.75], "texture": "#2_0"},
				"east": {"uv": [9.25, 11.75, 9, 12.5], "texture": "#2_0"},
				"south": {"uv": [9, 13.25, 9.25, 14], "texture": "#2_0"},
				"west": {"uv": [9, 12.5, 9.25, 13.25], "texture": "#2_0"},
				"up": {"uv": [11.25, 9.25, 11.5, 9], "texture": "#2_0"},
				"down": {"uv": [11.25, 9.25, 11.5, 9.5], "texture": "#2_0"}
			}
		},
		{
			"name": "Voxels",
			"from": [22.13814, 7.45438, 8.03367],
			"to": [22.5251, 8.61524, 8.42063],
			"rotation": {"angle": 0, "axis": "y", "origin": [21.17079, 5.71304, 6.29234]},
			"faces": {
				"north": {"uv": [9.25, 11, 9, 11.75], "texture": "#2_0"},
				"east": {"uv": [9.25, 8.75, 9, 9.5], "texture": "#2_0"},
				"south": {"uv": [9, 10.25, 9.25, 11], "texture": "#2_0"},
				"west": {"uv": [9, 9.5, 9.25, 10.25], "texture": "#2_0"},
				"up": {"uv": [11.75, 12.5, 12, 12.25], "texture": "#2_0"},
				"down": {"uv": [11.5, 12.25, 11.75, 12.5], "texture": "#2_0"}
			}
		},
		{
			"name": "Voxels",
			"from": [22.13814, 7.45438, 8.80757],
			"to": [22.5251, 7.84133, 9.19453],
			"rotation": {"angle": 0, "axis": "y", "origin": [21.17079, 5.71304, 6.29234]},
			"faces": {
				"north": {"uv": [13.75, 12.25, 13.5, 12.5], "texture": "#2_0"},
				"east": {"uv": [14.5, 12.25, 14.25, 12.5], "texture": "#2_0"},
				"south": {"uv": [13.75, 12.25, 14, 12.5], "texture": "#2_0"},
				"west": {"uv": [14, 12.25, 14.25, 12.5], "texture": "#2_0"},
				"up": {"uv": [13.25, 12.5, 13.5, 12.25], "texture": "#2_0"},
				"down": {"uv": [13, 12.25, 13.25, 12.5], "texture": "#2_0"}
			}
		},
		{
			"name": "Voxels",
			"from": [22.13814, 7.84128, 6.87278],
			"to": [22.5251, 8.22823, 7.25974],
			"rotation": {"angle": 0, "axis": "y", "origin": [21.17079, 5.71304, 6.29234]},
			"faces": {
				"north": {"uv": [15.25, 12.25, 15, 12.5], "texture": "#2_0"},
				"east": {"uv": [16, 12.25, 15.75, 12.5], "texture": "#2_0"},
				"south": {"uv": [15.25, 12.25, 15.5, 12.5], "texture": "#2_0"},
				"west": {"uv": [15.5, 12.25, 15.75, 12.5], "texture": "#2_0"},
				"up": {"uv": [14.75, 12.5, 15, 12.25], "texture": "#2_0"},
				"down": {"uv": [14.5, 12.25, 14.75, 12.5], "texture": "#2_0"}
			}
		},
		{
			"name": "Voxels",
			"from": [22.13814, 7.84128, 7.64668],
			"to": [22.5251, 8.22823, 8.03363],
			"rotation": {"angle": 0, "axis": "y", "origin": [21.17079, 5.71304, 6.29234]},
			"faces": {
				"north": {"uv": [11.75, 11.5, 11.5, 11.75], "texture": "#2_0"},
				"east": {"uv": [11.75, 10.75, 11.5, 11], "texture": "#2_0"},
				"south": {"uv": [11.5, 11.25, 11.75, 11.5], "texture": "#2_0"},
				"west": {"uv": [11.5, 11, 11.75, 11.25], "texture": "#2_0"},
				"up": {"uv": [11.5, 12, 11.75, 11.75], "texture": "#2_0"},
				"down": {"uv": [11.5, 12, 11.75, 12.25], "texture": "#2_0"}
			}
		},
		{
			"name": "Voxels",
			"from": [22.13814, 9.00217, 6.09888],
			"to": [22.5251, 9.38913, 6.48584],
			"rotation": {"angle": 0, "axis": "y", "origin": [21.17079, 5.71304, 6.29234]},
			"faces": {
				"north": {"uv": [11.75, 10, 11.5, 10.25], "texture": "#2_0"},
				"east": {"uv": [11.75, 9.25, 11.5, 9.5], "texture": "#2_0"},
				"south": {"uv": [11.5, 9.75, 11.75, 10], "texture": "#2_0"},
				"west": {"uv": [11.5, 9.5, 11.75, 9.75], "texture": "#2_0"},
				"up": {"uv": [11.5, 10.5, 11.75, 10.25], "texture": "#2_0"},
				"down": {"uv": [11.5, 10.5, 11.75, 10.75], "texture": "#2_0"}
			}
		},
		{
			"name": "Voxels",
			"from": [22.13814, 9.00217, 6.87278],
			"to": [22.5251, 9.38913, 8.03365],
			"rotation": {"angle": 0, "axis": "y", "origin": [21.17079, 5.71304, 6.29234]},
			"faces": {
				"north": {"uv": [11.75, 8.5, 11.5, 8.75], "texture": "#2_0"},
				"east": {"uv": [10.25, 14.5, 9.5, 14.75], "texture": "#2_0"},
				"south": {"uv": [11.5, 8.25, 11.75, 8.5], "texture": "#2_0"},
				"west": {"uv": [14.25, 14.75, 15, 15], "texture": "#2_0"},
				"up": {"uv": [9.25, 14.75, 9.5, 14], "texture": "#2_0"},
				"down": {"uv": [9, 8, 9.25, 8.75], "texture": "#2_0"}
			}
		},
		{
			"name": "Voxels",
			"from": [22.13814, 9.00217, 8.42058],
			"to": [22.5251, 9.38913, 8.80753],
			"rotation": {"angle": 0, "axis": "y", "origin": [21.17079, 5.71304, 6.29234]},
			"faces": {
				"north": {"uv": [12.75, 12, 12.5, 12.25], "texture": "#2_0"},
				"east": {"uv": [13.5, 12, 13.25, 12.25], "texture": "#2_0"},
				"south": {"uv": [12.75, 12, 13, 12.25], "texture": "#2_0"},
				"west": {"uv": [13, 12, 13.25, 12.25], "texture": "#2_0"},
				"up": {"uv": [12.25, 12.25, 12.5, 12], "texture": "#2_0"},
				"down": {"uv": [12, 12, 12.25, 12.25], "texture": "#2_0"}
			}
		},
		{
			"name": "Voxels",
			"from": [22.91213, 6.29348, 5.71189],
			"to": [23.29909, 7.06739, 6.4858],
			"rotation": {"angle": 0, "axis": "y", "origin": [21.17079, 5.71304, 6.29234]},
			"faces": {
				"north": {"uv": [10.25, 10, 10, 10.5], "texture": "#2_0"},
				"east": {"uv": [7.75, 9.25, 7.25, 9.75], "texture": "#2_0"},
				"south": {"uv": [10, 9.5, 10.25, 10], "texture": "#2_0"},
				"west": {"uv": [7.75, 9.75, 8.25, 10.25], "texture": "#2_0"},
				"up": {"uv": [10, 11, 10.25, 10.5], "texture": "#2_0"},
				"down": {"uv": [10, 11, 10.25, 11.5], "texture": "#2_0"}
			}
		},
		{
			"name": "Voxels",
			"from": [22.91213, 6.29348, 8.42058],
			"to": [23.29909, 7.8413, 8.80753],
			"rotation": {"angle": 0, "axis": "y", "origin": [21.17079, 5.71304, 6.29234]},
			"faces": {
				"north": {"uv": [7.25, 11, 7, 12], "texture": "#2_0"},
				"east": {"uv": [7.25, 8, 7, 9], "texture": "#2_0"},
				"south": {"uv": [7, 10, 7.25, 11], "texture": "#2_0"},
				"west": {"uv": [7, 9, 7.25, 10], "texture": "#2_0"},
				"up": {"uv": [15.25, 12.25, 15.5, 12], "texture": "#2_0"},
				"down": {"uv": [15, 12, 15.25, 12.25], "texture": "#2_0"}
			}
		},
		{
			"name": "Voxels",
			"from": [22.91213, 6.29348, 8.80757],
			"to": [23.29909, 7.06739, 9.19453],
			"rotation": {"angle": 0, "axis": "y", "origin": [21.17079, 5.71304, 6.29234]},
			"faces": {
				"north": {"uv": [10.5, 12, 10.25, 12.5], "texture": "#2_0"},
				"east": {"uv": [10.5, 10.5, 10.25, 11], "texture": "#2_0"},
				"south": {"uv": [10.25, 11.5, 10.5, 12], "texture": "#2_0"},
				"west": {"uv": [10.25, 11, 10.5, 11.5], "texture": "#2_0"},
				"up": {"uv": [11.75, 11.25, 12, 11], "texture": "#2_0"},
				"down": {"uv": [11.75, 11.25, 12, 11.5], "texture": "#2_0"}
			}
		},
		{
			"name": "Voxels",
			"from": [22.91213, 6.68038, 6.87278],
			"to": [23.29909, 7.45429, 8.03365],
			"rotation": {"angle": 0, "axis": "y", "origin": [21.17079, 5.71304, 6.29234]},
			"faces": {
				"north": {"uv": [10.5, 9, 10.25, 9.5], "texture": "#2_0"},
				"east": {"uv": [4.25, 8.25, 3.5, 8.75], "texture": "#2_0"},
				"south": {"uv": [10.25, 8.5, 10.5, 9], "texture": "#2_0"},
				"west": {"uv": [4.25, 8.25, 5, 8.75], "texture": "#2_0"},
				"up": {"uv": [9.25, 8.75, 9.5, 8], "texture": "#2_0"},
				"down": {"uv": [9.25, 8.75, 9.5, 9.5], "texture": "#2_0"}
			}
		},
		{
			"name": "Voxels",
			"from": [22.91213, 7.06738, 6.09888],
			"to": [23.29909, 7.84129, 6.48584],
			"rotation": {"angle": 0, "axis": "y", "origin": [21.17079, 5.71304, 6.29234]},
			"faces": {
				"north": {"uv": [10.75, 12.5, 10.5, 13], "texture": "#2_0"},
				"east": {"uv": [10.75, 11, 10.5, 11.5], "texture": "#2_0"},
				"south": {"uv": [10.5, 12, 10.75, 12.5], "texture": "#2_0"},
				"west": {"uv": [10.5, 11.5, 10.75, 12], "texture": "#2_0"},
				"up": {"uv": [11.75, 8.25, 12, 8], "texture": "#2_0"},
				"down": {"uv": [11.75, 8.25, 12, 8.5], "texture": "#2_0"}
			}
		},
		{
			"name": "Voxels",
			"from": [22.91213, 7.45438, 6.48579],
			"to": [23.29909, 8.22828, 6.87274],
			"rotation": {"angle": 0, "axis": "y", "origin": [21.17079, 5.71304, 6.29234]},
			"faces": {
				"north": {"uv": [10.75, 10.5, 10.5, 11], "texture": "#2_0"},
				"east": {"uv": [10.75, 9, 10.5, 9.5], "texture": "#2_0"},
				"south": {"uv": [10.5, 10, 10.75, 10.5], "texture": "#2_0"},
				"west": {"uv": [10.5, 9.5, 10.75, 10], "texture": "#2_0"},
				"up": {"uv": [13.25, 12, 13.5, 11.75], "texture": "#2_0"},
				"down": {"uv": [13, 11.75, 13.25, 12], "texture": "#2_0"}
			}
		},
		{
			"name": "Voxels",
			"from": [22.91213, 7.45438, 8.03367],
			"to": [23.29909, 8.22828, 8.42063],
			"rotation": {"angle": 0, "axis": "y", "origin": [21.17079, 5.71304, 6.29234]},
			"faces": {
				"north": {"uv": [10.75, 8.5, 10.5, 9], "texture": "#2_0"},
				"east": {"uv": [11.25, 13, 11, 13.5], "texture": "#2_0"},
				"south": {"uv": [10.5, 8, 10.75, 8.5], "texture": "#2_0"},
				"west": {"uv": [10.75, 13, 11, 13.5], "texture": "#2_0"},
				"up": {"uv": [14.75, 12, 15, 11.75], "texture": "#2_0"},
				"down": {"uv": [14.5, 11.75, 14.75, 12], "texture": "#2_0"}
			}
		},
		{
			"name": "Voxels",
			"from": [22.91213, 7.84128, 6.87278],
			"to": [23.29909, 8.22823, 8.03365],
			"rotation": {"angle": 0, "axis": "y", "origin": [21.17079, 5.71304, 6.29234]},
			"faces": {
				"north": {"uv": [12.25, 11, 12, 11.25], "texture": "#2_0"},
				"east": {"uv": [12.5, 14.5, 11.75, 14.75], "texture": "#2_0"},
				"south": {"uv": [12, 10.75, 12.25, 11], "texture": "#2_0"},
				"west": {"uv": [11, 14.5, 11.75, 14.75], "texture": "#2_0"},
				"up": {"uv": [9.5, 13, 9.75, 12.25], "texture": "#2_0"},
				"down": {"uv": [9.5, 13, 9.75, 13.75], "texture": "#2_0"}
			}
		},
		{
			"name": "Voxels",
			"from": [23.29903, 7.45438, 7.25968],
			"to": [24.07294, 7.84133, 7.64664],
			"rotation": {"angle": 0, "axis": "y", "origin": [21.17079, 5.71304, 6.29234]},
			"faces": {
				"north": {"uv": [12, 13.25, 11.5, 13.5], "texture": "#2_0"},
				"east": {"uv": [12.25, 8.75, 12, 9], "texture": "#2_0"},
				"south": {"uv": [11.5, 13, 12, 13.25], "texture": "#2_0"},
				"west": {"uv": [12, 9, 12.25, 9.25], "texture": "#2_0"},
				"up": {"uv": [15.5, 13.75, 16, 13.5], "texture": "#2_0"},
				"down": {"uv": [15, 13.5, 15.5, 13.75], "texture": "#2_0"}
			}
		},
		{
			"name": "Voxels",
			"from": [23.68603, 6.29348, 6.09888],
			"to": [24.07299, 7.45435, 6.48584],
			"rotation": {"angle": 0, "axis": "y", "origin": [21.17079, 5.71304, 6.29234]},
			"faces": {
				"north": {"uv": [9.75, 11.5, 9.5, 12.25], "texture": "#2_0"},
				"east": {"uv": [9.75, 9.25, 9.5, 10], "texture": "#2_0"},
				"south": {"uv": [9.5, 10.75, 9.75, 11.5], "texture": "#2_0"},
				"west": {"uv": [9.5, 10, 9.75, 10.75], "texture": "#2_0"},
				"up": {"uv": [12, 8.5, 12.25, 8.25], "texture": "#2_0"},
				"down": {"uv": [12, 8.5, 12.25, 8.75], "texture": "#2_0"}
			}
		},
		{
			"name": "Voxels",
			"from": [23.68603, 6.29348, 8.42058],
			"to": [24.07299, 7.45435, 8.80753],
			"rotation": {"angle": 0, "axis": "y", "origin": [21.17079, 5.71304, 6.29234]},
			"faces": {
				"north": {"uv": [9.75, 8.5, 9.5, 9.25], "texture": "#2_0"},
				"east": {"uv": [10, 12.25, 9.75, 13], "texture": "#2_0"},
				"south": {"uv": [9.75, 13.75, 10, 14.5], "texture": "#2_0"},
				"west": {"uv": [9.75, 13, 10, 13.75], "texture": "#2_0"},
				"up": {"uv": [13.25, 11.75, 13.5, 11.5], "texture": "#2_0"},
				"down": {"uv": [13, 11.5, 13.25, 11.75], "texture": "#2_0"}
			}
		},
		{
			"name": "Voxels",
			"from": [23.68603, 6.68038, 6.87278],
			"to": [24.07299, 8.61515, 7.25974],
			"rotation": {"angle": 0, "axis": "y", "origin": [21.17079, 5.71304, 6.29234]},
			"faces": {
				"north": {"uv": [6.25, 8, 6, 9.25], "texture": "#2_0"},
				"east": {"uv": [7, 8, 6.75, 9.25], "texture": "#2_0"},
				"south": {"uv": [6.25, 8, 6.5, 9.25], "texture": "#2_0"},
				"west": {"uv": [6.5, 8, 6.75, 9.25], "texture": "#2_0"},
				"up": {"uv": [14.75, 11.75, 15, 11.5], "texture": "#2_0"},
				"down": {"uv": [14.5, 11.5, 14.75, 11.75], "texture": "#2_0"}
			}
		},
		{
			"name": "Voxels",
			"from": [23.68603, 6.68038, 7.25968],
			"to": [24.07299, 7.45429, 8.03359],
			"rotation": {"angle": 0, "axis": "y", "origin": [21.17079, 5.71304, 6.29234]},
			"faces": {
				"north": {"uv": [16, 13, 15.75, 13.5], "texture": "#2_0"},
				"east": {"uv": [8.25, 8.25, 7.75, 8.75], "texture": "#2_0"},
				"south": {"uv": [10.75, 12.5, 11, 13], "texture": "#2_0"},
				"west": {"uv": [7.25, 8.25, 7.75, 8.75], "texture": "#2_0"},
				"up": {"uv": [15.5, 13.5, 15.75, 13], "texture": "#2_0"},
				"down": {"uv": [15.25, 13, 15.5, 13.5], "texture": "#2_0"}
			}
		},
		{
			"name": "Voxels",
			"from": [23.68603, 7.06738, 6.48579],
			"to": [24.07299, 8.22824, 6.87274],
			"rotation": {"angle": 0, "axis": "y", "origin": [21.17079, 5.71304, 6.29234]},
			"faces": {
				"north": {"uv": [10, 8.5, 9.75, 9.25], "texture": "#2_0"},
				"east": {"uv": [10.75, 13.75, 10.5, 14.5], "texture": "#2_0"},
				"south": {"uv": [10, 13.75, 10.25, 14.5], "texture": "#2_0"},
				"west": {"uv": [10.25, 13.75, 10.5, 14.5], "texture": "#2_0"},
				"up": {"uv": [12.25, 9.75, 12.5, 9.5], "texture": "#2_0"},
				"down": {"uv": [12.25, 9.75, 12.5, 10], "texture": "#2_0"}
			}
		},
		{
			"name": "Voxels",
			"from": [23.68603, 7.06738, 8.03367],
			"to": [24.07299, 8.22824, 8.42063],
			"rotation": {"angle": 0, "axis": "y", "origin": [21.17079, 5.71304, 6.29234]},
			"faces": {
				"north": {"uv": [11, 13.75, 10.75, 14.5], "texture": "#2_0"},
				"east": {"uv": [11.75, 13.75, 11.5, 14.5], "texture": "#2_0"},
				"south": {"uv": [11, 13.75, 11.25, 14.5], "texture": "#2_0"},
				"west": {"uv": [11.25, 13.75, 11.5, 14.5], "texture": "#2_0"},
				"up": {"uv": [12.25, 8.25, 12.5, 8], "texture": "#2_0"},
				"down": {"uv": [12.25, 8.25, 12.5, 8.5], "texture": "#2_0"}
			}
		},
		{
			"name": "Voxels",
			"from": [23.68603, 7.45438, 7.64668],
			"to": [24.07299, 8.61524, 8.03363],
			"rotation": {"angle": 0, "axis": "y", "origin": [21.17079, 5.71304, 6.29234]},
			"faces": {
				"north": {"uv": [12, 13.75, 11.75, 14.5], "texture": "#2_0"},
				"east": {"uv": [12.75, 13.75, 12.5, 14.5], "texture": "#2_0"},
				"south": {"uv": [12, 13.75, 12.25, 14.5], "texture": "#2_0"},
				"west": {"uv": [12.25, 13.75, 12.5, 14.5], "texture": "#2_0"},
				"up": {"uv": [13.75, 11.5, 14, 11.25], "texture": "#2_0"},
				"down": {"uv": [13.5, 11.25, 13.75, 11.5], "texture": "#2_0"}
			}
		},
		{
			"name": "Voxels",
			"from": [23.68603, 7.84128, 7.25968],
			"to": [24.07299, 8.61518, 7.64664],
			"rotation": {"angle": 0, "axis": "y", "origin": [21.17079, 5.71304, 6.29234]},
			"faces": {
				"north": {"uv": [11.25, 11.75, 11, 12.25], "texture": "#2_0"},
				"east": {"uv": [11.25, 10.25, 11, 10.75], "texture": "#2_0"},
				"south": {"uv": [11, 11.25, 11.25, 11.75], "texture": "#2_0"},
				"west": {"uv": [11, 10.75, 11.25, 11.25], "texture": "#2_0"},
				"up": {"uv": [15.25, 11.5, 15.5, 11.25], "texture": "#2_0"},
				"down": {"uv": [15, 11.25, 15.25, 11.5], "texture": "#2_0"}
			}
		}
	],
	"display": {
		"thirdperson_righthand": {
			"translation": [-8.25, 0, 0],
			"scale": [0.6, 0.6, 0.6]
		},
		"thirdperson_lefthand": {
			"translation": [8.5, 0, 0],
			"scale": [0.6, 0.6, 0.6]
		},
		"firstperson_righthand": {
			"rotation": [0, 50, 0],
			"translation": [8.5, -9.75, -2],
			"scale": [2.53, 2.53, 2.53]
		},
		"firstperson_lefthand": {
			"rotation": [0, -130, 0],
			"translation": [5.5, -8.5, -2],
			"scale": [2.53, 2.53, 2.53]
		},
		"ground": {
			"translation": [-32.5, 10, 0],
			"scale": [2.39, 2.39, 2.39]
		},
		"gui": {
			"rotation": [30, -60, 0],
			"translation": [-16.25, 12.25, 0],
			"scale": [2.28, 2.28, 2.28]
		},
		"head": {
			"rotation": [0, 90, 0],
			"translation": [1.75, -8.5, 5.25],
			"scale": [3.4, 3.4, 3.4]
		},
		"fixed": {
			"rotation": [-17, 90, 0],
			"translation": [2.5, 9.25, 32.25],
			"scale": [2.73, 2.73, 2.73]
		}
	},
	"groups": [
		{
			"name": "canary_engine_gray",
			"origin": [8, 8, 8],
			"children": [
				{
					"name": "canary_engine_gray",
					"origin": [8, 8, 8],
					"children": [0, 1, 2, 3, 4, 5, 6, 7, 8, 9, 10, 11, 12, 13, 14, 15, 16, 17, 18, 19, 20, 21, 22, 23, 24, 25, 26, 27, 28, 29, 30, 31, 32, 33, 34, 35, 36, 37, 38, 39, 40, 41, 42, 43, 44, 45, 46, 47, 48, 49, 50, 51, 52, 53, 54, 55, 56, 57, 58, 59, 60, 61, 62, 63, 64, 65, 66, 67, 68, 69, 70, 71, 72, 73, 74, 75, 76, 77, 78, 79, 80, 81, 82, 83, 84, 85, 86, 87, 88, 89, 90, 91, 92, 93, 94, 95, 96, 97, 98, 99, 100]
				}
			]
		}
	]
}