{
	"credit": "Made with Blockbench",
	"textures": {
		"4": "custom/addons/bollar_spoiler_gray"
	},
	"elements": [
		{
			"name": "Voxels",
			"from": [-10.26842, 9.85357, 2.53353],
			"to": [-7.88341, 10.33057, 4.91853],
			"rotation": {"angle": 0, "axis": "y", "origin": [-8.47966, 10.92679, 2.65278]},
			"faces": {
				"north": {"uv": [4.5, 8.5, 2, 9], "texture": "#4"},
				"east": {"uv": [12, 12.5, 9.5, 13], "texture": "#4"},
				"south": {"uv": [7, 12.5, 9.5, 13], "texture": "#4"},
				"west": {"uv": [2, 9, 4.5, 9.5], "texture": "#4"},
				"up": {"uv": [2, 12.5, 4.5, 10], "texture": "#4"},
				"down": {"uv": [12, 13.5, 14.5, 16], "texture": "#4"}
			}
		},
		{
			"name": "Voxels",
			"from": [-10.26842, 9.85357, 4.91857],
			"to": [-8.36041, 10.33057, 11.59659],
			"rotation": {"angle": 0, "axis": "y", "origin": [-8.47966, 10.92679, 2.65278]},
			"faces": {
				"north": {"uv": [6.5, 0.5, 4.5, 1], "texture": "#4"},
				"east": {"uv": [11.5, 11.5, 4.5, 12], "texture": "#4"},
				"south": {"uv": [2, 5.5, 4, 6], "texture": "#4"},
				"west": {"uv": [4.5, 12, 11.5, 12.5], "texture": "#4"},
				"up": {"uv": [0, 9, 2, 2], "texture": "#4"},
				"down": {"uv": [0, 9, 2, 16], "texture": "#4"}
			}
		},
		{
			"name": "Voxels",
			"from": [-10.26842, 10.33051, -0.80548],
			"to": [-6.92941, 10.80751, -0.32847],
			"rotation": {"angle": 0, "axis": "y", "origin": [-8.47966, 10.92679, 2.65278]},
			"faces": {
				"north": {"uv": [8, 10.5, 4.5, 11], "texture": "#4"},
				"east": {"uv": [12.5, 5.5, 12, 6], "texture": "#4"},
				"south": {"uv": [4.5, 9.5, 8, 10], "texture": "#4"},
				"west": {"uv": [10.5, 5.5, 11, 6], "texture": "#4"},
				"up": {"uv": [11.5, 10.5, 15, 10], "texture": "#4"},
				"down": {"uv": [8, 10, 11.5, 10.5], "texture": "#4"}
			}
		},
		{
			"name": "Voxels",
			"from": [-10.26842, 10.33051, 14.45855],
			"to": [-6.92941, 10.80751, 14.93555],
			"rotation": {"angle": 0, "axis": "y", "origin": [-8.47966, 10.92679, 2.65278]},
			"faces": {
				"north": {"uv": [8, 11, 4.5, 11.5], "texture": "#4"},
				"east": {"uv": [10.5, 3.5, 10, 4], "texture": "#4"},
				"south": {"uv": [8, 11, 11.5, 11.5], "texture": "#4"},
				"west": {"uv": [12.5, 5.5, 13, 6], "texture": "#4"},
				"up": {"uv": [11.5, 12, 15, 11.5], "texture": "#4"},
				"down": {"uv": [11.5, 12, 15, 12.5], "texture": "#4"}
			}
		},
		{
			"name": "Voxels",
			"from": [-10.26842, 10.80753, -0.80548],
			"to": [-7.40641, 11.28454, -0.32847],
			"rotation": {"angle": 0, "axis": "y", "origin": [-8.47966, 10.92679, 2.65278]},
			"faces": {
				"north": {"uv": [7.5, 4, 4.5, 4.5], "texture": "#4"},
				"east": {"uv": [16, 5.5, 15.5, 6], "texture": "#4"},
				"south": {"uv": [4.5, 6.5, 7.5, 7], "texture": "#4"},
				"west": {"uv": [10, 4, 10.5, 4.5], "texture": "#4"},
				"up": {"uv": [4.5, 7.5, 7.5, 7], "texture": "#4"},
				"down": {"uv": [4.5, 7.5, 7.5, 8], "texture": "#4"}
			}
		},
		{
			"name": "Voxels",
			"from": [-10.26842, 10.80753, 14.45855],
			"to": [-7.40641, 11.28454, 14.93555],
			"rotation": {"angle": 0, "axis": "y", "origin": [-8.47966, 10.92679, 2.65278]},
			"faces": {
				"north": {"uv": [7.5, 5, 4.5, 5.5], "texture": "#4"},
				"east": {"uv": [10, 4, 9.5, 4.5], "texture": "#4"},
				"south": {"uv": [4.5, 4.5, 7.5, 5], "texture": "#4"},
				"west": {"uv": [15, 5.5, 15.5, 6], "texture": "#4"},
				"up": {"uv": [4.5, 6, 7.5, 5.5], "texture": "#4"},
				"down": {"uv": [4.5, 6, 7.5, 6.5], "texture": "#4"}
			}
		},
		{
			"name": "Voxels",
			"from": [-9.7914, 9.85357, -0.80548],
			"to": [-6.45238, 10.33057, -0.32847],
			"rotation": {"angle": 0, "axis": "y", "origin": [-8.47966, 10.92679, 2.65278]},
			"faces": {
				"north": {"uv": [11.5, 10.5, 8, 11], "texture": "#4"},
				"east": {"uv": [16, 8, 15.5, 8.5], "texture": "#4"},
				"south": {"uv": [11.5, 11, 15, 11.5], "texture": "#4"},
				"west": {"uv": [9, 4, 9.5, 4.5], "texture": "#4"},
				"up": {"uv": [4.5, 10.5, 8, 10], "texture": "#4"},
				"down": {"uv": [11.5, 10.5, 15, 11], "texture": "#4"}
			}
		},
		{
			"name": "Voxels",
			"from": [-9.7914, 9.85357, -0.32845],
			"to": [-7.40639, 10.33057, 2.53356],
			"rotation": {"angle": 0, "axis": "y", "origin": [-8.47966, 10.92679, 2.65278]},
			"faces": {
				"north": {"uv": [4.5, 7.5, 2, 8], "texture": "#4"},
				"east": {"uv": [7.5, 3, 4.5, 3.5], "texture": "#4"},
				"south": {"uv": [2, 7, 4.5, 7.5], "texture": "#4"},
				"west": {"uv": [4.5, 3.5, 7.5, 4], "texture": "#4"},
				"up": {"uv": [9.5, 16, 12, 13], "texture": "#4"},
				"down": {"uv": [7, 13, 9.5, 16], "texture": "#4"}
			}
		},
		{
			"name": "Voxels",
			"from": [-9.7914, 9.85357, 11.59657],
			"to": [-7.40639, 10.33057, 14.93558],
			"rotation": {"angle": 0, "axis": "y", "origin": [-8.47966, 10.92679, 2.65278]},
			"faces": {
				"north": {"uv": [4.5, 6, 2, 6.5], "texture": "#4"},
				"east": {"uv": [11.5, 9.5, 8, 10], "texture": "#4"},
				"south": {"uv": [2, 9.5, 4.5, 10], "texture": "#4"},
				"west": {"uv": [11.5, 9.5, 15, 10], "texture": "#4"},
				"up": {"uv": [2, 16, 4.5, 12.5], "texture": "#4"},
				"down": {"uv": [4.5, 12.5, 7, 16], "texture": "#4"}
			}
		},
		{
			"name": "Voxels",
			"from": [-9.31446, 9.37655, -0.80548],
			"to": [-6.45245, 9.85355, -0.32847],
			"rotation": {"angle": 0, "axis": "y", "origin": [-8.47966, 10.92679, 2.65278]},
			"faces": {
				"north": {"uv": [10.5, 9, 7.5, 9.5], "texture": "#4"},
				"east": {"uv": [4.5, 1, 4, 1.5], "texture": "#4"},
				"south": {"uv": [10.5, 9, 13.5, 9.5], "texture": "#4"},
				"west": {"uv": [4, 0.5, 4.5, 1], "texture": "#4"},
				"up": {"uv": [4.5, 9.5, 7.5, 9], "texture": "#4"},
				"down": {"uv": [4.5, 2.5, 7.5, 3], "texture": "#4"}
			}
		},
		{
			"name": "Voxels",
			"from": [-9.31446, 9.37655, 14.45855],
			"to": [-6.45245, 9.85355, 14.93555],
			"rotation": {"angle": 0, "axis": "y", "origin": [-8.47966, 10.92679, 2.65278]},
			"faces": {
				"north": {"uv": [13.5, 8.5, 10.5, 9], "texture": "#4"},
				"east": {"uv": [4.5, 1.5, 4, 2], "texture": "#4"},
				"south": {"uv": [4.5, 8, 7.5, 8.5], "texture": "#4"},
				"west": {"uv": [9.5, 3.5, 10, 4], "texture": "#4"},
				"up": {"uv": [7.5, 9, 10.5, 8.5], "texture": "#4"},
				"down": {"uv": [4.5, 8.5, 7.5, 9], "texture": "#4"}
			}
		},
		{
			"name": "Voxels",
			"from": [-8.83743, 8.4225, 1.10254],
			"to": [-7.40643, 9.3765, 1.57954],
			"rotation": {"angle": 0, "axis": "y", "origin": [-8.47966, 10.92679, 2.65278]},
			"faces": {
				"north": {"uv": [13.5, 12.5, 12, 13.5], "texture": "#4"},
				"east": {"uv": [2, 0, 1.5, 1], "texture": "#4"},
				"south": {"uv": [14.5, 15, 16, 16], "texture": "#4"},
				"west": {"uv": [15.5, 14, 16, 15], "texture": "#4"},
				"up": {"uv": [7.5, 5.5, 9, 5], "texture": "#4"},
				"down": {"uv": [7.5, 5.5, 9, 6], "texture": "#4"}
			}
		},
		{
			"name": "Voxels",
			"from": [-8.83743, 8.4225, 2.0565],
			"to": [-6.92943, 8.8995, 2.5335],
			"rotation": {"angle": 0, "axis": "y", "origin": [-8.47966, 10.92679, 2.65278]},
			"faces": {
				"north": {"uv": [15.5, 8, 13.5, 8.5], "texture": "#4"},
				"east": {"uv": [4.5, 3.5, 4, 4], "texture": "#4"},
				"south": {"uv": [7.5, 7.5, 9.5, 8], "texture": "#4"},
				"west": {"uv": [4, 3, 4.5, 3.5], "texture": "#4"},
				"up": {"uv": [11.5, 8.5, 13.5, 8], "texture": "#4"},
				"down": {"uv": [9.5, 8, 11.5, 8.5], "texture": "#4"}
			}
		},
		{
			"name": "Voxels",
			"from": [-8.83743, 8.4225, 11.59657],
			"to": [-6.92943, 8.8995, 12.07357],
			"rotation": {"angle": 0, "axis": "y", "origin": [-8.47966, 10.92679, 2.65278]},
			"faces": {
				"north": {"uv": [4, 0.5, 2, 1], "texture": "#4"},
				"east": {"uv": [4.5, 5.5, 4, 6], "texture": "#4"},
				"south": {"uv": [4.5, 2, 6.5, 2.5], "texture": "#4"},
				"west": {"uv": [4, 5, 4.5, 5.5], "texture": "#4"},
				"up": {"uv": [2, 1.5, 4, 1], "texture": "#4"},
				"down": {"uv": [2, 1.5, 4, 2], "texture": "#4"}
			}
		},
		{
			"name": "Voxels",
			"from": [-8.83743, 8.4225, 12.55053],
			"to": [-7.40643, 9.3765, 13.02753],
			"rotation": {"angle": 0, "axis": "y", "origin": [-8.47966, 10.92679, 2.65278]},
			"faces": {
				"north": {"uv": [1.5, 1, 0, 2], "texture": "#4"},
				"east": {"uv": [16, 13, 15.5, 14], "texture": "#4"},
				"south": {"uv": [0, 0, 1.5, 1], "texture": "#4"},
				"west": {"uv": [1.5, 1, 2, 2], "texture": "#4"},
				"up": {"uv": [7.5, 4.5, 9, 4], "texture": "#4"},
				"down": {"uv": [7.5, 4.5, 9, 5], "texture": "#4"}
			}
		},
		{
			"name": "Voxels",
			"from": [-8.83743, 8.89952, 2.0565],
			"to": [-7.40643, 9.37652, 2.5335],
			"rotation": {"angle": 0, "axis": "y", "origin": [-8.47966, 10.92679, 2.65278]},
			"faces": {
				"north": {"uv": [9, 2.5, 7.5, 3], "texture": "#4"},
				"east": {"uv": [10, 3, 9.5, 3.5], "texture": "#4"},
				"south": {"uv": [7.5, 2, 9, 2.5], "texture": "#4"},
				"west": {"uv": [9, 3, 9.5, 3.5], "texture": "#4"},
				"up": {"uv": [7.5, 3.5, 9, 3], "texture": "#4"},
				"down": {"uv": [7.5, 3.5, 9, 4], "texture": "#4"}
			}
		},
		{
			"name": "Voxels",
			"from": [-8.83743, 8.89952, 11.59657],
			"to": [-7.40643, 9.37652, 12.07357],
			"rotation": {"angle": 0, "axis": "y", "origin": [-8.47966, 10.92679, 2.65278]},
			"faces": {
				"north": {"uv": [9, 0.5, 7.5, 1], "texture": "#4"},
				"east": {"uv": [10, 2.5, 9.5, 3], "texture": "#4"},
				"south": {"uv": [7.5, 0, 9, 0.5], "texture": "#4"},
				"west": {"uv": [9, 2.5, 9.5, 3], "texture": "#4"},
				"up": {"uv": [7.5, 1.5, 9, 1], "texture": "#4"},
				"down": {"uv": [7.5, 1.5, 9, 2], "texture": "#4"}
			}
		},
		{
			"name": "Voxels",
			"from": [-8.83743, 9.37655, 1.10254],
			"to": [-7.88343, 9.85355, 1.57954],
			"rotation": {"angle": 0, "axis": "y", "origin": [-8.47966, 10.92679, 2.65278]},
			"faces": {
				"north": {"uv": [7.5, 0.5, 6.5, 1], "texture": "#4"},
				"east": {"uv": [10, 0, 9.5, 0.5], "texture": "#4"},
				"south": {"uv": [6.5, 2, 7.5, 2.5], "texture": "#4"},
				"west": {"uv": [9, 0, 9.5, 0.5], "texture": "#4"},
				"up": {"uv": [6.5, 1.5, 7.5, 1], "texture": "#4"},
				"down": {"uv": [6.5, 1.5, 7.5, 2], "texture": "#4"}
			}
		},
		{
			"name": "Voxels",
			"from": [-8.83743, 9.37655, 2.0565],
			"to": [-7.88343, 9.85355, 2.5335],
			"rotation": {"angle": 0, "axis": "y", "origin": [-8.47966, 10.92679, 2.65278]},
			"faces": {
				"north": {"uv": [16, 7, 15, 7.5], "texture": "#4"},
				"east": {"uv": [10.5, 2.5, 10, 3], "texture": "#4"},
				"south": {"uv": [15, 6.5, 16, 7], "texture": "#4"},
				"west": {"uv": [13, 5.5, 13.5, 6], "texture": "#4"},
				"up": {"uv": [15, 8, 16, 7.5], "texture": "#4"},
				"down": {"uv": [6.5, 0, 7.5, 0.5], "texture": "#4"}
			}
		},
		{
			"name": "Voxels",
			"from": [-8.83743, 9.37655, 11.59657],
			"to": [-7.88343, 9.85355, 12.07357],
			"rotation": {"angle": 0, "axis": "y", "origin": [-8.47966, 10.92679, 2.65278]},
			"faces": {
				"north": {"uv": [14.5, 13, 13.5, 13.5], "texture": "#4"},
				"east": {"uv": [10.5, 3, 10, 3.5], "texture": "#4"},
				"south": {"uv": [15, 9.5, 16, 10], "texture": "#4"},
				"west": {"uv": [13.5, 5.5, 14, 6], "texture": "#4"},
				"up": {"uv": [15, 10.5, 16, 10], "texture": "#4"},
				"down": {"uv": [15, 10.5, 16, 11], "texture": "#4"}
			}
		},
		{
			"name": "Voxels",
			"from": [-8.83743, 9.37655, 12.55053],
			"to": [-7.88343, 9.85355, 13.02753],
			"rotation": {"angle": 0, "axis": "y", "origin": [-8.47966, 10.92679, 2.65278]},
			"faces": {
				"north": {"uv": [16, 11.5, 15, 12], "texture": "#4"},
				"east": {"uv": [10.5, 1.5, 10, 2], "texture": "#4"},
				"south": {"uv": [15, 11, 16, 11.5], "texture": "#4"},
				"west": {"uv": [10, 2, 10.5, 2.5], "texture": "#4"},
				"up": {"uv": [15, 12.5, 16, 12], "texture": "#4"},
				"down": {"uv": [13.5, 12.5, 14.5, 13], "texture": "#4"}
			}
		},
		{
			"name": "Voxels",
			"from": [-8.36041, 7.46853, 1.10254],
			"to": [-6.4524, 7.94553, 1.57954],
			"rotation": {"angle": 0, "axis": "y", "origin": [-8.47966, 10.92679, 2.65278]},
			"faces": {
				"north": {"uv": [4, 4.5, 2, 5], "texture": "#4"},
				"east": {"uv": [4.5, 4, 4, 4.5], "texture": "#4"},
				"south": {"uv": [4.5, 1.5, 6.5, 2], "texture": "#4"},
				"west": {"uv": [4, 4.5, 4.5, 5], "texture": "#4"},
				"up": {"uv": [2, 5.5, 4, 5], "texture": "#4"},
				"down": {"uv": [4.5, 1, 6.5, 1.5], "texture": "#4"}
			}
		},
		{
			"name": "Voxels",
			"from": [-8.36041, 7.46853, 2.0565],
			"to": [-6.4524, 7.94553, 2.5335],
			"rotation": {"angle": 0, "axis": "y", "origin": [-8.47966, 10.92679, 2.65278]},
			"faces": {
				"north": {"uv": [9.5, 8, 7.5, 8.5], "texture": "#4"},
				"east": {"uv": [4.5, 2, 4, 2.5], "texture": "#4"},
				"south": {"uv": [4.5, 0, 6.5, 0.5], "texture": "#4"},
				"west": {"uv": [4, 2.5, 4.5, 3], "texture": "#4"},
				"up": {"uv": [9.5, 8, 11.5, 7.5], "texture": "#4"},
				"down": {"uv": [11.5, 7.5, 13.5, 8], "texture": "#4"}
			}
		},
		{
			"name": "Voxels",
			"from": [-8.36041, 7.46853, 11.59657],
			"to": [-6.4524, 7.94553, 12.07357],
			"rotation": {"angle": 0, "axis": "y", "origin": [-8.47966, 10.92679, 2.65278]},
			"faces": {
				"north": {"uv": [4, 2, 2, 2.5], "texture": "#4"},
				"east": {"uv": [16, 9, 15.5, 9.5], "texture": "#4"},
				"south": {"uv": [2, 2.5, 4, 3], "texture": "#4"},
				"west": {"uv": [4, 0, 4.5, 0.5], "texture": "#4"},
				"up": {"uv": [13.5, 9.5, 15.5, 9], "texture": "#4"},
				"down": {"uv": [13.5, 8.5, 15.5, 9], "texture": "#4"}
			}
		},
		{
			"name": "Voxels",
			"from": [-8.36041, 7.46853, 12.55053],
			"to": [-6.4524, 7.94553, 13.02753],
			"rotation": {"angle": 0, "axis": "y", "origin": [-8.47966, 10.92679, 2.65278]},
			"faces": {
				"north": {"uv": [4, 4, 2, 4.5], "texture": "#4"},
				"east": {"uv": [10, 1, 9.5, 1.5], "texture": "#4"},
				"south": {"uv": [2, 0, 4, 0.5], "texture": "#4"},
				"west": {"uv": [9, 3.5, 9.5, 4], "texture": "#4"},
				"up": {"uv": [2, 4, 4, 3.5], "texture": "#4"},
				"down": {"uv": [2, 3, 4, 3.5], "texture": "#4"}
			}
		},
		{
			"name": "Voxels",
			"from": [-8.36041, 7.94556, 1.10254],
			"to": [-6.9294, 8.42256, 1.57954],
			"rotation": {"angle": 0, "axis": "y", "origin": [-8.47966, 10.92679, 2.65278]},
			"faces": {
				"north": {"uv": [13.5, 6.5, 12, 7], "texture": "#4"},
				"east": {"uv": [10, 2, 9.5, 2.5], "texture": "#4"},
				"south": {"uv": [13.5, 6.5, 15, 7], "texture": "#4"},
				"west": {"uv": [9, 2, 9.5, 2.5], "texture": "#4"},
				"up": {"uv": [10.5, 7, 12, 6.5], "texture": "#4"},
				"down": {"uv": [9, 6.5, 10.5, 7], "texture": "#4"}
			}
		},
		{
			"name": "Voxels",
			"from": [-8.36041, 7.94556, 2.0565],
			"to": [-6.9294, 8.42256, 2.5335],
			"rotation": {"angle": 0, "axis": "y", "origin": [-8.47966, 10.92679, 2.65278]},
			"faces": {
				"north": {"uv": [13.5, 6, 12, 6.5], "texture": "#4"},
				"east": {"uv": [10, 0.5, 9.5, 1], "texture": "#4"},
				"south": {"uv": [13.5, 6, 15, 6.5], "texture": "#4"},
				"west": {"uv": [9, 0.5, 9.5, 1], "texture": "#4"},
				"up": {"uv": [10.5, 6.5, 12, 6], "texture": "#4"},
				"down": {"uv": [9, 6, 10.5, 6.5], "texture": "#4"}
			}
		},
		{
			"name": "Voxels",
			"from": [-8.36041, 7.94556, 11.59657],
			"to": [-6.9294, 8.42256, 12.07357],
			"rotation": {"angle": 0, "axis": "y", "origin": [-8.47966, 10.92679, 2.65278]},
			"faces": {
				"north": {"uv": [10.5, 7, 9, 7.5], "texture": "#4"},
				"east": {"uv": [12, 5.5, 11.5, 6], "texture": "#4"},
				"south": {"uv": [10.5, 7, 12, 7.5], "texture": "#4"},
				"west": {"uv": [11, 5.5, 11.5, 6], "texture": "#4"},
				"up": {"uv": [7.5, 7.5, 9, 7], "texture": "#4"},
				"down": {"uv": [13.5, 7.5, 15, 8], "texture": "#4"}
			}
		},
		{
			"name": "Voxels",
			"from": [-8.36041, 7.94556, 12.55053],
			"to": [-6.9294, 8.42256, 13.02753],
			"rotation": {"angle": 0, "axis": "y", "origin": [-8.47966, 10.92679, 2.65278]},
			"faces": {
				"north": {"uv": [9, 6.5, 7.5, 7], "texture": "#4"},
				"east": {"uv": [15, 5.5, 14.5, 6], "texture": "#4"},
				"south": {"uv": [7.5, 6, 9, 6.5], "texture": "#4"},
				"west": {"uv": [14, 5.5, 14.5, 6], "texture": "#4"},
				"up": {"uv": [13.5, 7.5, 15, 7], "texture": "#4"},
				"down": {"uv": [12, 7, 13.5, 7.5], "texture": "#4"}
			}
		},
		{
			"name": "Voxels",
			"from": [-8.36041, 9.85357, 9.21153],
			"to": [-7.88341, 10.33057, 11.59654],
			"rotation": {"angle": 0, "axis": "y", "origin": [-8.47966, 10.92679, 2.65278]},
			"faces": {
				"north": {"uv": [10.5, 5, 10, 5.5], "texture": "#4"},
				"east": {"uv": [4.5, 6.5, 2, 7], "texture": "#4"},
				"south": {"uv": [10, 4.5, 10.5, 5], "texture": "#4"},
				"west": {"uv": [2, 8, 4.5, 8.5], "texture": "#4"},
				"up": {"uv": [14.5, 15, 15, 12.5], "texture": "#4"},
				"down": {"uv": [15, 12.5, 15.5, 15], "texture": "#4"}
			}
		},
		{
			"name": "Voxels",
			"from": [-7.40644, 9.85357, 14.45855],
			"to": [-6.45244, 10.33057, 14.93555],
			"rotation": {"angle": 0, "axis": "y", "origin": [-8.47966, 10.92679, 2.65278]},
			"faces": {
				"north": {"uv": [10, 5, 9, 5.5], "texture": "#4"},
				"east": {"uv": [10.5, 0.5, 10, 1], "texture": "#4"},
				"south": {"uv": [9, 4.5, 10, 5], "texture": "#4"},
				"west": {"uv": [10, 1, 10.5, 1.5], "texture": "#4"},
				"up": {"uv": [15, 6.5, 16, 6], "texture": "#4"},
				"down": {"uv": [9, 5.5, 10, 6], "texture": "#4"}
			}
		}
	],
	"display": {
		"thirdperson_righthand": {
			"translation": [4.25, 0, 0],
			"scale": [0.25, 0.25, 0.25]
		},
		"thirdperson_lefthand": {
			"translation": [-4.25, 0, 0],
			"scale": [0.25, 0.25, 0.25]
		},
		"firstperson_righthand": {
			"rotation": [0, 50, 0],
			"translation": [0.75, 5, -2],
			"scale": [0.3, 0.3, 0.3]
		},
		"firstperson_lefthand": {
			"rotation": [0, -130, 0],
			"translation": [0, 5, -2],
			"scale": [0.3, 0.3, 0.3]
		},
		"ground": {
			"translation": [20, -0.25, 0],
			"scale": [1.26, 1.26, 1.26]
		},
		"gui": {
			"rotation": [30, -60, 0],
			"translation": [6.75, -7.25, 0],
			"scale": [0.91, 0.91, 0.91]
		},
		"head": {
			"rotation": [0, 90, 0],
			"translation": [2.75, -12.5, -7.75],
			"scale": [2.8, 2.8, 2.8]
		},
		"fixed": {
			"rotation": [-17, 90, 0],
			"translation": [1, -7.5, -18.5],
			"scale": [1.17, 1.17, 1.17]
		}
	},
	"groups": [
		{
			"name": "bollar_spoiler_gray",
			"origin": [8, 8, 8],
			"children": [0, 1, 2, 3, 4, 5, 6, 7, 8, 9, 10, 11, 12, 13, 14, 15, 16, 17, 18, 19, 20, 21, 22, 23, 24, 25, 26, 27, 28, 29, 30]
		}
	]
}