{
	"credit": "Made with Blockbench",
	"textures": {
		"7": "custom/addons/bollar_bumper_gray"
	},
	"elements": [
		{
			"name": "Voxels",
			"from": [-11.17877, 1.33075, 3.90949],
			"to": [-9.74099, 1.81001, 10.13985],
			"rotation": {"angle": 0, "axis": "y", "origin": [-1.11433, 10.6763, 2.7114]},
			"faces": {
				"north": {"uv": [9.25, 12.25, 8.5, 12.5], "texture": "#7"},
				"east": {"uv": [15.25, 14, 12, 14.25], "texture": "#7"},
				"south": {"uv": [7, 12.25, 7.75, 12.5], "texture": "#7"},
				"west": {"uv": [8.75, 14, 12, 14.25], "texture": "#7"},
				"up": {"uv": [0, 12.75, 0.75, 9.5], "texture": "#7"},
				"down": {"uv": [0, 12.75, 0.75, 16], "texture": "#7"}
			}
		},
		{
			"name": "Voxels",
			"from": [-10.69955, 0.85155, 3.43028],
			"to": [-9.74104, 2.28932, 3.90954],
			"rotation": {"angle": 0, "axis": "y", "origin": [-1.11433, 10.6763, 2.7114]},
			"faces": {
				"north": {"uv": [2.75, 8, 2.25, 8.75], "texture": "#7"},
				"east": {"uv": [3.5, 5.5, 3.25, 6.25], "texture": "#7"},
				"south": {"uv": [2.25, 8.75, 2.75, 9.5], "texture": "#7"},
				"west": {"uv": [3.25, 4.75, 3.5, 5.5], "texture": "#7"},
				"up": {"uv": [12.5, 12, 13, 11.75], "texture": "#7"},
				"down": {"uv": [12, 11.75, 12.5, 12], "texture": "#7"}
			}
		},
		{
			"name": "Voxels",
			"from": [-10.69955, 0.85155, 3.90949],
			"to": [-9.74104, 1.33081, 10.61912],
			"rotation": {"angle": 0, "axis": "y", "origin": [-1.11433, 10.6763, 2.7114]},
			"faces": {
				"north": {"uv": [7.25, 11.5, 6.75, 11.75], "texture": "#7"},
				"east": {"uv": [8.75, 14, 5.25, 14.25], "texture": "#7"},
				"south": {"uv": [7.25, 11.5, 7.75, 11.75], "texture": "#7"},
				"west": {"uv": [1.75, 14, 5.25, 14.25], "texture": "#7"},
				"up": {"uv": [0, 6, 0.5, 2.5], "texture": "#7"},
				"down": {"uv": [0, 6, 0.5, 9.5], "texture": "#7"}
			}
		},
		{
			"name": "Voxels",
			"from": [-10.69955, 1.33075, -0.40383],
			"to": [-9.74104, 1.81001, 3.43023],
			"rotation": {"angle": 0, "axis": "y", "origin": [-1.11433, 10.6763, 2.7114]},
			"faces": {
				"north": {"uv": [8.25, 11.5, 7.75, 11.75], "texture": "#7"},
				"east": {"uv": [13.75, 14.75, 11.75, 15], "texture": "#7"},
				"south": {"uv": [8.25, 11.5, 8.75, 11.75], "texture": "#7"},
				"west": {"uv": [9, 14.25, 11, 14.5], "texture": "#7"},
				"up": {"uv": [0.75, 5.25, 1.25, 3.25], "texture": "#7"},
				"down": {"uv": [1.25, 10.25, 1.75, 12.25], "texture": "#7"}
			}
		},
		{
			"name": "Voxels",
			"from": [-10.69955, 1.33075, 10.13995],
			"to": [-9.74104, 2.28928, 10.6192],
			"rotation": {"angle": 0, "axis": "y", "origin": [-1.11433, 10.6763, 2.7114]},
			"faces": {
				"north": {"uv": [14.25, 14.25, 13.75, 14.75], "texture": "#7"},
				"east": {"uv": [4.5, 5, 4.25, 5.5], "texture": "#7"},
				"south": {"uv": [0.75, 0, 1.25, 0.5], "texture": "#7"},
				"west": {"uv": [4.25, 5.5, 4.5, 6], "texture": "#7"},
				"up": {"uv": [9.25, 11.75, 9.75, 11.5], "texture": "#7"},
				"down": {"uv": [8.75, 11.5, 9.25, 11.75], "texture": "#7"}
			}
		},
		{
			"name": "Voxels",
			"from": [-10.69955, 1.33075, 10.61916],
			"to": [-9.74104, 1.81001, 14.45324],
			"rotation": {"angle": 0, "axis": "y", "origin": [-1.11433, 10.6763, 2.7114]},
			"faces": {
				"north": {"uv": [10.25, 11.5, 9.75, 11.75], "texture": "#7"},
				"east": {"uv": [13.75, 14.25, 11.75, 14.5], "texture": "#7"},
				"south": {"uv": [10.25, 11.5, 10.75, 11.75], "texture": "#7"},
				"west": {"uv": [11.75, 14.5, 13.75, 14.75], "texture": "#7"},
				"up": {"uv": [1.25, 14.25, 1.75, 12.25], "texture": "#7"},
				"down": {"uv": [0.75, 1.25, 1.25, 3.25], "texture": "#7"}
			}
		},
		{
			"name": "Voxels",
			"from": [-10.69955, 1.80997, 3.90949],
			"to": [-9.74104, 2.28923, 10.13985],
			"rotation": {"angle": 0, "axis": "y", "origin": [-1.11433, 10.6763, 2.7114]},
			"faces": {
				"north": {"uv": [11.25, 11.5, 10.75, 11.75], "texture": "#7"},
				"east": {"uv": [8.25, 13.75, 5, 14], "texture": "#7"},
				"south": {"uv": [11.25, 11.5, 11.75, 11.75], "texture": "#7"},
				"west": {"uv": [1.75, 13.75, 5, 14], "texture": "#7"},
				"up": {"uv": [0.75, 14.25, 1.25, 11], "texture": "#7"},
				"down": {"uv": [0.75, 7.75, 1.25, 11], "texture": "#7"}
			}
		},
		{
			"name": "Voxels",
			"from": [-10.22021, 0.85155, -0.40383],
			"to": [-9.74094, 1.33081, 3.43023],
			"rotation": {"angle": 0, "axis": "y", "origin": [-1.11433, 10.6763, 2.7114]},
			"faces": {
				"north": {"uv": [14.25, 11.25, 14, 11.5], "texture": "#7"},
				"east": {"uv": [14.25, 13.75, 12.25, 14], "texture": "#7"},
				"south": {"uv": [11.75, 11.25, 12, 11.5], "texture": "#7"},
				"west": {"uv": [10.25, 13.75, 12.25, 14], "texture": "#7"},
				"up": {"uv": [1.75, 13.75, 2, 11.75], "texture": "#7"},
				"down": {"uv": [1.5, 0.75, 1.75, 2.75], "texture": "#7"}
			}
		},
		{
			"name": "Voxels",
			"from": [-10.22021, 0.85155, 10.61916],
			"to": [-9.74094, 1.33081, 14.45324],
			"rotation": {"angle": 0, "axis": "y", "origin": [-1.11433, 10.6763, 2.7114]},
			"faces": {
				"north": {"uv": [11.75, 11.25, 11.5, 11.5], "texture": "#7"},
				"east": {"uv": [5, 13.25, 3, 13.5], "texture": "#7"},
				"south": {"uv": [11.25, 11.25, 11.5, 11.5], "texture": "#7"},
				"west": {"uv": [3, 13.5, 5, 13.75], "texture": "#7"},
				"up": {"uv": [1.75, 9.75, 2, 7.75], "texture": "#7"},
				"down": {"uv": [1.75, 9.75, 2, 11.75], "texture": "#7"}
			}
		},
		{
			"name": "Voxels",
			"from": [-10.22021, 1.33075, -0.88305],
			"to": [-9.26168, 1.81001, -0.40378],
			"rotation": {"angle": 0, "axis": "y", "origin": [-1.11433, 10.6763, 2.7114]},
			"faces": {
				"north": {"uv": [13.25, 11.5, 12.75, 11.75], "texture": "#7"},
				"east": {"uv": [9, 11.25, 8.75, 11.5], "texture": "#7"},
				"south": {"uv": [13.25, 11.5, 13.75, 11.75], "texture": "#7"},
				"west": {"uv": [11, 11.25, 11.25, 11.5], "texture": "#7"},
				"up": {"uv": [12.25, 11.75, 12.75, 11.5], "texture": "#7"},
				"down": {"uv": [11.75, 11.5, 12.25, 11.75], "texture": "#7"}
			}
		},
		{
			"name": "Voxels",
			"from": [-10.22021, 1.33075, 14.45328],
			"to": [-9.26168, 1.81001, 14.93253],
			"rotation": {"angle": 0, "axis": "y", "origin": [-1.11433, 10.6763, 2.7114]},
			"faces": {
				"north": {"uv": [14.25, 14.75, 13.75, 15], "texture": "#7"},
				"east": {"uv": [8.5, 11.25, 8.25, 11.5], "texture": "#7"},
				"south": {"uv": [11.75, 12, 12.25, 12.25], "texture": "#7"},
				"west": {"uv": [8.5, 11.25, 8.75, 11.5], "texture": "#7"},
				"up": {"uv": [14.25, 11.75, 14.75, 11.5], "texture": "#7"},
				"down": {"uv": [13.75, 11.5, 14.25, 11.75], "texture": "#7"}
			}
		},
		{
			"name": "Voxels",
			"from": [-10.22021, 1.80997, -0.40383],
			"to": [-9.26168, 2.28923, 0.55468],
			"rotation": {"angle": 0, "axis": "y", "origin": [-1.11433, 10.6763, 2.7114]},
			"faces": {
				"north": {"uv": [2.75, 0, 2.25, 0.25], "texture": "#7"},
				"east": {"uv": [15.75, 12.25, 15.25, 12.5], "texture": "#7"},
				"south": {"uv": [15.5, 12.75, 16, 13], "texture": "#7"},
				"west": {"uv": [15.5, 12.5, 16, 12.75], "texture": "#7"},
				"up": {"uv": [15.5, 13.75, 16, 13.25], "texture": "#7"},
				"down": {"uv": [1.25, 0, 1.75, 0.5], "texture": "#7"}
			}
		},
		{
			"name": "Voxels",
			"from": [-10.22021, 1.80997, 0.55473],
			"to": [-9.74094, 2.28923, 3.43028],
			"rotation": {"angle": 0, "axis": "y", "origin": [-1.11433, 10.6763, 2.7114]},
			"faces": {
				"north": {"uv": [8.25, 11.25, 8, 11.5], "texture": "#7"},
				"east": {"uv": [8.5, 13.25, 7, 13.5], "texture": "#7"},
				"south": {"uv": [14.75, 11, 15, 11.25], "texture": "#7"},
				"west": {"uv": [9.5, 13.5, 11, 13.75], "texture": "#7"},
				"up": {"uv": [2, 11.75, 2.25, 10.25], "texture": "#7"},
				"down": {"uv": [2, 11.75, 2.25, 13.25], "texture": "#7"}
			}
		},
		{
			"name": "Voxels",
			"from": [-10.22021, 1.80997, 10.61916],
			"to": [-9.74094, 2.28923, 14.45324],
			"rotation": {"angle": 0, "axis": "y", "origin": [-1.11433, 10.6763, 2.7114]},
			"faces": {
				"north": {"uv": [14.75, 11, 14.5, 11.25], "texture": "#7"},
				"east": {"uv": [10.25, 13.75, 8.25, 14], "texture": "#7"},
				"south": {"uv": [14.25, 11, 14.5, 11.25], "texture": "#7"},
				"west": {"uv": [6.25, 14.25, 8.25, 14.5], "texture": "#7"},
				"up": {"uv": [1.75, 5.75, 2, 3.75], "texture": "#7"},
				"down": {"uv": [1.75, 5.75, 2, 7.75], "texture": "#7"}
			}
		},
		{
			"name": "Voxels",
			"from": [-10.22021, 2.28932, 6.78504],
			"to": [-9.74094, 6.60265, 7.2643],
			"rotation": {"angle": 0, "axis": "y", "origin": [-1.11433, 10.6763, 2.7114]},
			"faces": {
				"north": {"uv": [1.75, 5.25, 1.5, 7.5], "texture": "#7"},
				"east": {"uv": [1.5, 0.5, 1.25, 2.75], "texture": "#7"},
				"south": {"uv": [1.25, 2.75, 1.5, 5], "texture": "#7"},
				"west": {"uv": [1.5, 2.75, 1.75, 5], "texture": "#7"},
				"up": {"uv": [12.25, 11.25, 12.5, 11], "texture": "#7"},
				"down": {"uv": [14, 11, 14.25, 11.25], "texture": "#7"}
			}
		},
		{
			"name": "Voxels",
			"from": [-10.22021, 5.16487, 6.30584],
			"to": [-9.26168, 6.60265, 6.78508],
			"rotation": {"angle": 0, "axis": "y", "origin": [-1.11433, 10.6763, 2.7114]},
			"faces": {
				"north": {"uv": [4.25, 14.25, 3.75, 15], "texture": "#7"},
				"east": {"uv": [3.75, 4.75, 3.5, 5.5], "texture": "#7"},
				"south": {"uv": [2.25, 7.25, 2.75, 8], "texture": "#7"},
				"west": {"uv": [3.5, 4, 3.75, 4.75], "texture": "#7"},
				"up": {"uv": [4.25, 12.25, 4.75, 12], "texture": "#7"},
				"down": {"uv": [3.75, 12, 4.25, 12.25], "texture": "#7"}
			}
		},
		{
			"name": "Voxels",
			"from": [-10.22021, 5.16487, 7.2644],
			"to": [-9.26168, 6.60265, 7.74365],
			"rotation": {"angle": 0, "axis": "y", "origin": [-1.11433, 10.6763, 2.7114]},
			"faces": {
				"north": {"uv": [2.75, 11.75, 2.25, 12.5], "texture": "#7"},
				"east": {"uv": [3.5, 8.5, 3.25, 9.25], "texture": "#7"},
				"south": {"uv": [2.25, 12.5, 2.75, 13.25], "texture": "#7"},
				"west": {"uv": [3.5, 11.5, 3.75, 12.25], "texture": "#7"},
				"up": {"uv": [5.25, 12.25, 5.75, 12], "texture": "#7"},
				"down": {"uv": [4.75, 12, 5.25, 12.25], "texture": "#7"}
			}
		},
		{
			"name": "Voxels",
			"from": [-9.74099, 0.85155, -0.88305],
			"to": [-9.26173, 1.33081, -0.40378],
			"rotation": {"angle": 0, "axis": "y", "origin": [-1.11433, 10.6763, 2.7114]},
			"faces": {
				"north": {"uv": [11.25, 11, 11, 11.25], "texture": "#7"},
				"east": {"uv": [9.5, 11, 9.25, 11.25], "texture": "#7"},
				"south": {"uv": [10.25, 11, 10.5, 11.25], "texture": "#7"},
				"west": {"uv": [10, 11, 10.25, 11.25], "texture": "#7"},
				"up": {"uv": [11.25, 11.25, 11.5, 11], "texture": "#7"},
				"down": {"uv": [12, 11, 12.25, 11.25], "texture": "#7"}
			}
		},
		{
			"name": "Voxels",
			"from": [-9.74099, 0.85155, 14.45328],
			"to": [-9.26173, 1.33081, 14.93253],
			"rotation": {"angle": 0, "axis": "y", "origin": [-1.11433, 10.6763, 2.7114]},
			"faces": {
				"north": {"uv": [8.75, 11, 8.5, 11.25], "texture": "#7"},
				"east": {"uv": [7.5, 11, 7.25, 11.25], "texture": "#7"},
				"south": {"uv": [8.25, 11, 8.5, 11.25], "texture": "#7"},
				"west": {"uv": [8, 11, 8.25, 11.25], "texture": "#7"},
				"up": {"uv": [8.75, 11.25, 9, 11], "texture": "#7"},
				"down": {"uv": [9, 11, 9.25, 11.25], "texture": "#7"}
			}
		},
		{
			"name": "Voxels",
			"from": [-9.74099, 1.80997, -0.88305],
			"to": [-9.26173, 2.28923, -0.40378],
			"rotation": {"angle": 0, "axis": "y", "origin": [-1.11433, 10.6763, 2.7114]},
			"faces": {
				"north": {"uv": [5.75, 11, 5.5, 11.25], "texture": "#7"},
				"east": {"uv": [4.75, 0.75, 4.5, 1], "texture": "#7"},
				"south": {"uv": [5.25, 11, 5.5, 11.25], "texture": "#7"},
				"west": {"uv": [5, 11, 5.25, 11.25], "texture": "#7"},
				"up": {"uv": [5.75, 11.25, 6, 11], "texture": "#7"},
				"down": {"uv": [7, 11, 7.25, 11.25], "texture": "#7"}
			}
		},
		{
			"name": "Voxels",
			"from": [-9.74099, 1.80997, 13.49471],
			"to": [-9.26173, 2.28923, 14.93248],
			"rotation": {"angle": 0, "axis": "y", "origin": [-1.11433, 10.6763, 2.7114]},
			"faces": {
				"north": {"uv": [4.75, 1, 4.5, 1.25], "texture": "#7"},
				"east": {"uv": [7, 12.25, 6.25, 12.5], "texture": "#7"},
				"south": {"uv": [4.5, 3.75, 4.75, 4], "texture": "#7"},
				"west": {"uv": [14, 12.5, 14.75, 12.75], "texture": "#7"},
				"up": {"uv": [3.5, 6.25, 3.75, 5.5], "texture": "#7"},
				"down": {"uv": [3.5, 6.25, 3.75, 7], "texture": "#7"}
			}
		},
		{
			"name": "Voxels",
			"from": [-9.74099, 4.68552, 6.78504],
			"to": [-9.26173, 6.60255, 7.2643],
			"rotation": {"angle": 0, "axis": "y", "origin": [-1.11433, 10.6763, 2.7114]},
			"faces": {
				"north": {"uv": [2.75, 1.25, 2.5, 2.25], "texture": "#7"},
				"east": {"uv": [3, 12, 2.75, 13], "texture": "#7"},
				"south": {"uv": [2.25, 0.25, 2.5, 1.25], "texture": "#7"},
				"west": {"uv": [2.5, 0.25, 2.75, 1.25], "texture": "#7"},
				"up": {"uv": [4.5, 6.25, 4.75, 6], "texture": "#7"},
				"down": {"uv": [4.5, 4, 4.75, 4.25], "texture": "#7"}
			}
		},
		{
			"name": "Voxels",
			"from": [25.24484, 1.33075, -2.32082],
			"to": [25.7241, 2.28928, 2.95103],
			"rotation": {"angle": 0, "axis": "y", "origin": [-1.11433, 10.6763, 2.7114]},
			"faces": {
				"north": {"uv": [11.75, 15, 11.5, 15.5], "texture": "#7"},
				"east": {"uv": [9, 14.5, 6.25, 15], "texture": "#7"},
				"south": {"uv": [11.5, 14.5, 11.75, 15], "texture": "#7"},
				"west": {"uv": [9, 15.5, 11.75, 16], "texture": "#7"},
				"up": {"uv": [1.5, 10.25, 1.75, 7.5], "texture": "#7"},
				"down": {"uv": [1.25, 7.5, 1.5, 10.25], "texture": "#7"}
			}
		},
		{
			"name": "Voxels",
			"from": [25.24484, 1.33075, 11.09837],
			"to": [26.20336, 2.28928, 15.89095],
			"rotation": {"angle": 0, "axis": "y", "origin": [-1.11433, 10.6763, 2.7114]},
			"faces": {
				"north": {"uv": [4, 12.5, 3.5, 13], "texture": "#7"},
				"east": {"uv": [11.5, 15, 9, 15.5], "texture": "#7"},
				"south": {"uv": [4, 12.5, 4.5, 13], "texture": "#7"},
				"west": {"uv": [11.75, 15, 14.25, 15.5], "texture": "#7"},
				"up": {"uv": [0.75, 7.75, 1.25, 5.25], "texture": "#7"},
				"down": {"uv": [0, 0, 0.5, 2.5], "texture": "#7"}
			}
		},
		{
			"name": "Voxels",
			"from": [25.24484, 1.33075, 15.89105],
			"to": [25.7241, 2.28928, 16.3703],
			"rotation": {"angle": 0, "axis": "y", "origin": [-1.11433, 10.6763, 2.7114]},
			"faces": {
				"north": {"uv": [4, 11.5, 3.75, 12], "texture": "#7"},
				"east": {"uv": [4, 10, 3.75, 10.5], "texture": "#7"},
				"south": {"uv": [3.75, 11, 4, 11.5], "texture": "#7"},
				"west": {"uv": [3.75, 10.5, 4, 11], "texture": "#7"},
				"up": {"uv": [4.5, 7, 4.75, 6.75], "texture": "#7"},
				"down": {"uv": [4.5, 6.5, 4.75, 6.75], "texture": "#7"}
			}
		},
		{
			"name": "Voxels",
			"from": [25.7242, -0.10702, 5.34727],
			"to": [26.20344, 1.81001, 8.70207],
			"rotation": {"angle": 0, "axis": "y", "origin": [-1.11433, 10.6763, 2.7114]},
			"faces": {
				"north": {"uv": [3, 11, 2.75, 12], "texture": "#7"},
				"east": {"uv": [4.5, 15, 2.75, 16], "texture": "#7"},
				"south": {"uv": [2.75, 10, 3, 11], "texture": "#7"},
				"west": {"uv": [4.5, 15, 6.25, 16], "texture": "#7"},
				"up": {"uv": [1.75, 2, 2, 0.25], "texture": "#7"},
				"down": {"uv": [1.75, 2, 2, 3.75], "texture": "#7"}
			}
		},
		{
			"name": "Voxels",
			"from": [25.7242, 1.33075, -1.84162],
			"to": [26.20344, 2.28928, 2.95097],
			"rotation": {"angle": 0, "axis": "y", "origin": [-1.11433, 10.6763, 2.7114]},
			"faces": {
				"north": {"uv": [4, 9.5, 3.75, 10], "texture": "#7"},
				"east": {"uv": [14.25, 15.5, 11.75, 16], "texture": "#7"},
				"south": {"uv": [3.75, 9, 4, 9.5], "texture": "#7"},
				"west": {"uv": [9, 14.5, 11.5, 15], "texture": "#7"},
				"up": {"uv": [0.5, 2.5, 0.75, 0], "texture": "#7"},
				"down": {"uv": [1.25, 5, 1.5, 7.5], "texture": "#7"}
			}
		},
		{
			"name": "Voxels",
			"from": [25.7242, 1.80997, 2.95107],
			"to": [27.16197, 2.76849, 3.43032],
			"rotation": {"angle": 0, "axis": "y", "origin": [-1.11433, 10.6763, 2.7114]},
			"faces": {
				"north": {"uv": [15, 14.5, 14.25, 15], "texture": "#7"},
				"east": {"uv": [4, 8, 3.75, 8.5], "texture": "#7"},
				"south": {"uv": [5.5, 14.5, 6.25, 15], "texture": "#7"},
				"west": {"uv": [3.75, 8.5, 4, 9], "texture": "#7"},
				"up": {"uv": [14.25, 14.5, 15, 14.25], "texture": "#7"},
				"down": {"uv": [11, 14.25, 11.75, 14.5], "texture": "#7"}
			}
		},
		{
			"name": "Voxels",
			"from": [25.7242, 1.80997, 10.61916],
			"to": [27.16197, 2.76849, 11.09842],
			"rotation": {"angle": 0, "axis": "y", "origin": [-1.11433, 10.6763, 2.7114]},
			"faces": {
				"north": {"uv": [11.75, 13.25, 11, 13.75], "texture": "#7"},
				"east": {"uv": [4, 7, 3.75, 7.5], "texture": "#7"},
				"south": {"uv": [8.75, 13.25, 9.5, 13.75], "texture": "#7"},
				"west": {"uv": [3.75, 7.5, 4, 8], "texture": "#7"},
				"up": {"uv": [8, 12.75, 8.75, 12.5], "texture": "#7"},
				"down": {"uv": [15.25, 14, 16, 14.25], "texture": "#7"}
			}
		},
		{
			"name": "Voxels",
			"from": [25.7242, 2.28932, 0.07551],
			"to": [26.20344, 2.76859, 1.5133],
			"rotation": {"angle": 0, "axis": "y", "origin": [-1.11433, 10.6763, 2.7114]},
			"faces": {
				"north": {"uv": [4.75, 8, 4.5, 8.25], "texture": "#7"},
				"east": {"uv": [8.5, 12.25, 7.75, 12.5], "texture": "#7"},
				"south": {"uv": [4.5, 8.25, 4.75, 8.5], "texture": "#7"},
				"west": {"uv": [11.75, 12.75, 12.5, 13], "texture": "#7"},
				"up": {"uv": [3, 5.5, 3.25, 4.75], "texture": "#7"},
				"down": {"uv": [3, 5.5, 3.25, 6.25], "texture": "#7"}
			}
		},
		{
			"name": "Voxels",
			"from": [25.7242, 2.28932, 2.47172],
			"to": [27.16197, 2.76859, 2.95097],
			"rotation": {"angle": 0, "axis": "y", "origin": [-1.11433, 10.6763, 2.7114]},
			"faces": {
				"north": {"uv": [14, 12.75, 13.25, 13], "texture": "#7"},
				"east": {"uv": [4.75, 9.75, 4.5, 10], "texture": "#7"},
				"south": {"uv": [13.25, 12.5, 14, 12.75], "texture": "#7"},
				"west": {"uv": [4.5, 8.5, 4.75, 8.75], "texture": "#7"},
				"up": {"uv": [12.5, 12.75, 13.25, 12.5], "texture": "#7"},
				"down": {"uv": [12.5, 12.75, 13.25, 13], "texture": "#7"}
			}
		},
		{
			"name": "Voxels",
			"from": [25.7242, 2.28932, 11.09837],
			"to": [27.16197, 2.76859, 11.57762],
			"rotation": {"angle": 0, "axis": "y", "origin": [-1.11433, 10.6763, 2.7114]},
			"faces": {
				"north": {"uv": [4, 12.25, 3.25, 12.5], "texture": "#7"},
				"east": {"uv": [4.75, 10.25, 4.5, 10.5], "texture": "#7"},
				"south": {"uv": [4, 12.25, 4.75, 12.5], "texture": "#7"},
				"west": {"uv": [4.5, 10, 4.75, 10.25], "texture": "#7"},
				"up": {"uv": [14.75, 12.75, 15.5, 12.5], "texture": "#7"},
				"down": {"uv": [14.75, 12.75, 15.5, 13], "texture": "#7"}
			}
		},
		{
			"name": "Voxels",
			"from": [25.7242, 2.28932, 12.53615],
			"to": [26.20344, 2.76859, 13.97392],
			"rotation": {"angle": 0, "axis": "y", "origin": [-1.11433, 10.6763, 2.7114]},
			"faces": {
				"north": {"uv": [4.75, 10.5, 4.5, 10.75], "texture": "#7"},
				"east": {"uv": [6.25, 12.25, 5.5, 12.5], "texture": "#7"},
				"south": {"uv": [4.5, 10.75, 4.75, 11], "texture": "#7"},
				"west": {"uv": [4.75, 12.25, 5.5, 12.5], "texture": "#7"},
				"up": {"uv": [3, 1, 3.25, 0.25], "texture": "#7"},
				"down": {"uv": [3, 1, 3.25, 1.75], "texture": "#7"}
			}
		},
		{
			"name": "Voxels",
			"from": [26.2034, -0.58622, 5.34727],
			"to": [28.12043, -0.10697, 8.70207],
			"rotation": {"angle": 0, "axis": "y", "origin": [-1.11433, 10.6763, 2.7114]},
			"faces": {
				"north": {"uv": [8, 12.5, 7, 12.75], "texture": "#7"},
				"east": {"uv": [16, 13.75, 14.25, 14], "texture": "#7"},
				"south": {"uv": [8, 12.75, 9, 13], "texture": "#7"},
				"west": {"uv": [7, 13.5, 8.75, 13.75], "texture": "#7"},
				"up": {"uv": [0.75, 16, 1.75, 14.25], "texture": "#7"},
				"down": {"uv": [1.75, 14.25, 2.75, 16], "texture": "#7"}
			}
		},
		{
			"name": "Voxels",
			"from": [26.2034, -0.10702, 5.82662],
			"to": [28.5997, 0.37224, 6.30588],
			"rotation": {"angle": 0, "axis": "y", "origin": [-1.11433, 10.6763, 2.7114]},
			"faces": {
				"north": {"uv": [13, 13.5, 11.75, 13.75], "texture": "#7"},
				"east": {"uv": [12.5, 11.25, 12.25, 11.5], "texture": "#7"},
				"south": {"uv": [13, 13.25, 14.25, 13.5], "texture": "#7"},
				"west": {"uv": [12.5, 11.25, 12.75, 11.5], "texture": "#7"},
				"up": {"uv": [9.5, 13.5, 10.75, 13.25], "texture": "#7"},
				"down": {"uv": [13, 13.5, 14.25, 13.75], "texture": "#7"}
			}
		},
		{
			"name": "Voxels",
			"from": [26.2034, -0.10702, 7.74361],
			"to": [28.5997, 0.37224, 8.22286],
			"rotation": {"angle": 0, "axis": "y", "origin": [-1.11433, 10.6763, 2.7114]},
			"faces": {
				"north": {"uv": [4, 13, 2.75, 13.25], "texture": "#7"},
				"east": {"uv": [7.5, 11.25, 7.25, 11.5], "texture": "#7"},
				"south": {"uv": [11.75, 13.25, 13, 13.5], "texture": "#7"},
				"west": {"uv": [12, 11.25, 12.25, 11.5], "texture": "#7"},
				"up": {"uv": [14.25, 13.5, 15.5, 13.25], "texture": "#7"},
				"down": {"uv": [14.25, 13.5, 15.5, 13.75], "texture": "#7"}
			}
		},
		{
			"name": "Voxels",
			"from": [26.2034, 0.37219, 5.82662],
			"to": [26.68266, 2.28923, 6.30588],
			"rotation": {"angle": 0, "axis": "y", "origin": [-1.11433, 10.6763, 2.7114]},
			"faces": {
				"north": {"uv": [3, 8, 2.75, 9], "texture": "#7"},
				"east": {"uv": [3, 5, 2.75, 6], "texture": "#7"},
				"south": {"uv": [2.75, 7, 3, 8], "texture": "#7"},
				"west": {"uv": [2.75, 6, 3, 7], "texture": "#7"},
				"up": {"uv": [4.25, 0.25, 4.5, 0], "texture": "#7"},
				"down": {"uv": [6, 11.25, 6.25, 11.5], "texture": "#7"}
			}
		},
		{
			"name": "Voxels",
			"from": [26.2034, 0.37219, 7.74361],
			"to": [26.68266, 2.28923, 8.22286],
			"rotation": {"angle": 0, "axis": "y", "origin": [-1.11433, 10.6763, 2.7114]},
			"faces": {
				"north": {"uv": [16, 15, 15.75, 16], "texture": "#7"},
				"east": {"uv": [2.75, 6.25, 2.5, 7.25], "texture": "#7"},
				"south": {"uv": [2.25, 6.25, 2.5, 7.25], "texture": "#7"},
				"west": {"uv": [2.25, 1.25, 2.5, 2.25], "texture": "#7"},
				"up": {"uv": [4.25, 2, 4.5, 1.75], "texture": "#7"},
				"down": {"uv": [4.25, 1.5, 4.5, 1.75], "texture": "#7"}
			}
		},
		{
			"name": "Voxels",
			"from": [26.2034, 1.33075, 0.55473],
			"to": [27.16193, 2.76854, 1.03399],
			"rotation": {"angle": 0, "axis": "y", "origin": [-1.11433, 10.6763, 2.7114]},
			"faces": {
				"north": {"uv": [1.25, 0.5, 0.75, 1.25], "texture": "#7"},
				"east": {"uv": [3.5, 7.75, 3.25, 8.5], "texture": "#7"},
				"south": {"uv": [2.25, 9.5, 2.75, 10.25], "texture": "#7"},
				"west": {"uv": [3.25, 7, 3.5, 7.75], "texture": "#7"},
				"up": {"uv": [6.25, 12.25, 6.75, 12], "texture": "#7"},
				"down": {"uv": [5.75, 12, 6.25, 12.25], "texture": "#7"}
			}
		},
		{
			"name": "Voxels",
			"from": [26.2034, 1.33075, 13.0155],
			"to": [27.16193, 2.76854, 13.49475],
			"rotation": {"angle": 0, "axis": "y", "origin": [-1.11433, 10.6763, 2.7114]},
			"faces": {
				"north": {"uv": [2.75, 11, 2.25, 11.75], "texture": "#7"},
				"east": {"uv": [0.75, 6, 0.5, 6.75], "texture": "#7"},
				"south": {"uv": [2.25, 10.25, 2.75, 11], "texture": "#7"},
				"west": {"uv": [0.5, 2.5, 0.75, 3.25], "texture": "#7"},
				"up": {"uv": [7.25, 12.25, 7.75, 12], "texture": "#7"},
				"down": {"uv": [6.75, 12, 7.25, 12.25], "texture": "#7"}
			}
		},
		{
			"name": "Voxels",
			"from": [26.2034, 1.80997, 0.07551],
			"to": [27.16193, 2.28923, 0.55478],
			"rotation": {"angle": 0, "axis": "y", "origin": [-1.11433, 10.6763, 2.7114]},
			"faces": {
				"north": {"uv": [9.25, 12, 8.75, 12.25], "texture": "#7"},
				"east": {"uv": [4.5, 2.25, 4.25, 2.5], "texture": "#7"},
				"south": {"uv": [9.25, 12, 9.75, 12.25], "texture": "#7"},
				"west": {"uv": [4.25, 2, 4.5, 2.25], "texture": "#7"},
				"up": {"uv": [8.25, 12.25, 8.75, 12], "texture": "#7"},
				"down": {"uv": [7.75, 12, 8.25, 12.25], "texture": "#7"}
			}
		},
		{
			"name": "Voxels",
			"from": [26.2034, 1.80997, 1.03394],
			"to": [27.16193, 2.28923, 1.51319],
			"rotation": {"angle": 0, "axis": "y", "origin": [-1.11433, 10.6763, 2.7114]},
			"faces": {
				"north": {"uv": [11.25, 12, 10.75, 12.25], "texture": "#7"},
				"east": {"uv": [4.5, 3.25, 4.25, 3.5], "texture": "#7"},
				"south": {"uv": [11.25, 12, 11.75, 12.25], "texture": "#7"},
				"west": {"uv": [4.25, 3, 4.5, 3.25], "texture": "#7"},
				"up": {"uv": [10.25, 12.25, 10.75, 12], "texture": "#7"},
				"down": {"uv": [9.75, 12, 10.25, 12.25], "texture": "#7"}
			}
		},
		{
			"name": "Voxels",
			"from": [26.2034, 1.80997, 2.47172],
			"to": [26.68266, 2.28923, 2.95097],
			"rotation": {"angle": 0, "axis": "y", "origin": [-1.11433, 10.6763, 2.7114]},
			"faces": {
				"north": {"uv": [4.5, 4.5, 4.25, 4.75], "texture": "#7"},
				"east": {"uv": [15.75, 11.5, 15.5, 11.75], "texture": "#7"},
				"south": {"uv": [4.25, 4.75, 4.5, 5], "texture": "#7"},
				"west": {"uv": [15.75, 11.5, 16, 11.75], "texture": "#7"},
				"up": {"uv": [4.25, 4, 4.5, 3.75], "texture": "#7"},
				"down": {"uv": [4.25, 3.5, 4.5, 3.75], "texture": "#7"}
			}
		},
		{
			"name": "Voxels",
			"from": [26.2034, 1.80997, 5.34727],
			"to": [28.12043, 2.28923, 5.82652],
			"rotation": {"angle": 0, "axis": "y", "origin": [-1.11433, 10.6763, 2.7114]},
			"faces": {
				"north": {"uv": [15, 13, 14, 13.25], "texture": "#7"},
				"east": {"uv": [4.25, 0, 4, 0.25], "texture": "#7"},
				"south": {"uv": [15, 14.25, 16, 14.5], "texture": "#7"},
				"west": {"uv": [14.75, 11.5, 15, 11.75], "texture": "#7"},
				"up": {"uv": [13, 13.25, 14, 13], "texture": "#7"},
				"down": {"uv": [12, 13, 13, 13.25], "texture": "#7"}
			}
		},
		{
			"name": "Voxels",
			"from": [26.2034, 1.80997, 6.30584],
			"to": [28.12043, 2.28923, 7.74361],
			"rotation": {"angle": 0, "axis": "y", "origin": [-1.11433, 10.6763, 2.7114]},
			"faces": {
				"north": {"uv": [6, 13, 5, 13.25], "texture": "#7"},
				"east": {"uv": [13, 12.25, 12.25, 12.5], "texture": "#7"},
				"south": {"uv": [6, 13, 7, 13.25], "texture": "#7"},
				"west": {"uv": [8.25, 14.25, 9, 14.5], "texture": "#7"},
				"up": {"uv": [2.75, 15, 3.75, 14.25], "texture": "#7"},
				"down": {"uv": [4.5, 14.25, 5.5, 15], "texture": "#7"}
			}
		},
		{
			"name": "Voxels",
			"from": [26.2034, 1.80997, 8.22282],
			"to": [28.12043, 2.28923, 8.70207],
			"rotation": {"angle": 0, "axis": "y", "origin": [-1.11433, 10.6763, 2.7114]},
			"faces": {
				"north": {"uv": [10, 13, 9, 13.25], "texture": "#7"},
				"east": {"uv": [4.75, 7, 4.5, 7.25], "texture": "#7"},
				"south": {"uv": [4, 13, 5, 13.25], "texture": "#7"},
				"west": {"uv": [4.5, 7.75, 4.75, 8], "texture": "#7"},
				"up": {"uv": [8, 13.25, 9, 13], "texture": "#7"},
				"down": {"uv": [7, 13, 8, 13.25], "texture": "#7"}
			}
		},
		{
			"name": "Voxels",
			"from": [26.2034, 1.80997, 11.09837],
			"to": [26.68266, 2.28923, 11.57762],
			"rotation": {"angle": 0, "axis": "y", "origin": [-1.11433, 10.6763, 2.7114]},
			"faces": {
				"north": {"uv": [13.25, 11, 13, 11.25], "texture": "#7"},
				"east": {"uv": [8.75, 13.25, 8.5, 13.5], "texture": "#7"},
				"south": {"uv": [13.25, 11, 13.5, 11.25], "texture": "#7"},
				"west": {"uv": [1.75, 0, 2, 0.25], "texture": "#7"},
				"up": {"uv": [4.5, 5.5, 4.75, 5.25], "texture": "#7"},
				"down": {"uv": [4.5, 5.75, 4.75, 6], "texture": "#7"}
			}
		},
		{
			"name": "Voxels",
			"from": [26.2034, 1.80997, 12.53615],
			"to": [27.16193, 2.28923, 13.0154],
			"rotation": {"angle": 0, "axis": "y", "origin": [-1.11433, 10.6763, 2.7114]},
			"faces": {
				"north": {"uv": [13.75, 12, 13.25, 12.25], "texture": "#7"},
				"east": {"uv": [13, 11, 12.75, 11.25], "texture": "#7"},
				"south": {"uv": [13.75, 12, 14.25, 12.25], "texture": "#7"},
				"west": {"uv": [12.5, 11, 12.75, 11.25], "texture": "#7"},
				"up": {"uv": [12.75, 12.25, 13.25, 12], "texture": "#7"},
				"down": {"uv": [12.25, 12, 12.75, 12.25], "texture": "#7"}
			}
		},
		{
			"name": "Voxels",
			"from": [26.2034, 1.80997, 13.49471],
			"to": [27.16193, 2.28923, 13.97397],
			"rotation": {"angle": 0, "axis": "y", "origin": [-1.11433, 10.6763, 2.7114]},
			"faces": {
				"north": {"uv": [15.75, 12, 15.25, 12.25], "texture": "#7"},
				"east": {"uv": [2.25, 0, 2, 0.25], "texture": "#7"},
				"south": {"uv": [4, 11.75, 4.5, 12], "texture": "#7"},
				"west": {"uv": [10.75, 13.25, 11, 13.5], "texture": "#7"},
				"up": {"uv": [14.75, 12.25, 15.25, 12], "texture": "#7"},
				"down": {"uv": [14.25, 12, 14.75, 12.25], "texture": "#7"}
			}
		},
		{
			"name": "Voxels",
			"from": [26.68262, 0.37219, 4.38885],
			"to": [27.16187, 1.80997, 4.8681],
			"rotation": {"angle": 0, "axis": "y", "origin": [-1.11433, 10.6763, 2.7114]},
			"faces": {
				"north": {"uv": [3.25, 6.25, 3, 7], "texture": "#7"},
				"east": {"uv": [3.75, 1, 3.5, 1.75], "texture": "#7"},
				"south": {"uv": [3.25, 6.25, 3.5, 7], "texture": "#7"},
				"west": {"uv": [4.25, 14.25, 4.5, 15], "texture": "#7"},
				"up": {"uv": [15.75, 12.25, 16, 12], "texture": "#7"},
				"down": {"uv": [3.5, 0, 3.75, 0.25], "texture": "#7"}
			}
		},
		{
			"name": "Voxels",
			"from": [26.68262, 0.37219, 4.86805],
			"to": [27.64113, 1.33071, 5.82658],
			"rotation": {"angle": 0, "axis": "y", "origin": [-1.11433, 10.6763, 2.7114]},
			"faces": {
				"north": {"uv": [6, 12.5, 5.5, 13], "texture": "#7"},
				"east": {"uv": [3.5, 12.5, 3, 13], "texture": "#7"},
				"south": {"uv": [5, 12.5, 5.5, 13], "texture": "#7"},
				"west": {"uv": [4.5, 12.5, 5, 13], "texture": "#7"},
				"up": {"uv": [6, 13, 6.5, 12.5], "texture": "#7"},
				"down": {"uv": [6.5, 12.5, 7, 13], "texture": "#7"}
			}
		},
		{
			"name": "Voxels",
			"from": [26.68262, 0.37219, 8.22282],
			"to": [27.64113, 1.33071, 9.18134],
			"rotation": {"angle": 0, "axis": "y", "origin": [-1.11433, 10.6763, 2.7114]},
			"faces": {
				"north": {"uv": [11, 12.5, 10.5, 13], "texture": "#7"},
				"east": {"uv": [9.5, 12.5, 9, 13], "texture": "#7"},
				"south": {"uv": [10, 12.5, 10.5, 13], "texture": "#7"},
				"west": {"uv": [9.5, 12.5, 10, 13], "texture": "#7"},
				"up": {"uv": [2.25, 4.25, 2.75, 3.75], "texture": "#7"},
				"down": {"uv": [2.25, 2.75, 2.75, 3.25], "texture": "#7"}
			}
		},
		{
			"name": "Voxels",
			"from": [26.68262, 0.37219, 9.18139],
			"to": [27.16187, 1.80997, 9.66063],
			"rotation": {"angle": 0, "axis": "y", "origin": [-1.11433, 10.6763, 2.7114]},
			"faces": {
				"north": {"uv": [3.5, 0.25, 3.25, 1], "texture": "#7"},
				"east": {"uv": [3.5, 4, 3.25, 4.75], "texture": "#7"},
				"south": {"uv": [3.25, 1, 3.5, 1.75], "texture": "#7"},
				"west": {"uv": [3.5, 0.25, 3.75, 1], "texture": "#7"},
				"up": {"uv": [7, 11.5, 7.25, 11.25], "texture": "#7"},
				"down": {"uv": [6.25, 11.25, 6.5, 11.5], "texture": "#7"}
			}
		},
		{
			"name": "Voxels",
			"from": [26.68262, 0.85155, 3.90949],
			"to": [27.16187, 2.28932, 4.38875],
			"rotation": {"angle": 0, "axis": "y", "origin": [-1.11433, 10.6763, 2.7114]},
			"faces": {
				"north": {"uv": [3.5, 10.75, 3.25, 11.5], "texture": "#7"},
				"east": {"uv": [3.25, 2.5, 3, 3.25], "texture": "#7"},
				"south": {"uv": [3.25, 11.5, 3.5, 12.25], "texture": "#7"},
				"west": {"uv": [3, 1.75, 3.25, 2.5], "texture": "#7"},
				"up": {"uv": [4.5, 11.25, 4.75, 11], "texture": "#7"},
				"down": {"uv": [12.75, 11.25, 13, 11.5], "texture": "#7"}
			}
		},
		{
			"name": "Voxels",
			"from": [26.68262, 0.85155, 5.82662],
			"to": [28.59965, 1.81006, 6.30588],
			"rotation": {"angle": 0, "axis": "y", "origin": [-1.11433, 10.6763, 2.7114]},
			"faces": {
				"north": {"uv": [16, 14.5, 15, 15], "texture": "#7"},
				"east": {"uv": [4, 6, 3.75, 6.5], "texture": "#7"},
				"south": {"uv": [2, 13.25, 3, 13.75], "texture": "#7"},
				"west": {"uv": [3.75, 6.5, 4, 7], "texture": "#7"},
				"up": {"uv": [15, 13.25, 16, 13], "texture": "#7"},
				"down": {"uv": [7, 12.75, 8, 13], "texture": "#7"}
			}
		},
		{
			"name": "Voxels",
			"from": [26.68262, 0.85155, 7.74361],
			"to": [28.59965, 1.81006, 8.22286],
			"rotation": {"angle": 0, "axis": "y", "origin": [-1.11433, 10.6763, 2.7114]},
			"faces": {
				"north": {"uv": [6, 13.25, 5, 13.75], "texture": "#7"},
				"east": {"uv": [4, 5, 3.75, 5.5], "texture": "#7"},
				"south": {"uv": [6, 13.25, 7, 13.75], "texture": "#7"},
				"west": {"uv": [3.75, 5.5, 4, 6], "texture": "#7"},
				"up": {"uv": [10, 13.25, 11, 13], "texture": "#7"},
				"down": {"uv": [11, 13, 12, 13.25], "texture": "#7"}
			}
		},
		{
			"name": "Voxels",
			"from": [26.68262, 0.85155, 9.66059],
			"to": [27.16187, 2.28932, 10.13985],
			"rotation": {"angle": 0, "axis": "y", "origin": [-1.11433, 10.6763, 2.7114]},
			"faces": {
				"north": {"uv": [3.75, 10.75, 3.5, 11.5], "texture": "#7"},
				"east": {"uv": [3.75, 7, 3.5, 7.75], "texture": "#7"},
				"south": {"uv": [3, 7.75, 3.25, 8.5], "texture": "#7"},
				"west": {"uv": [3.5, 1.75, 3.75, 2.5], "texture": "#7"},
				"up": {"uv": [4.5, 4.5, 4.75, 4.25], "texture": "#7"},
				"down": {"uv": [4.5, 4.5, 4.75, 4.75], "texture": "#7"}
			}
		},
		{
			"name": "Voxels",
			"from": [26.68262, 1.33075, 3.43028],
			"to": [27.16187, 3.72705, 3.90954],
			"rotation": {"angle": 0, "axis": "y", "origin": [-1.11433, 10.6763, 2.7114]},
			"faces": {
				"north": {"uv": [2.25, 0.25, 2, 1.5], "texture": "#7"},
				"east": {"uv": [2.25, 7.75, 2, 9], "texture": "#7"},
				"south": {"uv": [2, 9, 2.25, 10.25], "texture": "#7"},
				"west": {"uv": [2, 2.75, 2.25, 4], "texture": "#7"},
				"up": {"uv": [4.5, 0.5, 4.75, 0.25], "texture": "#7"},
				"down": {"uv": [4.5, 0.5, 4.75, 0.75], "texture": "#7"}
			}
		},
		{
			"name": "Voxels",
			"from": [26.68262, 1.33075, 10.13995],
			"to": [27.16187, 3.72705, 10.6192],
			"rotation": {"angle": 0, "axis": "y", "origin": [-1.11433, 10.6763, 2.7114]},
			"faces": {
				"north": {"uv": [2.25, 6.5, 2, 7.75], "texture": "#7"},
				"east": {"uv": [2.25, 5.25, 2, 6.5], "texture": "#7"},
				"south": {"uv": [2, 1.5, 2.25, 2.75], "texture": "#7"},
				"west": {"uv": [2, 4, 2.25, 5.25], "texture": "#7"},
				"up": {"uv": [6.75, 11.25, 7, 11], "texture": "#7"},
				"down": {"uv": [6.5, 11, 6.75, 11.25], "texture": "#7"}
			}
		},
		{
			"name": "Voxels",
			"from": [26.68262, 1.80997, 5.82662],
			"to": [28.12039, 2.28923, 6.30588],
			"rotation": {"angle": 0, "axis": "y", "origin": [-1.11433, 10.6763, 2.7114]},
			"faces": {
				"north": {"uv": [11.5, 12.25, 10.75, 12.5], "texture": "#7"},
				"east": {"uv": [10, 11, 9.75, 11.25], "texture": "#7"},
				"south": {"uv": [11.5, 12.25, 12.25, 12.5], "texture": "#7"},
				"west": {"uv": [9.5, 11, 9.75, 11.25], "texture": "#7"},
				"up": {"uv": [9.25, 12.5, 10, 12.25], "texture": "#7"},
				"down": {"uv": [10, 12.25, 10.75, 12.5], "texture": "#7"}
			}
		},
		{
			"name": "Voxels",
			"from": [26.68262, 1.80997, 7.74361],
			"to": [28.12039, 2.28923, 8.22286],
			"rotation": {"angle": 0, "axis": "y", "origin": [-1.11433, 10.6763, 2.7114]},
			"faces": {
				"north": {"uv": [12.5, 12.5, 11.75, 12.75], "texture": "#7"},
				"east": {"uv": [12, 11, 11.75, 11.25], "texture": "#7"},
				"south": {"uv": [14, 12.75, 14.75, 13], "texture": "#7"},
				"west": {"uv": [11.5, 11, 11.75, 11.25], "texture": "#7"},
				"up": {"uv": [11, 12.75, 11.75, 12.5], "texture": "#7"},
				"down": {"uv": [11, 12.75, 11.75, 13], "texture": "#7"}
			}
		},
		{
			"name": "Voxels",
			"from": [26.68262, 2.76854, 2.47172],
			"to": [27.64113, 3.24779, 3.43023],
			"rotation": {"angle": 0, "axis": "y", "origin": [-1.11433, 10.6763, 2.7114]},
			"faces": {
				"north": {"uv": [5, 11.75, 4.5, 12], "texture": "#7"},
				"east": {"uv": [6.5, 11.75, 6, 12], "texture": "#7"},
				"south": {"uv": [5, 11.75, 5.5, 12], "texture": "#7"},
				"west": {"uv": [5.5, 11.75, 6, 12], "texture": "#7"},
				"up": {"uv": [2.25, 3.75, 2.75, 3.25], "texture": "#7"},
				"down": {"uv": [2.25, 2.25, 2.75, 2.75], "texture": "#7"}
			}
		},
		{
			"name": "Voxels",
			"from": [26.68262, 2.76854, 10.61916],
			"to": [28.12039, 3.24779, 11.09842],
			"rotation": {"angle": 0, "axis": "y", "origin": [-1.11433, 10.6763, 2.7114]},
			"faces": {
				"north": {"uv": [15.25, 12.25, 14.5, 12.5], "texture": "#7"},
				"east": {"uv": [1.75, 0.5, 1.5, 0.75], "texture": "#7"},
				"south": {"uv": [5.5, 14.25, 6.25, 14.5], "texture": "#7"},
				"west": {"uv": [1.5, 5, 1.75, 5.25], "texture": "#7"},
				"up": {"uv": [13.75, 12.5, 14.5, 12.25], "texture": "#7"},
				"down": {"uv": [13, 12.25, 13.75, 12.5], "texture": "#7"}
			}
		},
		{
			"name": "Voxels",
			"from": [26.68262, 2.76854, 11.09837],
			"to": [27.64113, 3.24779, 11.57762],
			"rotation": {"angle": 0, "axis": "y", "origin": [-1.11433, 10.6763, 2.7114]},
			"faces": {
				"north": {"uv": [8, 11.75, 7.5, 12], "texture": "#7"},
				"east": {"uv": [3.25, 0, 3, 0.25], "texture": "#7"},
				"south": {"uv": [8, 11.75, 8.5, 12], "texture": "#7"},
				"west": {"uv": [8.75, 12.5, 9, 12.75], "texture": "#7"},
				"up": {"uv": [7, 12, 7.5, 11.75], "texture": "#7"},
				"down": {"uv": [6.5, 11.75, 7, 12], "texture": "#7"}
			}
		},
		{
			"name": "Voxels",
			"from": [27.16197, 0.85155, 4.38885],
			"to": [27.64123, 1.81006, 4.8681],
			"rotation": {"angle": 0, "axis": "y", "origin": [-1.11433, 10.6763, 2.7114]},
			"faces": {
				"north": {"uv": [4, 4.5, 3.75, 5], "texture": "#7"},
				"east": {"uv": [4, 3, 3.75, 3.5], "texture": "#7"},
				"south": {"uv": [3.75, 4, 4, 4.5], "texture": "#7"},
				"west": {"uv": [3.75, 3.5, 4, 4], "texture": "#7"},
				"up": {"uv": [3.25, 0.25, 3.5, 0], "texture": "#7"},
				"down": {"uv": [15.75, 12.25, 16, 12.5], "texture": "#7"}
			}
		},
		{
			"name": "Voxels",
			"from": [27.16197, 0.85155, 9.18139],
			"to": [27.64123, 1.81006, 9.66063],
			"rotation": {"angle": 0, "axis": "y", "origin": [-1.11433, 10.6763, 2.7114]},
			"faces": {
				"north": {"uv": [4, 2.5, 3.75, 3], "texture": "#7"},
				"east": {"uv": [4, 1, 3.75, 1.5], "texture": "#7"},
				"south": {"uv": [3.75, 2, 4, 2.5], "texture": "#7"},
				"west": {"uv": [3.75, 1.5, 4, 2], "texture": "#7"},
				"up": {"uv": [15.25, 11.75, 15.5, 11.5], "texture": "#7"},
				"down": {"uv": [15, 11.5, 15.25, 11.75], "texture": "#7"}
			}
		},
		{
			"name": "Voxels",
			"from": [27.16197, 1.33075, 3.90949],
			"to": [27.64123, 2.28928, 4.38875],
			"rotation": {"angle": 0, "axis": "y", "origin": [-1.11433, 10.6763, 2.7114]},
			"faces": {
				"north": {"uv": [4, 0.5, 3.75, 1], "texture": "#7"},
				"east": {"uv": [4.25, 10.75, 4, 11.25], "texture": "#7"},
				"south": {"uv": [3.75, 0, 4, 0.5], "texture": "#7"},
				"west": {"uv": [4, 11.25, 4.25, 11.75], "texture": "#7"},
				"up": {"uv": [4.25, 4.25, 4.5, 4], "texture": "#7"},
				"down": {"uv": [4.25, 4.25, 4.5, 4.5], "texture": "#7"}
			}
		},
		{
			"name": "Voxels",
			"from": [27.16197, 1.33075, 9.66059],
			"to": [27.64123, 2.28928, 10.13985],
			"rotation": {"angle": 0, "axis": "y", "origin": [-1.11433, 10.6763, 2.7114]},
			"faces": {
				"north": {"uv": [4.25, 10.25, 4, 10.75], "texture": "#7"},
				"east": {"uv": [4.25, 8.75, 4, 9.25], "texture": "#7"},
				"south": {"uv": [4, 9.75, 4.25, 10.25], "texture": "#7"},
				"west": {"uv": [4, 9.25, 4.25, 9.75], "texture": "#7"},
				"up": {"uv": [4.25, 2.75, 4.5, 2.5], "texture": "#7"},
				"down": {"uv": [4.25, 2.75, 4.5, 3], "texture": "#7"}
			}
		},
		{
			"name": "Voxels",
			"from": [27.16197, 1.80997, 0.55473],
			"to": [27.64123, 2.28923, 1.03399],
			"rotation": {"angle": 0, "axis": "y", "origin": [-1.11433, 10.6763, 2.7114]},
			"faces": {
				"north": {"uv": [4.5, 0.75, 4.25, 1], "texture": "#7"},
				"east": {"uv": [4.75, 5.5, 4.5, 5.75], "texture": "#7"},
				"south": {"uv": [4.25, 0.5, 4.5, 0.75], "texture": "#7"},
				"west": {"uv": [4.25, 0.25, 4.5, 0.5], "texture": "#7"},
				"up": {"uv": [4.25, 1.25, 4.5, 1], "texture": "#7"},
				"down": {"uv": [4.25, 1.25, 4.5, 1.5], "texture": "#7"}
			}
		},
		{
			"name": "Voxels",
			"from": [27.16197, 1.80997, 13.0155],
			"to": [27.64123, 2.28923, 13.49475],
			"rotation": {"angle": 0, "axis": "y", "origin": [-1.11433, 10.6763, 2.7114]},
			"faces": {
				"north": {"uv": [5.25, 11.25, 5, 11.5], "texture": "#7"},
				"east": {"uv": [6, 11.25, 5.75, 11.5], "texture": "#7"},
				"south": {"uv": [5.25, 11.25, 5.5, 11.5], "texture": "#7"},
				"west": {"uv": [5.5, 11.25, 5.75, 11.5], "texture": "#7"},
				"up": {"uv": [4.75, 11.5, 5, 11.25], "texture": "#7"},
				"down": {"uv": [4.5, 11.25, 4.75, 11.5], "texture": "#7"}
			}
		},
		{
			"name": "Voxels",
			"from": [27.16197, 2.28932, 2.95107],
			"to": [27.64123, 2.76859, 3.90959],
			"rotation": {"angle": 0, "axis": "y", "origin": [-1.11433, 10.6763, 2.7114]},
			"faces": {
				"north": {"uv": [6.75, 11.25, 6.5, 11.5], "texture": "#7"},
				"east": {"uv": [10, 11.75, 9.5, 12], "texture": "#7"},
				"south": {"uv": [6.75, 11.25, 7, 11.5], "texture": "#7"},
				"west": {"uv": [9, 11.75, 9.5, 12], "texture": "#7"},
				"up": {"uv": [4, 8.25, 4.25, 7.75], "texture": "#7"},
				"down": {"uv": [4, 8.25, 4.25, 8.75], "texture": "#7"}
			}
		},
		{
			"name": "Voxels",
			"from": [27.16197, 2.28932, 10.13995],
			"to": [27.64123, 4.20636, 10.6192],
			"rotation": {"angle": 0, "axis": "y", "origin": [-1.11433, 10.6763, 2.7114]},
			"faces": {
				"north": {"uv": [2.75, 4.25, 2.5, 5.25], "texture": "#7"},
				"east": {"uv": [2.5, 5.25, 2.25, 6.25], "texture": "#7"},
				"south": {"uv": [2.25, 4.25, 2.5, 5.25], "texture": "#7"},
				"west": {"uv": [2.5, 5.25, 2.75, 6.25], "texture": "#7"},
				"up": {"uv": [7.75, 11.5, 8, 11.25], "texture": "#7"},
				"down": {"uv": [7.5, 11.25, 7.75, 11.5], "texture": "#7"}
			}
		},
		{
			"name": "Voxels",
			"from": [27.16197, 2.28932, 10.61916],
			"to": [27.64123, 2.76859, 11.09842],
			"rotation": {"angle": 0, "axis": "y", "origin": [-1.11433, 10.6763, 2.7114]},
			"faces": {
				"north": {"uv": [9.75, 11.25, 9.5, 11.5], "texture": "#7"},
				"east": {"uv": [10.5, 11.25, 10.25, 11.5], "texture": "#7"},
				"south": {"uv": [9.75, 11.25, 10, 11.5], "texture": "#7"},
				"west": {"uv": [10, 11.25, 10.25, 11.5], "texture": "#7"},
				"up": {"uv": [9.25, 11.5, 9.5, 11.25], "texture": "#7"},
				"down": {"uv": [9, 11.25, 9.25, 11.5], "texture": "#7"}
			}
		},
		{
			"name": "Voxels",
			"from": [27.16197, 2.76854, 3.43028],
			"to": [27.64123, 4.20631, 3.90954],
			"rotation": {"angle": 0, "axis": "y", "origin": [-1.11433, 10.6763, 2.7114]},
			"faces": {
				"north": {"uv": [3.25, 7, 3, 7.75], "texture": "#7"},
				"east": {"uv": [3.5, 10, 3.25, 10.75], "texture": "#7"},
				"south": {"uv": [3, 4, 3.25, 4.75], "texture": "#7"},
				"west": {"uv": [3, 3.25, 3.25, 4], "texture": "#7"},
				"up": {"uv": [10.75, 11.5, 11, 11.25], "texture": "#7"},
				"down": {"uv": [10.5, 11.25, 10.75, 11.5], "texture": "#7"}
			}
		},
		{
			"name": "Voxels",
			"from": [27.16197, 3.24774, 2.95107],
			"to": [28.12048, 3.727, 3.43032],
			"rotation": {"angle": 0, "axis": "y", "origin": [-1.11433, 10.6763, 2.7114]},
			"faces": {
				"north": {"uv": [11.5, 11.75, 11, 12], "texture": "#7"},
				"east": {"uv": [13.5, 11.25, 13.25, 11.5], "texture": "#7"},
				"south": {"uv": [11.5, 11.75, 12, 12], "texture": "#7"},
				"west": {"uv": [13, 11.25, 13.25, 11.5], "texture": "#7"},
				"up": {"uv": [10.5, 12, 11, 11.75], "texture": "#7"},
				"down": {"uv": [10, 11.75, 10.5, 12], "texture": "#7"}
			}
		},
		{
			"name": "Voxels",
			"from": [27.16197, 3.24774, 3.90949],
			"to": [27.64123, 4.68552, 4.38875],
			"rotation": {"angle": 0, "axis": "y", "origin": [-1.11433, 10.6763, 2.7114]},
			"faces": {
				"north": {"uv": [3.5, 9.25, 3.25, 10], "texture": "#7"},
				"east": {"uv": [3.5, 1.75, 3.25, 2.5], "texture": "#7"},
				"south": {"uv": [3.25, 3.25, 3.5, 4], "texture": "#7"},
				"west": {"uv": [3.25, 2.5, 3.5, 3.25], "texture": "#7"},
				"up": {"uv": [13.75, 11.5, 14, 11.25], "texture": "#7"},
				"down": {"uv": [13.5, 11.25, 13.75, 11.5], "texture": "#7"}
			}
		},
		{
			"name": "Voxels",
			"from": [27.16197, 3.24774, 9.66059],
			"to": [27.64123, 4.68552, 10.13985],
			"rotation": {"angle": 0, "axis": "y", "origin": [-1.11433, 10.6763, 2.7114]},
			"faces": {
				"north": {"uv": [3.75, 8.5, 3.5, 9.25], "texture": "#7"},
				"east": {"uv": [3.75, 9.25, 3.5, 10], "texture": "#7"},
				"south": {"uv": [3.5, 7.75, 3.75, 8.5], "texture": "#7"},
				"west": {"uv": [3.5, 10, 3.75, 10.75], "texture": "#7"},
				"up": {"uv": [15.25, 11.5, 15.5, 11.25], "texture": "#7"},
				"down": {"uv": [15, 11.25, 15.25, 11.5], "texture": "#7"}
			}
		},
		{
			"name": "Voxels",
			"from": [27.16197, 3.24774, 10.61916],
			"to": [28.12048, 3.727, 11.09842],
			"rotation": {"angle": 0, "axis": "y", "origin": [-1.11433, 10.6763, 2.7114]},
			"faces": {
				"north": {"uv": [14.5, 11.75, 14, 12], "texture": "#7"},
				"east": {"uv": [4.75, 9.25, 4.5, 9.5], "texture": "#7"},
				"south": {"uv": [14.5, 11.75, 15, 12], "texture": "#7"},
				"west": {"uv": [4.5, 9.5, 4.75, 9.75], "texture": "#7"},
				"up": {"uv": [13.5, 12, 14, 11.75], "texture": "#7"},
				"down": {"uv": [13, 11.75, 13.5, 12], "texture": "#7"}
			}
		},
		{
			"name": "Voxels",
			"from": [27.16197, 3.7271, 4.38885],
			"to": [27.64123, 4.68561, 4.8681],
			"rotation": {"angle": 0, "axis": "y", "origin": [-1.11433, 10.6763, 2.7114]},
			"faces": {
				"north": {"uv": [4.25, 7.25, 4, 7.75], "texture": "#7"},
				"east": {"uv": [4.25, 5.75, 4, 6.25], "texture": "#7"},
				"south": {"uv": [4, 6.75, 4.25, 7.25], "texture": "#7"},
				"west": {"uv": [4, 6.25, 4.25, 6.75], "texture": "#7"},
				"up": {"uv": [4.5, 9, 4.75, 8.75], "texture": "#7"},
				"down": {"uv": [4.5, 9, 4.75, 9.25], "texture": "#7"}
			}
		},
		{
			"name": "Voxels",
			"from": [27.16197, 3.7271, 9.18139],
			"to": [27.64123, 4.68561, 9.66063],
			"rotation": {"angle": 0, "axis": "y", "origin": [-1.11433, 10.6763, 2.7114]},
			"faces": {
				"north": {"uv": [4.25, 5.25, 4, 5.75], "texture": "#7"},
				"east": {"uv": [4.25, 3.75, 4, 4.25], "texture": "#7"},
				"south": {"uv": [4, 4.75, 4.25, 5.25], "texture": "#7"},
				"west": {"uv": [4, 4.25, 4.25, 4.75], "texture": "#7"},
				"up": {"uv": [4.5, 7.5, 4.75, 7.25], "texture": "#7"},
				"down": {"uv": [4.5, 7.5, 4.75, 7.75], "texture": "#7"}
			}
		},
		{
			"name": "Voxels",
			"from": [27.64118, 0.37219, 5.82662],
			"to": [28.5997, 0.85145, 6.30588],
			"rotation": {"angle": 0, "axis": "y", "origin": [-1.11433, 10.6763, 2.7114]},
			"faces": {
				"north": {"uv": [9, 11.75, 8.5, 12], "texture": "#7"},
				"east": {"uv": [4.75, 4.75, 4.5, 5], "texture": "#7"},
				"south": {"uv": [4.25, 11.5, 4.75, 11.75], "texture": "#7"},
				"west": {"uv": [4.5, 5, 4.75, 5.25], "texture": "#7"},
				"up": {"uv": [15.5, 12, 16, 11.75], "texture": "#7"},
				"down": {"uv": [15, 11.75, 15.5, 12], "texture": "#7"}
			}
		},
		{
			"name": "Voxels",
			"from": [27.64118, 0.37219, 7.74361],
			"to": [28.5997, 0.85145, 8.22286],
			"rotation": {"angle": 0, "axis": "y", "origin": [-1.11433, 10.6763, 2.7114]},
			"faces": {
				"north": {"uv": [6.25, 11.5, 5.75, 11.75], "texture": "#7"},
				"east": {"uv": [4.75, 3.25, 4.5, 3.5], "texture": "#7"},
				"south": {"uv": [6.25, 11.5, 6.75, 11.75], "texture": "#7"},
				"west": {"uv": [4.5, 3.5, 4.75, 3.75], "texture": "#7"},
				"up": {"uv": [5.25, 11.75, 5.75, 11.5], "texture": "#7"},
				"down": {"uv": [4.75, 11.5, 5.25, 11.75], "texture": "#7"}
			}
		},
		{
			"name": "Voxels",
			"from": [27.64118, 2.76854, 2.95107],
			"to": [28.12043, 3.24779, 3.43032],
			"rotation": {"angle": 0, "axis": "y", "origin": [-1.11433, 10.6763, 2.7114]},
			"faces": {
				"north": {"uv": [4.75, 2.5, 4.5, 2.75], "texture": "#7"},
				"east": {"uv": [4.75, 1.75, 4.5, 2], "texture": "#7"},
				"south": {"uv": [4.5, 2.25, 4.75, 2.5], "texture": "#7"},
				"west": {"uv": [4.5, 2, 4.75, 2.25], "texture": "#7"},
				"up": {"uv": [4.5, 3, 4.75, 2.75], "texture": "#7"},
				"down": {"uv": [4.5, 3, 4.75, 3.25], "texture": "#7"}
			}
		},
		{
			"name": "Voxels",
			"from": [27.64118, 3.24774, 3.43028],
			"to": [28.12043, 4.20627, 3.90954],
			"rotation": {"angle": 0, "axis": "y", "origin": [-1.11433, 10.6763, 2.7114]},
			"faces": {
				"north": {"uv": [4.25, 3.25, 4, 3.75], "texture": "#7"},
				"east": {"uv": [4.25, 1.75, 4, 2.25], "texture": "#7"},
				"south": {"uv": [4, 2.75, 4.25, 3.25], "texture": "#7"},
				"west": {"uv": [4, 2.25, 4.25, 2.75], "texture": "#7"},
				"up": {"uv": [4.5, 1.5, 4.75, 1.25], "texture": "#7"},
				"down": {"uv": [4.5, 1.5, 4.75, 1.75], "texture": "#7"}
			}
		},
		{
			"name": "Voxels",
			"from": [27.64118, 3.24774, 10.13995],
			"to": [28.12043, 4.20627, 10.6192],
			"rotation": {"angle": 0, "axis": "y", "origin": [-1.11433, 10.6763, 2.7114]},
			"faces": {
				"north": {"uv": [4.25, 1.25, 4, 1.75], "texture": "#7"},
				"east": {"uv": [4.5, 11, 4.25, 11.5], "texture": "#7"},
				"south": {"uv": [4, 0.75, 4.25, 1.25], "texture": "#7"},
				"west": {"uv": [4, 0.25, 4.25, 0.75], "texture": "#7"},
				"up": {"uv": [4.75, 11.25, 5, 11], "texture": "#7"},
				"down": {"uv": [4.5, 0, 4.75, 0.25], "texture": "#7"}
			}
		},
		{
			"name": "Voxels",
			"from": [27.64118, 3.7271, 3.90949],
			"to": [28.12043, 4.68561, 4.38875],
			"rotation": {"angle": 0, "axis": "y", "origin": [-1.11433, 10.6763, 2.7114]},
			"faces": {
				"north": {"uv": [4.5, 10.5, 4.25, 11], "texture": "#7"},
				"east": {"uv": [4.5, 9, 4.25, 9.5], "texture": "#7"},
				"south": {"uv": [4.25, 10, 4.5, 10.5], "texture": "#7"},
				"west": {"uv": [4.25, 9.5, 4.5, 10], "texture": "#7"},
				"up": {"uv": [6.25, 11.25, 6.5, 11], "texture": "#7"},
				"down": {"uv": [6, 11, 6.25, 11.25], "texture": "#7"}
			}
		},
		{
			"name": "Voxels",
			"from": [27.64118, 3.7271, 9.66059],
			"to": [28.12043, 4.68561, 10.13985],
			"rotation": {"angle": 0, "axis": "y", "origin": [-1.11433, 10.6763, 2.7114]},
			"faces": {
				"north": {"uv": [4.5, 8.5, 4.25, 9], "texture": "#7"},
				"east": {"uv": [4.5, 7, 4.25, 7.5], "texture": "#7"},
				"south": {"uv": [4.25, 8, 4.5, 8.5], "texture": "#7"},
				"west": {"uv": [4.25, 7.5, 4.5, 8], "texture": "#7"},
				"up": {"uv": [7.75, 11.25, 8, 11], "texture": "#7"},
				"down": {"uv": [7.5, 11, 7.75, 11.25], "texture": "#7"}
			}
		},
		{
			"name": "Voxels",
			"from": [27.64118, 4.20631, 4.38885],
			"to": [28.12043, 5.16483, 9.6607],
			"rotation": {"angle": 0, "axis": "y", "origin": [-1.11433, 10.6763, 2.7114]},
			"faces": {
				"north": {"uv": [4.5, 6.5, 4.25, 7], "texture": "#7"},
				"east": {"uv": [9, 15.5, 6.25, 16], "texture": "#7"},
				"south": {"uv": [4.25, 6, 4.5, 6.5], "texture": "#7"},
				"west": {"uv": [6.25, 15, 9, 15.5], "texture": "#7"},
				"up": {"uv": [0.5, 9.5, 0.75, 6.75], "texture": "#7"},
				"down": {"uv": [0.5, 3.25, 0.75, 6], "texture": "#7"}
			}
		},
		{
			"name": "Voxels",
			"from": [28.12039, -0.10702, 5.34727],
			"to": [28.59965, 1.81001, 5.82652],
			"rotation": {"angle": 0, "axis": "y", "origin": [-1.11433, 10.6763, 2.7114]},
			"faces": {
				"north": {"uv": [3, 4, 2.75, 5], "texture": "#7"},
				"east": {"uv": [3, 1, 2.75, 2], "texture": "#7"},
				"south": {"uv": [2.75, 3, 3, 4], "texture": "#7"},
				"west": {"uv": [2.75, 2, 3, 3], "texture": "#7"},
				"up": {"uv": [10.75, 11.25, 11, 11], "texture": "#7"},
				"down": {"uv": [10.5, 11, 10.75, 11.25], "texture": "#7"}
			}
		},
		{
			"name": "Voxels",
			"from": [28.12039, -0.10702, 6.30584],
			"to": [28.59965, 1.81001, 7.74361],
			"rotation": {"angle": 0, "axis": "y", "origin": [-1.11433, 10.6763, 2.7114]},
			"faces": {
				"north": {"uv": [3, 0, 2.75, 1], "texture": "#7"},
				"east": {"uv": [15.75, 15, 15, 16], "texture": "#7"},
				"south": {"uv": [3, 11.5, 3.25, 12.5], "texture": "#7"},
				"west": {"uv": [14.25, 15, 15, 16], "texture": "#7"},
				"up": {"uv": [3.5, 3.25, 3.75, 2.5], "texture": "#7"},
				"down": {"uv": [3.5, 3.25, 3.75, 4], "texture": "#7"}
			}
		},
		{
			"name": "Voxels",
			"from": [28.12039, -0.10702, 8.22282],
			"to": [28.59965, 1.81001, 8.70207],
			"rotation": {"angle": 0, "axis": "y", "origin": [-1.11433, 10.6763, 2.7114]},
			"faces": {
				"north": {"uv": [3.25, 10.5, 3, 11.5], "texture": "#7"},
				"east": {"uv": [3, 9, 2.75, 10], "texture": "#7"},
				"south": {"uv": [3, 9.5, 3.25, 10.5], "texture": "#7"},
				"west": {"uv": [3, 8.5, 3.25, 9.5], "texture": "#7"},
				"up": {"uv": [13.75, 11.25, 14, 11], "texture": "#7"},
				"down": {"uv": [13.5, 11, 13.75, 11.25], "texture": "#7"}
			}
		}
	],
	"display": {
		"thirdperson_righthand": {
			"scale": [0.25, 0.25, 0.25]
		},
		"thirdperson_lefthand": {
			"scale": [0.25, 0.25, 0.25]
		},
		"firstperson_righthand": {
			"rotation": [0, 50, 0],
			"translation": [0, 5, -2],
			"scale": [0.3, 0.3, 0.3]
		},
		"firstperson_lefthand": {
			"rotation": [0, -130, 0],
			"translation": [0, 5, -2],
			"scale": [0.3, 0.3, 0.3]
		},
		"ground": {
			"translation": [0, 10, 0],
			"scale": [1.26, 1.26, 1.26]
		},
		"gui": {
			"rotation": [30, -60, 0],
			"translation": [-1, 2.5, 0],
			"scale": [0.45, 0.45, 0.45]
		},
		"head": {
			"rotation": [0, 90, 0],
			"translation": [2.75, -12.5, -7.75],
			"scale": [2.8, 2.8, 2.8]
		},
		"fixed": {
			"rotation": [-17, 90, 0],
			"translation": [1, 9, 11.5],
			"scale": [0.8, 0.8, 0.8]
		}
	},
	"groups": [
		{
			"name": "bollar_bumper_gray",
			"origin": [8, 8, 8],
			"children": [
				{
					"name": "bollar_bumper_gray",
					"origin": [8, 8, 8],
					"children": [0, 1, 2, 3, 4, 5, 6, 7, 8, 9, 10, 11, 12, 13, 14, 15, 16, 17, 18, 19, 20, 21, 22, 23, 24, 25, 26, 27, 28, 29, 30, 31, 32, 33, 34, 35, 36, 37, 38, 39, 40, 41, 42, 43, 44, 45, 46, 47, 48, 49, 50, 51, 52, 53, 54, 55, 56, 57, 58, 59, 60, 61, 62, 63, 64, 65, 66, 67, 68, 69, 70, 71, 72, 73, 74, 75, 76, 77, 78, 79, 80, 81, 82, 83, 84, 85, 86, 87, 88, 89, 90]
				}
			]
		}
	]
}