{
	"credit": "Made with Blockbench",
	"textures": {
		"5": "custom/addons/bollar_window_gray"
	},
	"elements": [
		{
			"name": "Voxels",
			"from": [12.77318, 11.8471, -0.03704],
			"to": [13.26119, 13.31113, 14.11519],
			"rotation": {"angle": 0, "axis": "y", "origin": [13.01719, 10.87107, 3.86699]},
			"faces": {
				"north": {"uv": [8, 15.25, 7.75, 16], "texture": "#5"},
				"east": {"uv": [7.25, 13, 0, 13.75], "texture": "#5"},
				"south": {"uv": [7.25, 14.5, 7.5, 15.25], "texture": "#5"},
				"west": {"uv": [0, 13.75, 7.25, 14.5], "texture": "#5"},
				"up": {"uv": [0.75, 10, 1, 2.75], "texture": "#5"},
				"down": {"uv": [0.5, 2.75, 0.75, 10], "texture": "#5"}
			}
		},
		{
			"name": "Voxels",
			"from": [13.26119, 10.38306, -0.03704],
			"to": [13.7492, 11.84708, 14.11519],
			"rotation": {"angle": 0, "axis": "y", "origin": [13.01719, 10.87107, 3.86699]},
			"faces": {
				"north": {"uv": [7.5, 15.25, 7.25, 16], "texture": "#5"},
				"east": {"uv": [7.25, 14.5, 0, 15.25], "texture": "#5"},
				"south": {"uv": [7.5, 15.25, 7.75, 16], "texture": "#5"},
				"west": {"uv": [0, 15.25, 7.25, 16], "texture": "#5"},
				"up": {"uv": [0.25, 10, 0.5, 2.75], "texture": "#5"},
				"down": {"uv": [1, 2.75, 1.25, 10], "texture": "#5"}
			}
		},
		{
			"name": "Voxels",
			"from": [13.74921, 8.91901, -0.03704],
			"to": [14.23722, 10.38304, 14.11519],
			"rotation": {"angle": 0, "axis": "y", "origin": [13.01719, 10.87107, 3.86699]},
			"faces": {
				"north": {"uv": [7.75, 14.5, 7.5, 15.25], "texture": "#5"},
				"east": {"uv": [7.25, 11.5, 0, 12.25], "texture": "#5"},
				"south": {"uv": [7.75, 14.5, 8, 15.25], "texture": "#5"},
				"west": {"uv": [0, 12.25, 7.25, 13], "texture": "#5"},
				"up": {"uv": [1.25, 10, 1.5, 2.75], "texture": "#5"},
				"down": {"uv": [0, 2.75, 0.25, 10], "texture": "#5"}
			}
		},
		{
			"name": "Voxels",
			"from": [14.23722, 7.45505, -0.03704],
			"to": [14.72523, 8.91908, 14.11519],
			"rotation": {"angle": 0, "axis": "y", "origin": [13.01719, 10.87107, 3.86699]},
			"faces": {
				"north": {"uv": [7.5, 13.75, 7.25, 14.5], "texture": "#5"},
				"east": {"uv": [7.25, 10, 0, 10.75], "texture": "#5"},
				"south": {"uv": [7.5, 13.75, 7.75, 14.5], "texture": "#5"},
				"west": {"uv": [0, 10.75, 7.25, 11.5], "texture": "#5"},
				"up": {"uv": [1.75, 10, 2, 2.75], "texture": "#5"},
				"down": {"uv": [1.5, 2.75, 1.75, 10], "texture": "#5"}
			}
		}
	],
	"display": {
		"thirdperson_righthand": {
			"translation": [-3.25, 0, 0],
			"scale": [0.55, 0.55, 0.55]
		},
		"thirdperson_lefthand": {
			"translation": [3.75, 0, 0],
			"scale": [0.55, 0.55, 0.55]
		},
		"firstperson_righthand": {
			"rotation": [0, 50, 0],
			"translation": [0, -0.75, -2],
			"scale": [0.7, 0.7, 0.7]
		},
		"firstperson_lefthand": {
			"rotation": [0, -130, 0],
			"translation": [0, 0.75, -2],
			"scale": [0.7, 0.7, 0.7]
		},
		"ground": {
			"translation": [-14.5, 0.25, 0],
			"scale": [2.38, 2.38, 2.38]
		},
		"gui": {
			"rotation": [30, -60, 0],
			"translation": [-3.75, 0.5, 0]
		},
		"head": {
			"rotation": [0, 90, 0],
			"translation": [2.75, -12.5, -7.75],
			"scale": [2.8, 2.8, 2.8]
		},
		"fixed": {
			"rotation": [-17, 90, 0],
			"translation": [1, -0.5, 6.75],
			"scale": [1.19, 1.19, 1.19]
		}
	},
	"groups": [
		{
			"name": "bollar_window_gray",
			"origin": [8, 8, 8],
			"children": [0, 1, 2, 3]
		}
	]
}