{
	"credit": "Made with Blockbench",
	"textures": {
		"0": "custom/addons/canary_bodykit_back_gray",
		"particle": "custom/addons/canary_bodykit_back_gray"
	},
	"elements": [
		{
			"name": "Voxels",
			"from": [-8.90739, 0.7979, 1.44453],
			"to": [-7.35756, 1.18536, 3.38181],
			"rotation": {"angle": 0, "axis": "y", "origin": [-4.83906, 9.51566, 7.83758]},
			"faces": {
				"north": {"uv": [6.75, 12, 5.75, 12.25], "texture": "#0"},
				"east": {"uv": [5, 8.5, 3.75, 8.75], "texture": "#0"},
				"south": {"uv": [5.75, 11.75, 6.75, 12], "texture": "#0"},
				"west": {"uv": [3.75, 8.25, 5, 8.5], "texture": "#0"},
				"up": {"uv": [0.75, 14.75, 1.75, 13.5], "texture": "#0"},
				"down": {"uv": [0.75, 14.75, 1.75, 16], "texture": "#0"}
			}
		},
		{
			"name": "Voxels",
			"from": [-8.90739, 0.7979, 3.3818],
			"to": [-7.74502, 1.18536, 4.93162],
			"rotation": {"angle": 0, "axis": "y", "origin": [-4.83906, 9.51566, 7.83758]},
			"faces": {
				"north": {"uv": [5.5, 10.25, 4.75, 10.5], "texture": "#0"},
				"east": {"uv": [6.75, 11, 5.75, 11.25], "texture": "#0"},
				"south": {"uv": [4.75, 11.5, 5.5, 11.75], "texture": "#0"},
				"west": {"uv": [5.75, 11.5, 6.75, 11.75], "texture": "#0"},
				"up": {"uv": [0, 10.5, 0.75, 9.5], "texture": "#0"},
				"down": {"uv": [0, 10.5, 0.75, 11.5], "texture": "#0"}
			}
		},
		{
			"name": "Voxels",
			"from": [-8.90739, 0.7979, 9.96864],
			"to": [-7.74502, 1.18536, 13.45574],
			"rotation": {"angle": 0, "axis": "y", "origin": [-4.83906, 9.51566, 7.83758]},
			"faces": {
				"north": {"uv": [5.5, 11.75, 4.75, 12], "texture": "#0"},
				"east": {"uv": [5.5, 15.5, 3.25, 15.75], "texture": "#0"},
				"south": {"uv": [4.75, 9.5, 5.5, 9.75], "texture": "#0"},
				"west": {"uv": [3.25, 15.75, 5.5, 16], "texture": "#0"},
				"up": {"uv": [0, 13.75, 0.75, 11.5], "texture": "#0"},
				"down": {"uv": [0, 13.75, 0.75, 16], "texture": "#0"}
			}
		},
		{
			"name": "Voxels",
			"from": [-8.90739, 1.18535, 2.60689],
			"to": [-8.51993, 1.96026, 2.99435],
			"rotation": {"angle": 0, "axis": "y", "origin": [-4.83906, 9.51566, 7.83758]},
			"faces": {
				"north": {"uv": [8.5, 14.75, 8.25, 15.25], "texture": "#0"},
				"east": {"uv": [8.5, 9.75, 8.25, 10.25], "texture": "#0"},
				"south": {"uv": [8.25, 10.75, 8.5, 11.25], "texture": "#0"},
				"west": {"uv": [8.25, 10.25, 8.5, 10.75], "texture": "#0"},
				"up": {"uv": [9.25, 15.25, 9.5, 15], "texture": "#0"},
				"down": {"uv": [10, 15, 10.25, 15.25], "texture": "#0"}
			}
		},
		{
			"name": "Voxels",
			"from": [-8.90739, 1.18535, 11.9059],
			"to": [-8.51993, 1.96026, 12.29336],
			"rotation": {"angle": 0, "axis": "y", "origin": [-4.83906, 9.51566, 7.83758]},
			"faces": {
				"north": {"uv": [8.5, 9.25, 8.25, 9.75], "texture": "#0"},
				"east": {"uv": [8.75, 14.75, 8.5, 15.25], "texture": "#0"},
				"south": {"uv": [8.25, 8.75, 8.5, 9.25], "texture": "#0"},
				"west": {"uv": [8.25, 8.25, 8.5, 8.75], "texture": "#0"},
				"up": {"uv": [8.75, 15.25, 9, 15], "texture": "#0"},
				"down": {"uv": [9, 15, 9.25, 15.25], "texture": "#0"}
			}
		},
		{
			"name": "Voxels",
			"from": [-8.51993, 0.7979, 0.66963],
			"to": [-7.35757, 1.18536, 1.44454],
			"rotation": {"angle": 0, "axis": "y", "origin": [-4.83906, 9.51566, 7.83758]},
			"faces": {
				"north": {"uv": [8.25, 12.75, 7.5, 13], "texture": "#0"},
				"east": {"uv": [12.25, 15.25, 11.75, 15.5], "texture": "#0"},
				"south": {"uv": [7.5, 13, 8.25, 13.25], "texture": "#0"},
				"west": {"uv": [11.25, 15.25, 11.75, 15.5], "texture": "#0"},
				"up": {"uv": [0.75, 10.5, 1.5, 10], "texture": "#0"},
				"down": {"uv": [0.75, 10.5, 1.5, 11], "texture": "#0"}
			}
		},
		{
			"name": "Voxels",
			"from": [-8.51993, 0.7979, 4.93161],
			"to": [-7.74502, 1.18536, 5.31907],
			"rotation": {"angle": 0, "axis": "y", "origin": [-4.83906, 9.51566, 7.83758]},
			"faces": {
				"north": {"uv": [13.75, 15.25, 13.25, 15.5], "texture": "#0"},
				"east": {"uv": [8.75, 8.75, 8.5, 9], "texture": "#0"},
				"south": {"uv": [13.75, 15.25, 14.25, 15.5], "texture": "#0"},
				"west": {"uv": [8.5, 8, 8.75, 8.25], "texture": "#0"},
				"up": {"uv": [12.75, 15.5, 13.25, 15.25], "texture": "#0"},
				"down": {"uv": [12.25, 15.25, 12.75, 15.5], "texture": "#0"}
			}
		},
		{
			"name": "Voxels",
			"from": [-8.51993, 0.7979, 9.58119],
			"to": [-7.74502, 1.18536, 9.96864],
			"rotation": {"angle": 0, "axis": "y", "origin": [-4.83906, 9.51566, 7.83758]},
			"faces": {
				"north": {"uv": [15.25, 15.25, 14.75, 15.5], "texture": "#0"},
				"east": {"uv": [8.75, 9.25, 8.5, 9.5], "texture": "#0"},
				"south": {"uv": [5, 13.25, 5.5, 13.5], "texture": "#0"},
				"west": {"uv": [8.5, 9, 8.75, 9.25], "texture": "#0"},
				"up": {"uv": [14.25, 15.5, 14.75, 15.25], "texture": "#0"},
				"down": {"uv": [10.75, 15.25, 11.25, 15.5], "texture": "#0"}
			}
		},
		{
			"name": "Voxels",
			"from": [-8.51993, 0.7979, 13.45572],
			"to": [-7.35757, 1.18536, 14.23062],
			"rotation": {"angle": 0, "axis": "y", "origin": [-4.83906, 9.51566, 7.83758]},
			"faces": {
				"north": {"uv": [8.25, 15.5, 7.5, 15.75], "texture": "#0"},
				"east": {"uv": [5.5, 12.75, 5, 13], "texture": "#0"},
				"south": {"uv": [4.75, 10, 5.5, 10.25], "texture": "#0"},
				"west": {"uv": [5, 13, 5.5, 13.25], "texture": "#0"},
				"up": {"uv": [0.75, 8.75, 1.5, 8.25], "texture": "#0"},
				"down": {"uv": [0.75, 8.75, 1.5, 9.25], "texture": "#0"}
			}
		},
		{
			"name": "Voxels",
			"from": [-8.51993, 1.18535, 5.31906],
			"to": [-8.13248, 2.73518, 5.70652],
			"rotation": {"angle": 0, "axis": "y", "origin": [-4.83906, 9.51566, 7.83758]},
			"faces": {
				"north": {"uv": [6.25, 9.75, 6, 10.75], "texture": "#0"},
				"east": {"uv": [7, 9.75, 6.75, 10.75], "texture": "#0"},
				"south": {"uv": [6.25, 9.75, 6.5, 10.75], "texture": "#0"},
				"west": {"uv": [6.5, 9.75, 6.75, 10.75], "texture": "#0"},
				"up": {"uv": [8.5, 13.5, 8.75, 13.25], "texture": "#0"},
				"down": {"uv": [8.5, 9.5, 8.75, 9.75], "texture": "#0"}
			}
		},
		{
			"name": "Voxels",
			"from": [-8.51993, 1.18535, 9.19373],
			"to": [-8.13248, 2.73518, 9.58119],
			"rotation": {"angle": 0, "axis": "y", "origin": [-4.83906, 9.51566, 7.83758]},
			"faces": {
				"north": {"uv": [6, 8.75, 5.75, 9.75], "texture": "#0"},
				"east": {"uv": [6.75, 8.75, 6.5, 9.75], "texture": "#0"},
				"south": {"uv": [6, 8.75, 6.25, 9.75], "texture": "#0"},
				"west": {"uv": [6.25, 8.75, 6.5, 9.75], "texture": "#0"},
				"up": {"uv": [8.5, 14, 8.75, 13.75], "texture": "#0"},
				"down": {"uv": [8.5, 13.5, 8.75, 13.75], "texture": "#0"}
			}
		},
		{
			"name": "Voxels",
			"from": [-8.51993, 1.57281, 2.99434],
			"to": [-8.13248, 2.73517, 5.31908],
			"rotation": {"angle": 0, "axis": "y", "origin": [-4.83906, 9.51566, 7.83758]},
			"faces": {
				"north": {"uv": [7.25, 11.75, 7, 12.5], "texture": "#0"},
				"east": {"uv": [3.25, 13.75, 1.75, 14.5], "texture": "#0"},
				"south": {"uv": [7, 12.5, 7.25, 13.25], "texture": "#0"},
				"west": {"uv": [1.75, 13, 3.25, 13.75], "texture": "#0"},
				"up": {"uv": [3, 9.5, 3.25, 8], "texture": "#0"},
				"down": {"uv": [2.75, 8, 3, 9.5], "texture": "#0"}
			}
		},
		{
			"name": "Voxels",
			"from": [-8.51993, 1.57281, 9.58119],
			"to": [-8.13248, 2.73517, 11.90592],
			"rotation": {"angle": 0, "axis": "y", "origin": [-4.83906, 9.51566, 7.83758]},
			"faces": {
				"north": {"uv": [7.25, 14, 7, 14.75], "texture": "#0"},
				"east": {"uv": [3.25, 14.5, 1.75, 15.25], "texture": "#0"},
				"south": {"uv": [7.25, 14.75, 7.5, 15.5], "texture": "#0"},
				"west": {"uv": [1.75, 15.25, 3.25, 16], "texture": "#0"},
				"up": {"uv": [2.5, 9.5, 2.75, 8], "texture": "#0"},
				"down": {"uv": [2.25, 8, 2.5, 9.5], "texture": "#0"}
			}
		},
		{
			"name": "Voxels",
			"from": [-8.51993, 1.96026, 2.60689],
			"to": [-7.74502, 2.34772, 2.99435],
			"rotation": {"angle": 0, "axis": "y", "origin": [-4.83906, 9.51566, 7.83758]},
			"faces": {
				"north": {"uv": [5.5, 8.5, 5, 8.75], "texture": "#0"},
				"east": {"uv": [15.75, 15.25, 15.5, 15.5], "texture": "#0"},
				"south": {"uv": [6.5, 14.5, 7, 14.75], "texture": "#0"},
				"west": {"uv": [8.5, 14, 8.75, 14.25], "texture": "#0"},
				"up": {"uv": [5, 9, 5.5, 8.75], "texture": "#0"},
				"down": {"uv": [5, 12.5, 5.5, 12.75], "texture": "#0"}
			}
		},
		{
			"name": "Voxels",
			"from": [-8.51993, 1.96026, 5.70652],
			"to": [-8.13248, 2.73517, 6.48143],
			"rotation": {"angle": 0, "axis": "y", "origin": [-4.83906, 9.51566, 7.83758]},
			"faces": {
				"north": {"uv": [1.75, 8.75, 1.5, 9.25], "texture": "#0"},
				"east": {"uv": [6.5, 8, 6, 8.5], "texture": "#0"},
				"south": {"uv": [1.5, 8.25, 1.75, 8.75], "texture": "#0"},
				"west": {"uv": [5, 8, 5.5, 8.5], "texture": "#0"},
				"up": {"uv": [1.5, 10.5, 1.75, 10], "texture": "#0"},
				"down": {"uv": [1.5, 10.5, 1.75, 11], "texture": "#0"}
			}
		},
		{
			"name": "Voxels",
			"from": [-8.51993, 1.96026, 8.41883],
			"to": [-8.13248, 2.73517, 9.19374],
			"rotation": {"angle": 0, "axis": "y", "origin": [-4.83906, 9.51566, 7.83758]},
			"faces": {
				"north": {"uv": [3.25, 10.5, 3, 11], "texture": "#0"},
				"east": {"uv": [7.5, 15.5, 7, 16], "texture": "#0"},
				"south": {"uv": [5.5, 8, 5.75, 8.5], "texture": "#0"},
				"west": {"uv": [6.5, 8, 7, 8.5], "texture": "#0"},
				"up": {"uv": [3, 11.5, 3.25, 11], "texture": "#0"},
				"down": {"uv": [8.5, 14.25, 8.75, 14.75], "texture": "#0"}
			}
		},
		{
			"name": "Voxels",
			"from": [-8.51993, 1.96026, 11.9059],
			"to": [-7.74502, 2.34772, 12.29336],
			"rotation": {"angle": 0, "axis": "y", "origin": [-4.83906, 9.51566, 7.83758]},
			"faces": {
				"north": {"uv": [7.5, 8.75, 7, 9], "texture": "#0"},
				"east": {"uv": [8.25, 8, 8, 8.25], "texture": "#0"},
				"south": {"uv": [7, 8.5, 7.5, 8.75], "texture": "#0"},
				"west": {"uv": [15.75, 15.5, 16, 15.75], "texture": "#0"},
				"up": {"uv": [7, 9.25, 7.5, 9], "texture": "#0"},
				"down": {"uv": [7, 9.25, 7.5, 9.5], "texture": "#0"}
			}
		},
		{
			"name": "Voxels",
			"from": [-8.51993, 2.34771, 6.48142],
			"to": [-8.13248, 2.73517, 8.4187],
			"rotation": {"angle": 0, "axis": "y", "origin": [-4.83906, 9.51566, 7.83758]},
			"faces": {
				"north": {"uv": [8.25, 8.25, 8, 8.5], "texture": "#0"},
				"east": {"uv": [5, 8.75, 3.75, 9], "texture": "#0"},
				"south": {"uv": [8, 8.5, 8.25, 8.75], "texture": "#0"},
				"west": {"uv": [5.75, 14.25, 7, 14.5], "texture": "#0"},
				"up": {"uv": [5.5, 16, 5.75, 14.75], "texture": "#0"},
				"down": {"uv": [5.75, 14.5, 6, 15.75], "texture": "#0"}
			}
		},
		{
			"name": "Voxels",
			"from": [-8.13248, 0.7979, 0.28217],
			"to": [-6.97011, 1.18536, 0.66963],
			"rotation": {"angle": 0, "axis": "y", "origin": [-4.83906, 9.51566, 7.83758]},
			"faces": {
				"north": {"uv": [8.25, 13.5, 7.5, 13.75], "texture": "#0"},
				"east": {"uv": [8.25, 9, 8, 9.25], "texture": "#0"},
				"south": {"uv": [7.5, 13.25, 8.25, 13.5], "texture": "#0"},
				"west": {"uv": [8, 8.75, 8.25, 9], "texture": "#0"},
				"up": {"uv": [7.5, 14, 8.25, 13.75], "texture": "#0"},
				"down": {"uv": [7.5, 14, 8.25, 14.25], "texture": "#0"}
			}
		},
		{
			"name": "Voxels",
			"from": [-8.13248, 0.7979, 5.31906],
			"to": [-7.74503, 1.18536, 5.70652],
			"rotation": {"angle": 0, "axis": "y", "origin": [-4.83906, 9.51566, 7.83758]},
			"faces": {
				"north": {"uv": [8.25, 10.25, 8, 10.5], "texture": "#0"},
				"east": {"uv": [9.75, 14.75, 9.5, 15], "texture": "#0"},
				"south": {"uv": [8, 10.5, 8.25, 10.75], "texture": "#0"},
				"west": {"uv": [9.75, 14.75, 10, 15], "texture": "#0"},
				"up": {"uv": [8, 10.25, 8.25, 10], "texture": "#0"},
				"down": {"uv": [8, 9.75, 8.25, 10], "texture": "#0"}
			}
		},
		{
			"name": "Voxels",
			"from": [-8.13248, 0.7979, 9.19373],
			"to": [-7.74503, 1.18536, 9.58119],
			"rotation": {"angle": 0, "axis": "y", "origin": [-4.83906, 9.51566, 7.83758]},
			"faces": {
				"north": {"uv": [9, 12.5, 8.75, 12.75], "texture": "#0"},
				"east": {"uv": [9, 14.5, 8.75, 14.75], "texture": "#0"},
				"south": {"uv": [8.75, 12.75, 9, 13], "texture": "#0"},
				"west": {"uv": [8.75, 13.25, 9, 13.5], "texture": "#0"},
				"up": {"uv": [8.75, 8.5, 9, 8.25], "texture": "#0"},
				"down": {"uv": [8.75, 8, 9, 8.25], "texture": "#0"}
			}
		},
		{
			"name": "Voxels",
			"from": [-8.13248, 0.7979, 14.23062],
			"to": [-6.97011, 1.18536, 14.61808],
			"rotation": {"angle": 0, "axis": "y", "origin": [-4.83906, 9.51566, 7.83758]},
			"faces": {
				"north": {"uv": [5.5, 10.75, 4.75, 11], "texture": "#0"},
				"east": {"uv": [15.5, 15, 15.25, 15.25], "texture": "#0"},
				"south": {"uv": [4.75, 10.5, 5.5, 10.75], "texture": "#0"},
				"west": {"uv": [8.75, 14.75, 9, 15], "texture": "#0"},
				"up": {"uv": [4.75, 11.25, 5.5, 11], "texture": "#0"},
				"down": {"uv": [4.75, 11.25, 5.5, 11.5], "texture": "#0"}
			}
		},
		{
			"name": "Voxels",
			"from": [-8.13248, 1.18535, 4.93161],
			"to": [-7.35757, 1.57281, 5.31907],
			"rotation": {"angle": 0, "axis": "y", "origin": [-4.83906, 9.51566, 7.83758]},
			"faces": {
				"north": {"uv": [16, 15.75, 15.5, 16], "texture": "#0"},
				"east": {"uv": [14.25, 15, 14, 15.25], "texture": "#0"},
				"south": {"uv": [7.5, 12.5, 8, 12.75], "texture": "#0"},
				"west": {"uv": [15, 15, 15.25, 15.25], "texture": "#0"},
				"up": {"uv": [7, 8.25, 7.5, 8], "texture": "#0"},
				"down": {"uv": [7, 8.25, 7.5, 8.5], "texture": "#0"}
			}
		},
		{
			"name": "Voxels",
			"from": [-8.13248, 1.18535, 9.58119],
			"to": [-7.35757, 1.57281, 9.96864],
			"rotation": {"angle": 0, "axis": "y", "origin": [-4.83906, 9.51566, 7.83758]},
			"faces": {
				"north": {"uv": [8, 11.75, 7.5, 12], "texture": "#0"},
				"east": {"uv": [12.25, 15, 12, 15.25], "texture": "#0"},
				"south": {"uv": [7.5, 11, 8, 11.25], "texture": "#0"},
				"west": {"uv": [13.75, 15, 14, 15.25], "texture": "#0"},
				"up": {"uv": [7.5, 12.25, 8, 12], "texture": "#0"},
				"down": {"uv": [7.5, 12.25, 8, 12.5], "texture": "#0"}
			}
		},
		{
			"name": "Voxels",
			"from": [-8.13248, 1.57281, 0.66963],
			"to": [-7.74503, 2.73517, 2.6069],
			"rotation": {"angle": 0, "axis": "y", "origin": [-4.83906, 9.51566, 7.83758]},
			"faces": {
				"north": {"uv": [3.25, 11.5, 3, 12.25], "texture": "#0"},
				"east": {"uv": [3, 12.25, 1.75, 13], "texture": "#0"},
				"south": {"uv": [3, 12.25, 3.25, 13], "texture": "#0"},
				"west": {"uv": [1.75, 11.5, 3, 12.25], "texture": "#0"},
				"up": {"uv": [5.5, 14.75, 5.75, 13.5], "texture": "#0"},
				"down": {"uv": [5.5, 8.5, 5.75, 9.75], "texture": "#0"}
			}
		},
		{
			"name": "Voxels",
			"from": [-8.13248, 1.57281, 2.60689],
			"to": [-7.74503, 1.96026, 2.99435],
			"rotation": {"angle": 0, "axis": "y", "origin": [-4.83906, 9.51566, 7.83758]},
			"faces": {
				"north": {"uv": [8.75, 11.75, 8.5, 12], "texture": "#0"},
				"east": {"uv": [8.25, 9.25, 8, 9.5], "texture": "#0"},
				"south": {"uv": [8.5, 12, 8.75, 12.25], "texture": "#0"},
				"west": {"uv": [8.5, 12.25, 8.75, 12.5], "texture": "#0"},
				"up": {"uv": [8.5, 11.25, 8.75, 11], "texture": "#0"},
				"down": {"uv": [8.5, 10.25, 8.75, 10.5], "texture": "#0"}
			}
		},
		{
			"name": "Voxels",
			"from": [-8.13248, 1.57281, 11.9059],
			"to": [-7.74503, 1.96026, 14.23064],
			"rotation": {"angle": 0, "axis": "y", "origin": [-4.83906, 9.51566, 7.83758]},
			"faces": {
				"north": {"uv": [8.25, 9.5, 8, 9.75], "texture": "#0"},
				"east": {"uv": [4.75, 11.5, 3.25, 11.75], "texture": "#0"},
				"south": {"uv": [8, 10.75, 8.25, 11], "texture": "#0"},
				"west": {"uv": [3.25, 11.75, 4.75, 12], "texture": "#0"},
				"up": {"uv": [2, 9.5, 2.25, 8], "texture": "#0"},
				"down": {"uv": [1.75, 8, 2, 9.5], "texture": "#0"}
			}
		},
		{
			"name": "Voxels",
			"from": [-8.13248, 1.96026, 12.29336],
			"to": [-7.74503, 2.73517, 14.23064],
			"rotation": {"angle": 0, "axis": "y", "origin": [-4.83906, 9.51566, 7.83758]},
			"faces": {
				"north": {"uv": [7.75, 11.25, 7.5, 11.75], "texture": "#0"},
				"east": {"uv": [3, 11, 1.75, 11.5], "texture": "#0"},
				"south": {"uv": [7.75, 11.25, 8, 11.75], "texture": "#0"},
				"west": {"uv": [1.75, 10.5, 3, 11], "texture": "#0"},
				"up": {"uv": [6, 15.75, 6.25, 14.5], "texture": "#0"},
				"down": {"uv": [5.5, 9.75, 5.75, 11], "texture": "#0"}
			}
		},
		{
			"name": "Voxels",
			"from": [-8.13248, 2.34771, 2.60689],
			"to": [-7.74503, 2.73517, 2.99435],
			"rotation": {"angle": 0, "axis": "y", "origin": [-4.83906, 9.51566, 7.83758]},
			"faces": {
				"north": {"uv": [8.25, 12.5, 8, 12.75], "texture": "#0"},
				"east": {"uv": [7, 12, 6.75, 12.25], "texture": "#0"},
				"south": {"uv": [6.75, 8.75, 7, 9], "texture": "#0"},
				"west": {"uv": [6.75, 10.75, 7, 11], "texture": "#0"},
				"up": {"uv": [8, 12.5, 8.25, 12.25], "texture": "#0"},
				"down": {"uv": [8, 11, 8.25, 11.25], "texture": "#0"}
			}
		},
		{
			"name": "Voxels",
			"from": [-8.13248, 2.34771, 11.9059],
			"to": [-7.74503, 2.73517, 12.29336],
			"rotation": {"angle": 0, "axis": "y", "origin": [-4.83906, 9.51566, 7.83758]},
			"faces": {
				"north": {"uv": [5.5, 13.75, 5.25, 14], "texture": "#0"},
				"east": {"uv": [9, 8.5, 8.75, 8.75], "texture": "#0"},
				"south": {"uv": [5.25, 15, 5.5, 15.25], "texture": "#0"},
				"west": {"uv": [5.25, 15.25, 5.5, 15.5], "texture": "#0"},
				"up": {"uv": [5.25, 13.75, 5.5, 13.5], "texture": "#0"},
				"down": {"uv": [6.25, 14.5, 6.5, 14.75], "texture": "#0"}
			}
		},
		{
			"name": "Voxels",
			"from": [-7.74503, 0.7979, 11.51845],
			"to": [-7.35757, 1.18536, 13.45573],
			"rotation": {"angle": 0, "axis": "y", "origin": [-4.83906, 9.51566, 7.83758]},
			"faces": {
				"north": {"uv": [9, 8.75, 8.75, 9], "texture": "#0"},
				"east": {"uv": [7, 15.75, 5.75, 16], "texture": "#0"},
				"south": {"uv": [8.75, 14, 9, 14.25], "texture": "#0"},
				"west": {"uv": [3.75, 8, 5, 8.25], "texture": "#0"},
				"up": {"uv": [5.5, 12.25, 5.75, 11], "texture": "#0"},
				"down": {"uv": [5.5, 12.25, 5.75, 13.5], "texture": "#0"}
			}
		},
		{
			"name": "Voxels",
			"from": [-7.74503, 1.18535, 3.3818],
			"to": [-7.35757, 1.57281, 4.93162],
			"rotation": {"angle": 0, "axis": "y", "origin": [-4.83906, 9.51566, 7.83758]},
			"faces": {
				"north": {"uv": [9, 14.25, 8.75, 14.5], "texture": "#0"},
				"east": {"uv": [6.75, 11.25, 5.75, 11.5], "texture": "#0"},
				"south": {"uv": [8.75, 13, 9, 13.25], "texture": "#0"},
				"west": {"uv": [5.75, 10.75, 6.75, 11], "texture": "#0"},
				"up": {"uv": [5.75, 10.75, 6, 9.75], "texture": "#0"},
				"down": {"uv": [6.5, 14.75, 6.75, 15.75], "texture": "#0"}
			}
		},
		{
			"name": "Voxels",
			"from": [-7.74503, 1.18535, 9.96864],
			"to": [-7.35757, 1.57281, 11.51847],
			"rotation": {"angle": 0, "axis": "y", "origin": [-4.83906, 9.51566, 7.83758]},
			"faces": {
				"north": {"uv": [10.25, 14.75, 10, 15], "texture": "#0"},
				"east": {"uv": [8.5, 15.75, 7.5, 16], "texture": "#0"},
				"south": {"uv": [10.25, 14.75, 10.5, 15], "texture": "#0"},
				"west": {"uv": [0.75, 8, 1.75, 8.25], "texture": "#0"},
				"up": {"uv": [6.25, 15.75, 6.5, 14.75], "texture": "#0"},
				"down": {"uv": [6.75, 14.75, 7, 15.75], "texture": "#0"}
			}
		},
		{
			"name": "Voxels",
			"from": [-7.74503, 1.57281, 0.28217],
			"to": [-7.35757, 2.73517, 0.66963],
			"rotation": {"angle": 0, "axis": "y", "origin": [-4.83906, 9.51566, 7.83758]},
			"faces": {
				"north": {"uv": [7.5, 12.5, 7.25, 13.25], "texture": "#0"},
				"east": {"uv": [7.5, 14, 7.25, 14.75], "texture": "#0"},
				"south": {"uv": [7.25, 13.25, 7.5, 14], "texture": "#0"},
				"west": {"uv": [7, 13.25, 7.25, 14], "texture": "#0"},
				"up": {"uv": [5.25, 14.25, 5.5, 14], "texture": "#0"},
				"down": {"uv": [5.25, 14.25, 5.5, 14.5], "texture": "#0"}
			}
		},
		{
			"name": "Voxels",
			"from": [-7.74503, 1.57281, 14.23062],
			"to": [-7.35757, 2.73517, 14.61808],
			"rotation": {"angle": 0, "axis": "y", "origin": [-4.83906, 9.51566, 7.83758]},
			"faces": {
				"north": {"uv": [7.25, 14.75, 7, 15.5], "texture": "#0"},
				"east": {"uv": [7.5, 11.75, 7.25, 12.5], "texture": "#0"},
				"south": {"uv": [0.5, 8, 0.75, 8.75], "texture": "#0"},
				"west": {"uv": [7, 11, 7.25, 11.75], "texture": "#0"},
				"up": {"uv": [6.75, 11.75, 7, 11.5], "texture": "#0"},
				"down": {"uv": [6.75, 11.75, 7, 12], "texture": "#0"}
			}
		},
		{
			"name": "Voxels",
			"from": [-7.35757, 0.7979, -0.10528],
			"to": [-6.19521, 1.18536, 0.28218],
			"rotation": {"angle": 0, "axis": "y", "origin": [-4.83906, 9.51566, 7.83758]},
			"faces": {
				"north": {"uv": [8.25, 15, 7.5, 15.25], "texture": "#0"},
				"east": {"uv": [8.75, 12.5, 8.5, 12.75], "texture": "#0"},
				"south": {"uv": [7.5, 14.75, 8.25, 15], "texture": "#0"},
				"west": {"uv": [8.25, 8, 8.5, 8.25], "texture": "#0"},
				"up": {"uv": [7.5, 15.5, 8.25, 15.25], "texture": "#0"},
				"down": {"uv": [4.75, 9.75, 5.5, 10], "texture": "#0"}
			}
		},
		{
			"name": "Voxels",
			"from": [-7.35757, 0.7979, 14.61808],
			"to": [-6.19521, 1.18536, 15.00553],
			"rotation": {"angle": 0, "axis": "y", "origin": [-4.83906, 9.51566, 7.83758]},
			"faces": {
				"north": {"uv": [5.5, 12.25, 4.75, 12.5], "texture": "#0"},
				"east": {"uv": [8.75, 10.5, 8.5, 10.75], "texture": "#0"},
				"south": {"uv": [4.75, 12, 5.5, 12.25], "texture": "#0"},
				"west": {"uv": [8.5, 10.75, 8.75, 11], "texture": "#0"},
				"up": {"uv": [7.5, 14.5, 8.25, 14.25], "texture": "#0"},
				"down": {"uv": [7.5, 14.5, 8.25, 14.75], "texture": "#0"}
			}
		},
		{
			"name": "Voxels",
			"from": [-7.35757, 1.18535, 0.66963],
			"to": [-6.97012, 1.57281, 3.38181],
			"rotation": {"angle": 0, "axis": "y", "origin": [-4.83906, 9.51566, 7.83758]},
			"faces": {
				"north": {"uv": [12.5, 15, 12.25, 15.25], "texture": "#0"},
				"east": {"uv": [5, 12.5, 3.25, 12.75], "texture": "#0"},
				"south": {"uv": [13.5, 15, 13.75, 15.25], "texture": "#0"},
				"west": {"uv": [3.25, 13.25, 5, 13.5], "texture": "#0"},
				"up": {"uv": [1.5, 13.5, 1.75, 11.75], "texture": "#0"},
				"down": {"uv": [0.75, 11.75, 1, 13.5], "texture": "#0"}
			}
		},
		{
			"name": "Voxels",
			"from": [-7.35757, 1.18535, 11.51845],
			"to": [-6.97012, 1.57281, 14.23064],
			"rotation": {"angle": 0, "axis": "y", "origin": [-4.83906, 9.51566, 7.83758]},
			"faces": {
				"north": {"uv": [15.75, 15, 15.5, 15.25], "texture": "#0"},
				"east": {"uv": [5, 12.75, 3.25, 13], "texture": "#0"},
				"south": {"uv": [15.75, 15, 16, 15.25], "texture": "#0"},
				"west": {"uv": [3.25, 13, 5, 13.25], "texture": "#0"},
				"up": {"uv": [1, 13.5, 1.25, 11.75], "texture": "#0"},
				"down": {"uv": [1.25, 11.75, 1.5, 13.5], "texture": "#0"}
			}
		},
		{
			"name": "Voxels",
			"from": [-7.35757, 1.57281, -0.10528],
			"to": [-6.58266, 2.73517, 0.28218],
			"rotation": {"angle": 0, "axis": "y", "origin": [-4.83906, 9.51566, 7.83758]},
			"faces": {
				"north": {"uv": [3.75, 8, 3.25, 8.75], "texture": "#0"},
				"east": {"uv": [6, 8, 5.75, 8.75], "texture": "#0"},
				"south": {"uv": [3.25, 8.75, 3.75, 9.5], "texture": "#0"},
				"west": {"uv": [6.75, 9, 7, 9.75], "texture": "#0"},
				"up": {"uv": [7.5, 10.75, 8, 10.5], "texture": "#0"},
				"down": {"uv": [7.5, 10.75, 8, 11], "texture": "#0"}
			}
		},
		{
			"name": "Voxels",
			"from": [-7.35757, 1.57281, 14.61808],
			"to": [-6.58266, 2.73517, 15.00553],
			"rotation": {"angle": 0, "axis": "y", "origin": [-4.83906, 9.51566, 7.83758]},
			"faces": {
				"north": {"uv": [0.5, 8.75, 0, 9.5], "texture": "#0"},
				"east": {"uv": [0.75, 8.75, 0.5, 9.5], "texture": "#0"},
				"south": {"uv": [0, 8, 0.5, 8.75], "texture": "#0"},
				"west": {"uv": [7.25, 9.5, 7.5, 10.25], "texture": "#0"},
				"up": {"uv": [7.5, 10.25, 8, 10], "texture": "#0"},
				"down": {"uv": [7.5, 10.25, 8, 10.5], "texture": "#0"}
			}
		},
		{
			"name": "Voxels",
			"from": [-6.97012, 1.18535, 0.28217],
			"to": [-6.19521, 1.57281, 0.66963],
			"rotation": {"angle": 0, "axis": "y", "origin": [-4.83906, 9.51566, 7.83758]},
			"faces": {
				"north": {"uv": [8, 9.25, 7.5, 9.5], "texture": "#0"},
				"east": {"uv": [5.5, 14.5, 5.25, 14.75], "texture": "#0"},
				"south": {"uv": [7.5, 9, 8, 9.25], "texture": "#0"},
				"west": {"uv": [5.25, 14.75, 5.5, 15], "texture": "#0"},
				"up": {"uv": [7.5, 9.75, 8, 9.5], "texture": "#0"},
				"down": {"uv": [7.5, 9.75, 8, 10], "texture": "#0"}
			}
		},
		{
			"name": "Voxels",
			"from": [-6.97012, 1.18535, 14.23062],
			"to": [-6.19521, 1.57281, 14.61808],
			"rotation": {"angle": 0, "axis": "y", "origin": [-4.83906, 9.51566, 7.83758]},
			"faces": {
				"north": {"uv": [8, 8.25, 7.5, 8.5], "texture": "#0"},
				"east": {"uv": [5.5, 9, 5.25, 9.25], "texture": "#0"},
				"south": {"uv": [7.5, 8, 8, 8.25], "texture": "#0"},
				"west": {"uv": [5.25, 9.25, 5.5, 9.5], "texture": "#0"},
				"up": {"uv": [7.5, 8.75, 8, 8.5], "texture": "#0"},
				"down": {"uv": [7.5, 8.75, 8, 9], "texture": "#0"}
			}
		},
		{
			"name": "Voxels",
			"from": [-6.58267, 0.7979, -0.49273],
			"to": [-5.80776, 1.18536, -0.10528],
			"rotation": {"angle": 0, "axis": "y", "origin": [-4.83906, 9.51566, 7.83758]},
			"faces": {
				"north": {"uv": [9.75, 15.5, 9.25, 15.75], "texture": "#0"},
				"east": {"uv": [7, 11, 6.75, 11.25], "texture": "#0"},
				"south": {"uv": [9.75, 15.5, 10.25, 15.75], "texture": "#0"},
				"west": {"uv": [6.75, 11.25, 7, 11.5], "texture": "#0"},
				"up": {"uv": [8.75, 15.75, 9.25, 15.5], "texture": "#0"},
				"down": {"uv": [8.25, 15.5, 8.75, 15.75], "texture": "#0"}
			}
		},
		{
			"name": "Voxels",
			"from": [-6.58267, 0.7979, 15.00553],
			"to": [-5.80776, 1.18536, 15.39298],
			"rotation": {"angle": 0, "axis": "y", "origin": [-4.83906, 9.51566, 7.83758]},
			"faces": {
				"north": {"uv": [11.75, 15.5, 11.25, 15.75], "texture": "#0"},
				"east": {"uv": [8.25, 11.75, 8, 12], "texture": "#0"},
				"south": {"uv": [11.75, 15.5, 12.25, 15.75], "texture": "#0"},
				"west": {"uv": [8, 12, 8.25, 12.25], "texture": "#0"},
				"up": {"uv": [10.75, 15.75, 11.25, 15.5], "texture": "#0"},
				"down": {"uv": [10.25, 15.5, 10.75, 15.75], "texture": "#0"}
			}
		},
		{
			"name": "Voxels",
			"from": [-6.58267, 1.57281, -0.49273],
			"to": [-5.80776, 2.73517, -0.10528],
			"rotation": {"angle": 0, "axis": "y", "origin": [-4.83906, 9.51566, 7.83758]},
			"faces": {
				"north": {"uv": [1.75, 9.25, 1.25, 10], "texture": "#0"},
				"east": {"uv": [7.5, 10.25, 7.25, 11], "texture": "#0"},
				"south": {"uv": [0.75, 11, 1.25, 11.75], "texture": "#0"},
				"west": {"uv": [7, 9.5, 7.25, 10.25], "texture": "#0"},
				"up": {"uv": [12.75, 15.75, 13.25, 15.5], "texture": "#0"},
				"down": {"uv": [12.25, 15.5, 12.75, 15.75], "texture": "#0"}
			}
		},
		{
			"name": "Voxels",
			"from": [-6.58267, 1.57281, 15.00553],
			"to": [-5.80776, 2.73517, 15.39298],
			"rotation": {"angle": 0, "axis": "y", "origin": [-4.83906, 9.51566, 7.83758]},
			"faces": {
				"north": {"uv": [1.75, 11, 1.25, 11.75], "texture": "#0"},
				"east": {"uv": [7.5, 11, 7.25, 11.75], "texture": "#0"},
				"south": {"uv": [0.75, 9.25, 1.25, 10], "texture": "#0"},
				"west": {"uv": [7, 10.25, 7.25, 11], "texture": "#0"},
				"up": {"uv": [13.75, 15.75, 14.25, 15.5], "texture": "#0"},
				"down": {"uv": [13.25, 15.5, 13.75, 15.75], "texture": "#0"}
			}
		},
		{
			"name": "Voxels",
			"from": [-6.19521, 0.7979, -0.88019],
			"to": [-3.09557, 1.18536, -0.49273],
			"rotation": {"angle": 0, "axis": "y", "origin": [-4.83906, 9.51566, 7.83758]},
			"faces": {
				"north": {"uv": [5.25, 14.75, 3.25, 15], "texture": "#0"},
				"east": {"uv": [14.5, 15, 14.25, 15.25], "texture": "#0"},
				"south": {"uv": [3.25, 14, 5.25, 14.25], "texture": "#0"},
				"west": {"uv": [15.75, 15.25, 16, 15.5], "texture": "#0"},
				"up": {"uv": [3.25, 15.25, 5.25, 15], "texture": "#0"},
				"down": {"uv": [3.25, 14.5, 5.25, 14.75], "texture": "#0"}
			}
		},
		{
			"name": "Voxels",
			"from": [-6.19521, 0.7979, 15.39298],
			"to": [-3.09557, 1.18536, 15.78044],
			"rotation": {"angle": 0, "axis": "y", "origin": [-4.83906, 9.51566, 7.83758]},
			"faces": {
				"north": {"uv": [5.25, 13.75, 3.25, 14], "texture": "#0"},
				"east": {"uv": [8.75, 12.75, 8.5, 13], "texture": "#0"},
				"south": {"uv": [3.25, 15.25, 5.25, 15.5], "texture": "#0"},
				"west": {"uv": [8.5, 13, 8.75, 13.25], "texture": "#0"},
				"up": {"uv": [3.25, 13.75, 5.25, 13.5], "texture": "#0"},
				"down": {"uv": [3.25, 14.25, 5.25, 14.5], "texture": "#0"}
			}
		},
		{
			"name": "Voxels",
			"from": [-6.19521, 1.18535, -0.10528],
			"to": [-5.4203, 1.57281, 0.28218],
			"rotation": {"angle": 0, "axis": "y", "origin": [-4.83906, 9.51566, 7.83758]},
			"faces": {
				"north": {"uv": [15.75, 15.5, 15.25, 15.75], "texture": "#0"},
				"east": {"uv": [8.75, 11.25, 8.5, 11.5], "texture": "#0"},
				"south": {"uv": [8.25, 15.25, 8.75, 15.5], "texture": "#0"},
				"west": {"uv": [8.5, 11.5, 8.75, 11.75], "texture": "#0"},
				"up": {"uv": [14.75, 15.75, 15.25, 15.5], "texture": "#0"},
				"down": {"uv": [14.25, 15.5, 14.75, 15.75], "texture": "#0"}
			}
		},
		{
			"name": "Voxels",
			"from": [-6.19521, 1.18535, 14.61808],
			"to": [-5.4203, 1.57281, 15.00553],
			"rotation": {"angle": 0, "axis": "y", "origin": [-4.83906, 9.51566, 7.83758]},
			"faces": {
				"north": {"uv": [10.25, 15.25, 9.75, 15.5], "texture": "#0"},
				"east": {"uv": [8.75, 9.75, 8.5, 10], "texture": "#0"},
				"south": {"uv": [10.25, 15.25, 10.75, 15.5], "texture": "#0"},
				"west": {"uv": [8.5, 10, 8.75, 10.25], "texture": "#0"},
				"up": {"uv": [9.25, 15.5, 9.75, 15.25], "texture": "#0"},
				"down": {"uv": [8.75, 15.25, 9.25, 15.5], "texture": "#0"}
			}
		},
		{
			"name": "Voxels",
			"from": [-5.80776, 1.18535, -0.49273],
			"to": [-3.48303, 1.57281, -0.10528],
			"rotation": {"angle": 0, "axis": "y", "origin": [-4.83906, 9.51566, 7.83758]},
			"faces": {
				"north": {"uv": [4.75, 11.25, 3.25, 11.5], "texture": "#0"},
				"east": {"uv": [8.75, 8.25, 8.5, 8.5], "texture": "#0"},
				"south": {"uv": [3.25, 12, 4.75, 12.25], "texture": "#0"},
				"west": {"uv": [8.5, 8.5, 8.75, 8.75], "texture": "#0"},
				"up": {"uv": [3.25, 11.25, 4.75, 11], "texture": "#0"},
				"down": {"uv": [3.25, 10.75, 4.75, 11], "texture": "#0"}
			}
		},
		{
			"name": "Voxels",
			"from": [-5.80776, 1.18535, 15.00553],
			"to": [-3.48303, 1.57281, 15.39298],
			"rotation": {"angle": 0, "axis": "y", "origin": [-4.83906, 9.51566, 7.83758]},
			"faces": {
				"north": {"uv": [3.25, 9.75, 1.75, 10], "texture": "#0"},
				"east": {"uv": [10, 15, 9.75, 15.25], "texture": "#0"},
				"south": {"uv": [1.75, 10, 3.25, 10.25], "texture": "#0"},
				"west": {"uv": [9.5, 15, 9.75, 15.25], "texture": "#0"},
				"up": {"uv": [1.75, 9.75, 3.25, 9.5], "texture": "#0"},
				"down": {"uv": [3.25, 12.25, 4.75, 12.5], "texture": "#0"}
			}
		},
		{
			"name": "Voxels",
			"from": [-5.80776, 1.57281, -0.88019],
			"to": [-3.48303, 1.96026, -0.49273],
			"rotation": {"angle": 0, "axis": "y", "origin": [-4.83906, 9.51566, 7.83758]},
			"faces": {
				"north": {"uv": [4.75, 9.75, 3.25, 10], "texture": "#0"},
				"east": {"uv": [11.5, 15, 11.25, 15.25], "texture": "#0"},
				"south": {"uv": [3.25, 10, 4.75, 10.25], "texture": "#0"},
				"west": {"uv": [11, 15, 11.25, 15.25], "texture": "#0"},
				"up": {"uv": [3.25, 9.75, 4.75, 9.5], "texture": "#0"},
				"down": {"uv": [1.75, 10.25, 3.25, 10.5], "texture": "#0"}
			}
		},
		{
			"name": "Voxels",
			"from": [-5.80776, 1.57281, 15.39298],
			"to": [-3.48303, 1.96026, 15.78044],
			"rotation": {"angle": 0, "axis": "y", "origin": [-4.83906, 9.51566, 7.83758]},
			"faces": {
				"north": {"uv": [5.25, 9.25, 3.75, 9.5], "texture": "#0"},
				"east": {"uv": [13, 15, 12.75, 15.25], "texture": "#0"},
				"south": {"uv": [3.75, 9, 5.25, 9.25], "texture": "#0"},
				"west": {"uv": [12.5, 15, 12.75, 15.25], "texture": "#0"},
				"up": {"uv": [3.25, 10.75, 4.75, 10.5], "texture": "#0"},
				"down": {"uv": [3.25, 10.25, 4.75, 10.5], "texture": "#0"}
			}
		},
		{
			"name": "Voxels",
			"from": [-5.80776, 1.96026, -0.49273],
			"to": [-5.42031, 2.73517, -0.10528],
			"rotation": {"angle": 0, "axis": "y", "origin": [-4.83906, 9.51566, 7.83758]},
			"faces": {
				"north": {"uv": [8.5, 14.25, 8.25, 14.75], "texture": "#0"},
				"east": {"uv": [8.25, 11.25, 8, 11.75], "texture": "#0"},
				"south": {"uv": [8.25, 13.75, 8.5, 14.25], "texture": "#0"},
				"west": {"uv": [8.25, 13.25, 8.5, 13.75], "texture": "#0"},
				"up": {"uv": [13.25, 15.25, 13.5, 15], "texture": "#0"},
				"down": {"uv": [13, 15, 13.25, 15.25], "texture": "#0"}
			}
		},
		{
			"name": "Voxels",
			"from": [-5.80776, 1.96026, 15.00553],
			"to": [-5.42031, 2.73517, 15.39298],
			"rotation": {"angle": 0, "axis": "y", "origin": [-4.83906, 9.51566, 7.83758]},
			"faces": {
				"north": {"uv": [8.5, 12.75, 8.25, 13.25], "texture": "#0"},
				"east": {"uv": [8.5, 11.25, 8.25, 11.75], "texture": "#0"},
				"south": {"uv": [8.25, 12.25, 8.5, 12.75], "texture": "#0"},
				"west": {"uv": [8.25, 11.75, 8.5, 12.25], "texture": "#0"},
				"up": {"uv": [14.75, 15.25, 15, 15], "texture": "#0"},
				"down": {"uv": [14.5, 15, 14.75, 15.25], "texture": "#0"}
			}
		},
		{
			"name": "Voxels",
			"from": [-5.42031, 1.96026, -0.88019],
			"to": [-3.48303, 2.34772, -0.49273],
			"rotation": {"angle": 0, "axis": "y", "origin": [-4.83906, 9.51566, 7.83758]},
			"faces": {
				"north": {"uv": [7, 13.5, 5.75, 13.75], "texture": "#0"},
				"east": {"uv": [9, 13.5, 8.75, 13.75], "texture": "#0"},
				"south": {"uv": [5.75, 13.25, 7, 13.5], "texture": "#0"},
				"west": {"uv": [8.75, 13.75, 9, 14], "texture": "#0"},
				"up": {"uv": [5.75, 14, 7, 13.75], "texture": "#0"},
				"down": {"uv": [5.75, 14, 7, 14.25], "texture": "#0"}
			}
		},
		{
			"name": "Voxels",
			"from": [-5.42031, 1.96026, 15.39298],
			"to": [-3.48303, 2.34772, 15.78044],
			"rotation": {"angle": 0, "axis": "y", "origin": [-4.83906, 9.51566, 7.83758]},
			"faces": {
				"north": {"uv": [7, 12.5, 5.75, 12.75], "texture": "#0"},
				"east": {"uv": [9, 12, 8.75, 12.25], "texture": "#0"},
				"south": {"uv": [5.75, 12.25, 7, 12.5], "texture": "#0"},
				"west": {"uv": [8.75, 12.25, 9, 12.5], "texture": "#0"},
				"up": {"uv": [5.75, 13, 7, 12.75], "texture": "#0"},
				"down": {"uv": [5.75, 13, 7, 13.25], "texture": "#0"}
			}
		},
		{
			"name": "Voxels",
			"from": [-5.42031, 2.34771, -0.49273],
			"to": [-5.03285, 2.73517, -0.10528],
			"rotation": {"angle": 0, "axis": "y", "origin": [-4.83906, 9.51566, 7.83758]},
			"faces": {
				"north": {"uv": [9, 11.25, 8.75, 11.5], "texture": "#0"},
				"east": {"uv": [9, 10.5, 8.75, 10.75], "texture": "#0"},
				"south": {"uv": [8.75, 11, 9, 11.25], "texture": "#0"},
				"west": {"uv": [8.75, 10.75, 9, 11], "texture": "#0"},
				"up": {"uv": [8.75, 11.75, 9, 11.5], "texture": "#0"},
				"down": {"uv": [8.75, 11.75, 9, 12], "texture": "#0"}
			}
		},
		{
			"name": "Voxels",
			"from": [-5.42031, 2.34771, 15.00553],
			"to": [-5.03285, 2.73517, 15.39298],
			"rotation": {"angle": 0, "axis": "y", "origin": [-4.83906, 9.51566, 7.83758]},
			"faces": {
				"north": {"uv": [9, 9.75, 8.75, 10], "texture": "#0"},
				"east": {"uv": [9, 9, 8.75, 9.25], "texture": "#0"},
				"south": {"uv": [8.75, 9.5, 9, 9.75], "texture": "#0"},
				"west": {"uv": [8.75, 9.25, 9, 9.5], "texture": "#0"},
				"up": {"uv": [8.75, 10.25, 9, 10], "texture": "#0"},
				"down": {"uv": [8.75, 10.25, 9, 10.5], "texture": "#0"}
			}
		},
		{
			"name": "Voxels",
			"from": [-5.03286, 2.34771, -0.88019],
			"to": [-3.48303, 2.73517, -0.49273],
			"rotation": {"angle": 0, "axis": "y", "origin": [-4.83906, 9.51566, 7.83758]},
			"faces": {
				"north": {"uv": [11.5, 15.75, 10.5, 16], "texture": "#0"},
				"east": {"uv": [9.5, 14.75, 9.25, 15], "texture": "#0"},
				"south": {"uv": [11.5, 15.75, 12.5, 16], "texture": "#0"},
				"west": {"uv": [9, 14.75, 9.25, 15], "texture": "#0"},
				"up": {"uv": [9.5, 16, 10.5, 15.75], "texture": "#0"},
				"down": {"uv": [8.5, 15.75, 9.5, 16], "texture": "#0"}
			}
		},
		{
			"name": "Voxels",
			"from": [-5.03286, 2.34771, 15.39298],
			"to": [-3.48303, 2.73517, 15.78044],
			"rotation": {"angle": 0, "axis": "y", "origin": [-4.83906, 9.51566, 7.83758]},
			"faces": {
				"north": {"uv": [15.5, 15.75, 14.5, 16], "texture": "#0"},
				"east": {"uv": [11, 14.75, 10.75, 15], "texture": "#0"},
				"south": {"uv": [6, 8.5, 7, 8.75], "texture": "#0"},
				"west": {"uv": [10.5, 14.75, 10.75, 15], "texture": "#0"},
				"up": {"uv": [13.5, 16, 14.5, 15.75], "texture": "#0"},
				"down": {"uv": [12.5, 15.75, 13.5, 16], "texture": "#0"}
			}
		}
	],
	"display": {
		"thirdperson_righthand": {
			"translation": [8, 3.25, 0],
			"scale": [0.46, 0.46, 0.46]
		},
		"thirdperson_lefthand": {
			"translation": [-7, 3.25, 0],
			"scale": [0.46, 0.46, 0.46]
		},
		"firstperson_righthand": {
			"rotation": [0, 50, 0],
			"translation": [0, 5, -2],
			"scale": [0.3, 0.3, 0.3]
		},
		"firstperson_lefthand": {
			"rotation": [0, -130, 0],
			"translation": [0, 5, -2],
			"scale": [0.3, 0.3, 0.3]
		},
		"ground": {
			"translation": [26.5, 10, 0],
			"scale": [1.7, 1.7, 1.7]
		},
		"gui": {
			"rotation": [30, -60, 0],
			"translation": [5.25, -1, 0],
			"scale": [0.9, 0.9, 0.9]
		},
		"head": {
			"rotation": [0, 90, 0],
			"translation": [1.75, -12.5, 5.25],
			"scale": [3.4, 3.4, 3.4]
		},
		"fixed": {
			"rotation": [-17, -90, 0],
			"translation": [0.25, 10, 9.25]
		}
	},
	"groups": [
		{
			"name": "canary_bodykit_back_gray",
			"origin": [8, 8, 8],
			"children": [0, 1, 2, 3, 4, 5, 6, 7, 8, 9, 10, 11, 12, 13, 14, 15, 16, 17, 18, 19, 20, 21, 22, 23, 24, 25, 26, 27, 28, 29, 30, 31, 32, 33, 34, 35, 36, 37, 38, 39, 40, 41, 42, 43, 44, 45, 46, 47, 48, 49, 50, 51, 52, 53, 54, 55, 56, 57, 58, 59, 60, 61, 62]
		}
	]
}