{
	"credit": "Made with Blockbench",
	"textures": {
		"0": "custom/addons/canary_body_gray",
		"particle": "custom/addons/canary_body_gray"
	},
	"elements": [
		{
			"name": "Voxels",
			"from": [1.22877, 0.79344, 2.1832],
			"to": [2.78837, 1.18334, 2.5731],
			"rotation": {"angle": 0, "axis": "y", "origin": [10.19647, 10.93084, 8.4216]},
			"faces": {
				"north": {"uv": [4.75, 1.125, 4.25, 1.25], "texture": "#0"},
				"east": {"uv": [15.375, 10.5, 15.25, 10.625], "texture": "#0"},
				"south": {"uv": [4.75, 1.125, 5.25, 1.25], "texture": "#0"},
				"west": {"uv": [15.375, 10.5, 15.5, 10.625], "texture": "#0"},
				"up": {"uv": [3.75, 1.25, 4.25, 1.125], "texture": "#0"},
				"down": {"uv": [4.75, 1.25, 5.25, 1.375], "texture": "#0"}
			}
		},
		{
			"name": "Voxels",
			"from": [1.22877, 0.79344, 12.3206],
			"to": [2.78837, 1.18334, 12.7105],
			"rotation": {"angle": 0, "axis": "y", "origin": [10.19647, 10.93084, 8.4216]},
			"faces": {
				"north": {"uv": [5.25, 1, 4.75, 1.125], "texture": "#0"},
				"east": {"uv": [15.125, 10.5, 15, 10.625], "texture": "#0"},
				"south": {"uv": [3.75, 0.875, 4.25, 1], "texture": "#0"},
				"west": {"uv": [15.125, 10.5, 15.25, 10.625], "texture": "#0"},
				"up": {"uv": [4.25, 1.125, 4.75, 1], "texture": "#0"},
				"down": {"uv": [3.75, 1, 4.25, 1.125], "texture": "#0"}
			}
		},
		{
			"name": "Voxels",
			"from": [1.22877, 4.69244, -0.5461],
			"to": [2.78837, 5.08234, -0.1562],
			"rotation": {"angle": 0, "axis": "y", "origin": [10.19647, 10.93084, 8.4216]},
			"faces": {
				"north": {"uv": [5.25, 0.875, 4.75, 1], "texture": "#0"},
				"east": {"uv": [13.125, 10.5, 13, 10.625], "texture": "#0"},
				"south": {"uv": [4.25, 0.75, 4.75, 0.875], "texture": "#0"},
				"west": {"uv": [13.125, 10.5, 13.25, 10.625], "texture": "#0"},
				"up": {"uv": [4.25, 1, 4.75, 0.875], "texture": "#0"},
				"down": {"uv": [3.75, 0.75, 4.25, 0.875], "texture": "#0"}
			}
		},
		{
			"name": "Voxels",
			"from": [1.22877, 4.69244, 15.0499],
			"to": [2.78837, 5.08234, 15.4398],
			"rotation": {"angle": 0, "axis": "y", "origin": [10.19647, 10.93084, 8.4216]},
			"faces": {
				"north": {"uv": [5.25, 0.625, 4.75, 0.75], "texture": "#0"},
				"east": {"uv": [12.625, 10.5, 12.5, 10.625], "texture": "#0"},
				"south": {"uv": [4.25, 0.5, 4.75, 0.625], "texture": "#0"},
				"west": {"uv": [12.625, 10.5, 12.75, 10.625], "texture": "#0"},
				"up": {"uv": [4.25, 0.75, 4.75, 0.625], "texture": "#0"},
				"down": {"uv": [4.75, 0.75, 5.25, 0.875], "texture": "#0"}
			}
		},
		{
			"name": "Voxels",
			"from": [1.22877, 5.08234, -0.5461],
			"to": [2.39847, 5.47224, -0.1562],
			"rotation": {"angle": 0, "axis": "y", "origin": [10.19647, 10.93084, 8.4216]},
			"faces": {
				"north": {"uv": [7, 10.5, 6.625, 10.625], "texture": "#0"},
				"east": {"uv": [12.375, 10.5, 12.25, 10.625], "texture": "#0"},
				"south": {"uv": [6.25, 10.5, 6.625, 10.625], "texture": "#0"},
				"west": {"uv": [12.375, 10.5, 12.5, 10.625], "texture": "#0"},
				"up": {"uv": [7, 10.625, 7.375, 10.5], "texture": "#0"},
				"down": {"uv": [7.375, 10.5, 7.75, 10.625], "texture": "#0"}
			}
		},
		{
			"name": "Voxels",
			"from": [1.22877, 5.08234, 15.0499],
			"to": [2.39847, 5.47224, 15.4398],
			"rotation": {"angle": 0, "axis": "y", "origin": [10.19647, 10.93084, 8.4216]},
			"faces": {
				"north": {"uv": [15.125, 10.625, 14.75, 10.75], "texture": "#0"},
				"east": {"uv": [11.875, 10.5, 11.75, 10.625], "texture": "#0"},
				"south": {"uv": [14.375, 10.625, 14.75, 10.75], "texture": "#0"},
				"west": {"uv": [11.875, 10.5, 12, 10.625], "texture": "#0"},
				"up": {"uv": [15.125, 10.75, 15.5, 10.625], "texture": "#0"},
				"down": {"uv": [15.5, 10.625, 15.875, 10.75], "texture": "#0"}
			}
		},
		{
			"name": "Voxels",
			"from": [1.22877, 5.47224, -0.5461],
			"to": [2.00857, 5.86214, -0.1562],
			"rotation": {"angle": 0, "axis": "y", "origin": [10.19647, 10.93084, 8.4216]},
			"faces": {
				"north": {"uv": [5.25, 3.5, 5, 3.625], "texture": "#0"},
				"east": {"uv": [11.625, 10.5, 11.5, 10.625], "texture": "#0"},
				"south": {"uv": [2, 0, 2.25, 0.125], "texture": "#0"},
				"west": {"uv": [11.625, 10.5, 11.75, 10.625], "texture": "#0"},
				"up": {"uv": [5, 4, 5.25, 3.875], "texture": "#0"},
				"down": {"uv": [5, 7.375, 5.25, 7.5], "texture": "#0"}
			}
		},
		{
			"name": "Voxels",
			"from": [1.22877, 5.47224, 15.0499],
			"to": [2.00857, 5.86214, 15.4398],
			"rotation": {"angle": 0, "axis": "y", "origin": [10.19647, 10.93084, 8.4216]},
			"faces": {
				"north": {"uv": [5.5, 6.25, 5.25, 6.375], "texture": "#0"},
				"east": {"uv": [11.125, 10.5, 11, 10.625], "texture": "#0"},
				"south": {"uv": [5.25, 6.125, 5.5, 6.25], "texture": "#0"},
				"west": {"uv": [11.125, 10.5, 11.25, 10.625], "texture": "#0"},
				"up": {"uv": [5.25, 6.75, 5.5, 6.625], "texture": "#0"},
				"down": {"uv": [5.25, 6.75, 5.5, 6.875], "texture": "#0"}
			}
		},
		{
			"name": "Voxels",
			"from": [1.22877, 5.86214, -0.1562],
			"to": [17.99447, 6.64194, 0.2337],
			"rotation": {"angle": 0, "axis": "y", "origin": [10.19647, 10.93084, 8.4216]},
			"faces": {
				"north": {"uv": [5.375, 11.5, 0, 11.75], "texture": "#0"},
				"east": {"uv": [3.375, 0, 3.25, 0.25], "texture": "#0"},
				"south": {"uv": [0, 11.75, 5.375, 12], "texture": "#0"},
				"west": {"uv": [2.875, 0, 3, 0.25], "texture": "#0"},
				"up": {"uv": [0.25, 11.5, 5.625, 11.375], "texture": "#0"},
				"down": {"uv": [5.625, 11.375, 11, 11.5], "texture": "#0"}
			}
		},
		{
			"name": "Voxels",
			"from": [1.22877, 5.86214, 14.66],
			"to": [17.99447, 6.64194, 15.0499],
			"rotation": {"angle": 0, "axis": "y", "origin": [10.19647, 10.93084, 8.4216]},
			"faces": {
				"north": {"uv": [10.75, 11.5, 5.375, 11.75], "texture": "#0"},
				"east": {"uv": [5.5, 7.125, 5.375, 7.375], "texture": "#0"},
				"south": {"uv": [5.375, 11.75, 10.75, 12], "texture": "#0"},
				"west": {"uv": [4.125, 0, 4.25, 0.25], "texture": "#0"},
				"up": {"uv": [0.25, 11.375, 5.625, 11.25], "texture": "#0"},
				"down": {"uv": [5.625, 11.25, 11, 11.375], "texture": "#0"}
			}
		},
		{
			"name": "Voxels",
			"from": [1.22877, 6.64194, -0.1562],
			"to": [7.85707, 7.03184, 0.6236],
			"rotation": {"angle": 0, "axis": "y", "origin": [10.19647, 10.93084, 8.4216]},
			"faces": {
				"north": {"uv": [3.375, 2, 1.25, 2.125], "texture": "#0"},
				"east": {"uv": [5.25, 8.25, 5, 8.375], "texture": "#0"},
				"south": {"uv": [1.25, 2.375, 3.375, 2.5], "texture": "#0"},
				"west": {"uv": [5.25, 5, 5.5, 5.125], "texture": "#0"},
				"up": {"uv": [13, 14.625, 15.125, 14.375], "texture": "#0"},
				"down": {"uv": [13, 14.125, 15.125, 14.375], "texture": "#0"}
			}
		},
		{
			"name": "Voxels",
			"from": [1.22877, 6.64194, 0.6236],
			"to": [1.61867, 7.42174, 14.66],
			"rotation": {"angle": 0, "axis": "y", "origin": [10.19647, 10.93084, 8.4216]},
			"faces": {
				"north": {"uv": [5.5, 5.375, 5.375, 5.625], "texture": "#0"},
				"east": {"uv": [11.25, 14.875, 6.75, 15.125], "texture": "#0"},
				"south": {"uv": [5.25, 4.25, 5.375, 4.5], "texture": "#0"},
				"west": {"uv": [6.75, 14.625, 11.25, 14.875], "texture": "#0"},
				"up": {"uv": [0.5, 8.125, 0.625, 3.625], "texture": "#0"},
				"down": {"uv": [0.25, 0, 0.375, 4.5], "texture": "#0"}
			}
		},
		{
			"name": "Voxels",
			"from": [1.22877, 6.64194, 14.66],
			"to": [7.85707, 7.03184, 15.0499],
			"rotation": {"angle": 0, "axis": "y", "origin": [10.19647, 10.93084, 8.4216]},
			"faces": {
				"north": {"uv": [3.375, 2.25, 1.25, 2.375], "texture": "#0"},
				"east": {"uv": [10.875, 10.5, 10.75, 10.625], "texture": "#0"},
				"south": {"uv": [1.25, 2.125, 3.375, 2.25], "texture": "#0"},
				"west": {"uv": [10.875, 10.5, 11, 10.625], "texture": "#0"},
				"up": {"uv": [1.25, 2, 3.375, 1.875], "texture": "#0"},
				"down": {"uv": [1.25, 1.75, 3.375, 1.875], "texture": "#0"}
			}
		},
		{
			"name": "Voxels",
			"from": [1.22877, 7.03184, 0.2337],
			"to": [7.07727, 7.42174, 0.6236],
			"rotation": {"angle": 0, "axis": "y", "origin": [10.19647, 10.93084, 8.4216]},
			"faces": {
				"north": {"uv": [5.25, 2.375, 3.375, 2.5], "texture": "#0"},
				"east": {"uv": [10.25, 10.5, 10.125, 10.625], "texture": "#0"},
				"south": {"uv": [3.375, 2.25, 5.25, 2.375], "texture": "#0"},
				"west": {"uv": [10.375, 10.5, 10.5, 10.625], "texture": "#0"},
				"up": {"uv": [3.375, 2.25, 5.25, 2.125], "texture": "#0"},
				"down": {"uv": [3.375, 2, 5.25, 2.125], "texture": "#0"}
			}
		},
		{
			"name": "Voxels",
			"from": [1.61867, 6.25204, 0.6236],
			"to": [17.21467, 6.64194, 1.0135],
			"rotation": {"angle": 0, "axis": "y", "origin": [10.19647, 10.93084, 8.4216]},
			"faces": {
				"north": {"uv": [10.25, 10.75, 5.25, 10.875], "texture": "#0"},
				"east": {"uv": [9.75, 10.5, 9.625, 10.625], "texture": "#0"},
				"south": {"uv": [10.5, 10.875, 15.5, 11], "texture": "#0"},
				"west": {"uv": [10, 10.5, 10.125, 10.625], "texture": "#0"},
				"up": {"uv": [0.25, 10.875, 5.25, 10.75], "texture": "#0"},
				"down": {"uv": [0.25, 10.5, 5.25, 10.625], "texture": "#0"}
			}
		},
		{
			"name": "Voxels",
			"from": [1.61867, 6.25204, 1.0135],
			"to": [2.00857, 6.64194, 14.2701],
			"rotation": {"angle": 0, "axis": "y", "origin": [10.19647, 10.93084, 8.4216]},
			"faces": {
				"north": {"uv": [9.625, 10.5, 9.5, 10.625], "texture": "#0"},
				"east": {"uv": [5.25, 6, 1, 6.125], "texture": "#0"},
				"south": {"uv": [9.375, 10.5, 9.5, 10.625], "texture": "#0"},
				"west": {"uv": [1, 6.125, 5.25, 6.25], "texture": "#0"},
				"up": {"uv": [0.875, 6.875, 1, 2.625], "texture": "#0"},
				"down": {"uv": [1, 1.75, 1.125, 6], "texture": "#0"}
			}
		},
		{
			"name": "Voxels",
			"from": [1.61867, 6.64194, 14.2701],
			"to": [17.99447, 7.03184, 14.66],
			"rotation": {"angle": 0, "axis": "y", "origin": [10.19647, 10.93084, 8.4216]},
			"faces": {
				"north": {"uv": [16, 11.75, 10.75, 11.875], "texture": "#0"},
				"east": {"uv": [9, 10.5, 8.875, 10.625], "texture": "#0"},
				"south": {"uv": [10.75, 11.625, 16, 11.75], "texture": "#0"},
				"west": {"uv": [9.25, 10.5, 9.375, 10.625], "texture": "#0"},
				"up": {"uv": [10.75, 11.625, 16, 11.5], "texture": "#0"},
				"down": {"uv": [10.75, 11.875, 16, 12], "texture": "#0"}
			}
		},
		{
			"name": "Voxels",
			"from": [1.61867, 7.03184, 14.2701],
			"to": [7.07727, 7.42174, 14.66],
			"rotation": {"angle": 0, "axis": "y", "origin": [10.19647, 10.93084, 8.4216]},
			"faces": {
				"north": {"uv": [3, 1.625, 1.25, 1.75], "texture": "#0"},
				"east": {"uv": [5.5, 1, 5.375, 1.125], "texture": "#0"},
				"south": {"uv": [1.25, 1.5, 3, 1.625], "texture": "#0"},
				"west": {"uv": [8.75, 10.5, 8.875, 10.625], "texture": "#0"},
				"up": {"uv": [3.375, 2, 5.125, 1.875], "texture": "#0"},
				"down": {"uv": [1.25, 1.375, 3, 1.5], "texture": "#0"}
			}
		},
		{
			"name": "Voxels",
			"from": [2.00857, 4.30254, -0.5461],
			"to": [3.17827, 4.69244, -0.1562],
			"rotation": {"angle": 0, "axis": "y", "origin": [10.19647, 10.93084, 8.4216]},
			"faces": {
				"north": {"uv": [12.875, 10.625, 12.5, 10.75], "texture": "#0"},
				"east": {"uv": [2.625, 0, 2.5, 0.125], "texture": "#0"},
				"south": {"uv": [3, 1.5, 3.375, 1.625], "texture": "#0"},
				"west": {"uv": [15.875, 10.625, 16, 10.75], "texture": "#0"},
				"up": {"uv": [12.875, 10.75, 13.25, 10.625], "texture": "#0"},
				"down": {"uv": [13.25, 10.625, 13.625, 10.75], "texture": "#0"}
			}
		},
		{
			"name": "Voxels",
			"from": [2.00857, 4.30254, 15.0499],
			"to": [3.17827, 4.69244, 15.4398],
			"rotation": {"angle": 0, "axis": "y", "origin": [10.19647, 10.93084, 8.4216]},
			"faces": {
				"north": {"uv": [16, 11.125, 15.625, 11.25], "texture": "#0"},
				"east": {"uv": [2.375, 0, 2.25, 0.125], "texture": "#0"},
				"south": {"uv": [3, 1.375, 3.375, 1.5], "texture": "#0"},
				"west": {"uv": [2.375, 0, 2.5, 0.125], "texture": "#0"},
				"up": {"uv": [15.625, 11.125, 16, 11], "texture": "#0"},
				"down": {"uv": [3, 1.625, 3.375, 1.75], "texture": "#0"}
			}
		},
		{
			"name": "Voxels",
			"from": [2.00857, 5.47224, -0.1562],
			"to": [17.99447, 5.86214, 0.2337],
			"rotation": {"angle": 0, "axis": "y", "origin": [10.19647, 10.93084, 8.4216]},
			"faces": {
				"north": {"uv": [15.625, 11, 10.5, 11.125], "texture": "#0"},
				"east": {"uv": [2.25, 0.5, 2.125, 0.625], "texture": "#0"},
				"south": {"uv": [0.25, 11.125, 5.375, 11.25], "texture": "#0"},
				"west": {"uv": [2.125, 0.125, 2.25, 0.25], "texture": "#0"},
				"up": {"uv": [5.375, 11, 10.5, 10.875], "texture": "#0"},
				"down": {"uv": [0.25, 10.875, 5.375, 11], "texture": "#0"}
			}
		},
		{
			"name": "Voxels",
			"from": [2.00857, 5.47224, 14.66],
			"to": [17.99447, 5.86214, 15.0499],
			"rotation": {"angle": 0, "axis": "y", "origin": [10.19647, 10.93084, 8.4216]},
			"faces": {
				"north": {"uv": [10.5, 11, 5.375, 11.125], "texture": "#0"},
				"east": {"uv": [2.25, 0.75, 2.125, 0.875], "texture": "#0"},
				"south": {"uv": [5.375, 11.125, 10.5, 11.25], "texture": "#0"},
				"west": {"uv": [2.125, 0.625, 2.25, 0.75], "texture": "#0"},
				"up": {"uv": [0.25, 11.125, 5.375, 11], "texture": "#0"},
				"down": {"uv": [10.5, 11.125, 15.625, 11.25], "texture": "#0"}
			}
		},
		{
			"name": "Voxels",
			"from": [2.00857, 5.86214, 0.2337],
			"to": [2.78837, 6.25204, 1.0135],
			"rotation": {"angle": 0, "axis": "y", "origin": [10.19647, 10.93084, 8.4216]},
			"faces": {
				"north": {"uv": [5.5, 4.125, 5.25, 4.25], "texture": "#0"},
				"east": {"uv": [5.5, 3.625, 5.25, 3.75], "texture": "#0"},
				"south": {"uv": [5.25, 3.75, 5.5, 3.875], "texture": "#0"},
				"west": {"uv": [5.25, 3.375, 5.5, 3.5], "texture": "#0"},
				"up": {"uv": [15.75, 12.5, 16, 12.25], "texture": "#0"},
				"down": {"uv": [14.5, 12.625, 14.75, 12.875], "texture": "#0"}
			}
		},
		{
			"name": "Voxels",
			"from": [2.00857, 5.86214, 1.0135],
			"to": [2.39847, 6.25204, 14.66],
			"rotation": {"angle": 0, "axis": "y", "origin": [10.19647, 10.93084, 8.4216]},
			"faces": {
				"north": {"uv": [5.25, 4.25, 5.125, 4.375], "texture": "#0"},
				"east": {"uv": [5, 7.5, 0.625, 7.625], "texture": "#0"},
				"south": {"uv": [5.125, 4.375, 5.25, 4.5], "texture": "#0"},
				"west": {"uv": [0.625, 7.375, 5, 7.5], "texture": "#0"},
				"up": {"uv": [0.75, 6.875, 0.875, 2.5], "texture": "#0"},
				"down": {"uv": [0.625, 3, 0.75, 7.375], "texture": "#0"}
			}
		},
		{
			"name": "Voxels",
			"from": [2.00857, 6.25204, 13.8802],
			"to": [17.21467, 6.64194, 14.2701],
			"rotation": {"angle": 0, "axis": "y", "origin": [10.19647, 10.93084, 8.4216]},
			"faces": {
				"north": {"uv": [13.625, 12.5, 8.75, 12.625], "texture": "#0"},
				"east": {"uv": [5.25, 7, 5.125, 7.125], "texture": "#0"},
				"south": {"uv": [0.25, 9.875, 5.125, 10], "texture": "#0"},
				"west": {"uv": [5.125, 6.875, 5.25, 7], "texture": "#0"},
				"up": {"uv": [0.25, 9.375, 5.125, 9.25], "texture": "#0"},
				"down": {"uv": [0.25, 9.125, 5.125, 9.25], "texture": "#0"}
			}
		},
		{
			"name": "Voxels",
			"from": [2.39847, 3.52274, -0.5461],
			"to": [3.95807, 3.91264, -0.1562],
			"rotation": {"angle": 0, "axis": "y", "origin": [10.19647, 10.93084, 8.4216]},
			"faces": {
				"north": {"uv": [4.125, 1.375, 3.625, 1.5], "texture": "#0"},
				"east": {"uv": [5.25, 7.25, 5.125, 7.375], "texture": "#0"},
				"south": {"uv": [4.125, 1.375, 4.625, 1.5], "texture": "#0"},
				"west": {"uv": [5.125, 7.125, 5.25, 7.25], "texture": "#0"},
				"up": {"uv": [4.625, 1.625, 5.125, 1.5], "texture": "#0"},
				"down": {"uv": [15.5, 10.875, 16, 11], "texture": "#0"}
			}
		},
		{
			"name": "Voxels",
			"from": [2.39847, 3.52274, 15.0499],
			"to": [3.95807, 3.91264, 15.4398],
			"rotation": {"angle": 0, "axis": "y", "origin": [10.19647, 10.93084, 8.4216]},
			"faces": {
				"north": {"uv": [4.25, 1.25, 3.75, 1.375], "texture": "#0"},
				"east": {"uv": [5.25, 8, 5.125, 8.125], "texture": "#0"},
				"south": {"uv": [4.25, 1.25, 4.75, 1.375], "texture": "#0"},
				"west": {"uv": [5.125, 7.875, 5.25, 8], "texture": "#0"},
				"up": {"uv": [14.5, 13.25, 15, 13.125], "texture": "#0"},
				"down": {"uv": [4.625, 1.375, 5.125, 1.5], "texture": "#0"}
			}
		},
		{
			"name": "Voxels",
			"from": [2.39847, 3.91264, -0.5461],
			"to": [3.56817, 4.30254, -0.1562],
			"rotation": {"angle": 0, "axis": "y", "origin": [10.19647, 10.93084, 8.4216]},
			"faces": {
				"north": {"uv": [5.25, 3.125, 4.875, 3.25], "texture": "#0"},
				"east": {"uv": [5.25, 8.5, 5.125, 8.625], "texture": "#0"},
				"south": {"uv": [4.875, 3, 5.25, 3.125], "texture": "#0"},
				"west": {"uv": [5.125, 8.375, 5.25, 8.5], "texture": "#0"},
				"up": {"uv": [4.875, 3.375, 5.25, 3.25], "texture": "#0"},
				"down": {"uv": [4.875, 3.375, 5.25, 3.5], "texture": "#0"}
			}
		},
		{
			"name": "Voxels",
			"from": [2.39847, 3.91264, 15.0499],
			"to": [3.56817, 4.30254, 15.4398],
			"rotation": {"angle": 0, "axis": "y", "origin": [10.19647, 10.93084, 8.4216]},
			"faces": {
				"north": {"uv": [12.125, 10.625, 11.75, 10.75], "texture": "#0"},
				"east": {"uv": [5.25, 9.625, 5.125, 9.75], "texture": "#0"},
				"south": {"uv": [12.125, 10.625, 12.5, 10.75], "texture": "#0"},
				"west": {"uv": [5.125, 9.5, 5.25, 9.625], "texture": "#0"},
				"up": {"uv": [11.375, 10.75, 11.75, 10.625], "texture": "#0"},
				"down": {"uv": [11, 10.625, 11.375, 10.75], "texture": "#0"}
			}
		},
		{
			"name": "Voxels",
			"from": [2.39847, 5.08234, -0.1562],
			"to": [17.99447, 5.47224, 0.2337],
			"rotation": {"angle": 0, "axis": "y", "origin": [10.19647, 10.93084, 8.4216]},
			"faces": {
				"north": {"uv": [5.25, 10.375, 0.25, 10.5], "texture": "#0"},
				"east": {"uv": [16, 14.75, 15.875, 14.875], "texture": "#0"},
				"south": {"uv": [11, 11.25, 16, 11.375], "texture": "#0"},
				"west": {"uv": [15.875, 14.625, 16, 14.75], "texture": "#0"},
				"up": {"uv": [0.25, 10.75, 5.25, 10.625], "texture": "#0"},
				"down": {"uv": [10.25, 10.75, 15.25, 10.875], "texture": "#0"}
			}
		},
		{
			"name": "Voxels",
			"from": [2.39847, 5.08234, 14.66],
			"to": [17.99447, 5.47224, 15.0499],
			"rotation": {"angle": 0, "axis": "y", "origin": [10.19647, 10.93084, 8.4216]},
			"faces": {
				"north": {"uv": [5.25, 10.25, 0.25, 10.375], "texture": "#0"},
				"east": {"uv": [16, 15, 15.875, 15.125], "texture": "#0"},
				"south": {"uv": [11, 11.375, 16, 11.5], "texture": "#0"},
				"west": {"uv": [15.875, 14.875, 16, 15], "texture": "#0"},
				"up": {"uv": [0.25, 10.25, 5.25, 10.125], "texture": "#0"},
				"down": {"uv": [0.25, 10, 5.25, 10.125], "texture": "#0"}
			}
		},
		{
			"name": "Voxels",
			"from": [2.39847, 5.47224, 0.2337],
			"to": [2.78837, 5.86214, 14.66],
			"rotation": {"angle": 0, "axis": "y", "origin": [10.19647, 10.93084, 8.4216]},
			"faces": {
				"north": {"uv": [10.5, 10.375, 10.375, 10.5], "texture": "#0"},
				"east": {"uv": [15.875, 14.625, 11.25, 14.75], "texture": "#0"},
				"south": {"uv": [10.25, 10.375, 10.375, 10.5], "texture": "#0"},
				"west": {"uv": [11.25, 14.875, 15.875, 15], "texture": "#0"},
				"up": {"uv": [0.375, 8.75, 0.5, 4.125], "texture": "#0"},
				"down": {"uv": [0.25, 4.5, 0.375, 9.125], "texture": "#0"}
			}
		},
		{
			"name": "Voxels",
			"from": [2.39847, 5.86214, 13.8802],
			"to": [16.82477, 6.25204, 14.2701],
			"rotation": {"angle": 0, "axis": "y", "origin": [10.19647, 10.93084, 8.4216]},
			"faces": {
				"north": {"uv": [5, 8.875, 0.375, 9], "texture": "#0"},
				"east": {"uv": [10.125, 10.375, 10, 10.5], "texture": "#0"},
				"south": {"uv": [0.375, 9, 5, 9.125], "texture": "#0"},
				"west": {"uv": [10.125, 10.375, 10.25, 10.5], "texture": "#0"},
				"up": {"uv": [11.25, 15.125, 15.875, 15], "texture": "#0"},
				"down": {"uv": [0.375, 8.75, 5, 8.875], "texture": "#0"}
			}
		},
		{
			"name": "Voxels",
			"from": [2.39847, 5.86214, 14.2701],
			"to": [2.78837, 6.25204, 14.66],
			"rotation": {"angle": 0, "axis": "y", "origin": [10.19647, 10.93084, 8.4216]},
			"faces": {
				"north": {"uv": [9.25, 10.375, 9.125, 10.5], "texture": "#0"},
				"east": {"uv": [8.125, 10.375, 8, 10.5], "texture": "#0"},
				"south": {"uv": [9, 10.375, 9.125, 10.5], "texture": "#0"},
				"west": {"uv": [8.125, 10.375, 8.25, 10.5], "texture": "#0"},
				"up": {"uv": [9.25, 10.5, 9.375, 10.375], "texture": "#0"},
				"down": {"uv": [9.375, 10.375, 9.5, 10.5], "texture": "#0"}
			}
		},
		{
			"name": "Voxels",
			"from": [2.78837, 0.79344, -0.5461],
			"to": [6.29747, 1.18334, 0.2337],
			"rotation": {"angle": 0, "axis": "y", "origin": [10.19647, 10.93084, 8.4216]},
			"faces": {
				"north": {"uv": [2.375, 1.25, 1.25, 1.375], "texture": "#0"},
				"east": {"uv": [5.5, 3.5, 5.25, 3.625], "texture": "#0"},
				"south": {"uv": [1.25, 1.125, 2.375, 1.25], "texture": "#0"},
				"west": {"uv": [5.25, 0.5, 5.5, 0.625], "texture": "#0"},
				"up": {"uv": [13.625, 13.125, 14.75, 12.875], "texture": "#0"},
				"down": {"uv": [13, 13.875, 14.125, 14.125], "texture": "#0"}
			}
		},
		{
			"name": "Voxels",
			"from": [2.78837, 0.79344, 0.2337],
			"to": [3.17827, 1.18334, 2.1832],
			"rotation": {"angle": 0, "axis": "y", "origin": [10.19647, 10.93084, 8.4216]},
			"faces": {
				"north": {"uv": [7.75, 10.375, 7.625, 10.5], "texture": "#0"},
				"east": {"uv": [5.25, 1.625, 4.625, 1.75], "texture": "#0"},
				"south": {"uv": [7.5, 10.375, 7.625, 10.5], "texture": "#0"},
				"west": {"uv": [4.625, 1.75, 5.25, 1.875], "texture": "#0"},
				"up": {"uv": [3.25, 0.875, 3.375, 0.25], "texture": "#0"},
				"down": {"uv": [3.5, 0.875, 3.625, 1.5], "texture": "#0"}
			}
		},
		{
			"name": "Voxels",
			"from": [2.78837, 0.79344, 12.7105],
			"to": [3.17827, 1.18334, 15.4398],
			"rotation": {"angle": 0, "axis": "y", "origin": [10.19647, 10.93084, 8.4216]},
			"faces": {
				"north": {"uv": [7.5, 10.375, 7.375, 10.5], "texture": "#0"},
				"east": {"uv": [2.125, 0.75, 1.25, 0.875], "texture": "#0"},
				"south": {"uv": [12.125, 10.5, 12.25, 10.625], "texture": "#0"},
				"west": {"uv": [1.25, 0.625, 2.125, 0.75], "texture": "#0"},
				"up": {"uv": [15.875, 16, 16, 15.125], "texture": "#0"},
				"down": {"uv": [0.5, 0, 0.625, 0.875], "texture": "#0"}
			}
		},
		{
			"name": "Voxels",
			"from": [2.78837, 1.18334, -0.5461],
			"to": [3.17827, 3.52274, -0.1562],
			"rotation": {"angle": 0, "axis": "y", "origin": [10.19647, 10.93084, 8.4216]},
			"faces": {
				"north": {"uv": [0.875, 1.75, 0.75, 2.5], "texture": "#0"},
				"east": {"uv": [1, 1.875, 0.875, 2.625], "texture": "#0"},
				"south": {"uv": [0.75, 1, 0.875, 1.75], "texture": "#0"},
				"west": {"uv": [0.75, 0.25, 0.875, 1], "texture": "#0"},
				"up": {"uv": [10.625, 10.625, 10.75, 10.5], "texture": "#0"},
				"down": {"uv": [12, 10.5, 12.125, 10.625], "texture": "#0"}
			}
		},
		{
			"name": "Voxels",
			"from": [2.78837, 1.18334, 2.1832],
			"to": [3.17827, 5.47224, 12.7105],
			"rotation": {"angle": 0, "axis": "y", "origin": [10.19647, 10.93084, 8.4216]},
			"faces": {
				"north": {"uv": [0.625, 0.875, 0.5, 2.25], "texture": "#0"},
				"east": {"uv": [6.75, 14.625, 3.375, 16], "texture": "#0"},
				"south": {"uv": [0.5, 2.25, 0.625, 3.625], "texture": "#0"},
				"west": {"uv": [0, 14.625, 3.375, 16], "texture": "#0"},
				"up": {"uv": [0.125, 3.75, 0.25, 0.375], "texture": "#0"},
				"down": {"uv": [0, 0.375, 0.125, 3.75], "texture": "#0"}
			}
		},
		{
			"name": "Voxels",
			"from": [2.78837, 1.18334, 15.0499],
			"to": [3.17827, 3.52274, 15.4398],
			"rotation": {"angle": 0, "axis": "y", "origin": [10.19647, 10.93084, 8.4216]},
			"faces": {
				"north": {"uv": [1.125, 0.25, 1, 1], "texture": "#0"},
				"east": {"uv": [1.125, 1, 1, 1.75], "texture": "#0"},
				"south": {"uv": [2.25, 0.125, 2.375, 0.875], "texture": "#0"},
				"west": {"uv": [1.125, 0.375, 1.25, 1.125], "texture": "#0"},
				"up": {"uv": [9, 10.625, 9.125, 10.5], "texture": "#0"},
				"down": {"uv": [9.125, 10.5, 9.25, 10.625], "texture": "#0"}
			}
		},
		{
			"name": "Voxels",
			"from": [2.78837, 3.52274, -0.1562],
			"to": [17.99447, 5.08234, 0.2337],
			"rotation": {"angle": 0, "axis": "y", "origin": [10.19647, 10.93084, 8.4216]},
			"faces": {
				"north": {"uv": [14.625, 12, 9.75, 12.5], "texture": "#0"},
				"east": {"uv": [4.125, 0.25, 4, 0.75], "texture": "#0"},
				"south": {"uv": [4.875, 12, 9.75, 12.5], "texture": "#0"},
				"west": {"uv": [3.875, 0.25, 4, 0.75], "texture": "#0"},
				"up": {"uv": [0.25, 9.5, 5.125, 9.375], "texture": "#0"},
				"down": {"uv": [0.25, 9.5, 5.125, 9.625], "texture": "#0"}
			}
		},
		{
			"name": "Voxels",
			"from": [2.78837, 3.52274, 0.6236],
			"to": [16.82477, 6.25204, 1.0135],
			"rotation": {"angle": 0, "axis": "y", "origin": [10.19647, 10.93084, 8.4216]},
			"faces": {
				"north": {"uv": [15.75, 15.125, 11.25, 16], "texture": "#0"},
				"east": {"uv": [15.875, 15.125, 15.75, 16], "texture": "#0"},
				"south": {"uv": [6.75, 15.125, 11.25, 16], "texture": "#0"},
				"west": {"uv": [0.625, 2.125, 0.75, 3], "texture": "#0"},
				"up": {"uv": [0.625, 7.75, 5.125, 7.625], "texture": "#0"},
				"down": {"uv": [0.625, 7.75, 5.125, 7.875], "texture": "#0"}
			}
		},
		{
			"name": "Voxels",
			"from": [2.78837, 3.52274, 1.0135],
			"to": [3.17827, 5.47224, 2.1832],
			"rotation": {"angle": 0, "axis": "y", "origin": [10.19647, 10.93084, 8.4216]},
			"faces": {
				"north": {"uv": [2.875, 0.25, 2.75, 0.875], "texture": "#0"},
				"east": {"uv": [15.125, 12.5, 14.75, 13.125], "texture": "#0"},
				"south": {"uv": [3, 0.25, 3.125, 0.875], "texture": "#0"},
				"west": {"uv": [15.375, 13.25, 15.75, 13.875], "texture": "#0"},
				"up": {"uv": [1.125, 0.375, 1.25, 0], "texture": "#0"},
				"down": {"uv": [0.875, 0, 1, 0.375], "texture": "#0"}
			}
		},
		{
			"name": "Voxels",
			"from": [2.78837, 3.52274, 12.7105],
			"to": [3.17827, 5.47224, 14.2701],
			"rotation": {"angle": 0, "axis": "y", "origin": [10.19647, 10.93084, 8.4216]},
			"faces": {
				"north": {"uv": [3.25, 0.25, 3.125, 0.875], "texture": "#0"},
				"east": {"uv": [14.5, 13.25, 14, 13.875], "texture": "#0"},
				"south": {"uv": [0.625, 0, 0.75, 0.625], "texture": "#0"},
				"west": {"uv": [14.5, 13.25, 15, 13.875], "texture": "#0"},
				"up": {"uv": [3.625, 1.375, 3.75, 0.875], "texture": "#0"},
				"down": {"uv": [3.5, 0.375, 3.625, 0.875], "texture": "#0"}
			}
		},
		{
			"name": "Voxels",
			"from": [2.78837, 3.52274, 14.66],
			"to": [17.99447, 5.08234, 15.0499],
			"rotation": {"angle": 0, "axis": "y", "origin": [10.19647, 10.93084, 8.4216]},
			"faces": {
				"north": {"uv": [13.625, 12.625, 8.75, 13.125], "texture": "#0"},
				"east": {"uv": [5.375, 6.875, 5.25, 7.375], "texture": "#0"},
				"south": {"uv": [0, 12, 4.875, 12.5], "texture": "#0"},
				"west": {"uv": [4.125, 0.25, 4.25, 0.75], "texture": "#0"},
				"up": {"uv": [0.25, 9.875, 5.125, 9.75], "texture": "#0"},
				"down": {"uv": [0.25, 9.625, 5.125, 9.75], "texture": "#0"}
			}
		},
		{
			"name": "Voxels",
			"from": [2.78837, 5.47224, 13.8802],
			"to": [16.82477, 5.86214, 14.2701],
			"rotation": {"angle": 0, "axis": "y", "origin": [10.19647, 10.93084, 8.4216]},
			"faces": {
				"north": {"uv": [5.125, 8, 0.625, 8.125], "texture": "#0"},
				"east": {"uv": [2.25, 0.375, 2.125, 0.5], "texture": "#0"},
				"south": {"uv": [0.5, 8.125, 5, 8.25], "texture": "#0"},
				"west": {"uv": [2.125, 0.25, 2.25, 0.375], "texture": "#0"},
				"up": {"uv": [0.5, 8.375, 5, 8.25], "texture": "#0"},
				"down": {"uv": [0.625, 7.875, 5.125, 8], "texture": "#0"}
			}
		},
		{
			"name": "Voxels",
			"from": [3.17827, 0.79344, 14.66],
			"to": [17.60457, 1.18334, 15.0499],
			"rotation": {"angle": 0, "axis": "y", "origin": [10.19647, 10.93084, 8.4216]},
			"faces": {
				"north": {"uv": [8.875, 13.125, 4.25, 13.25], "texture": "#0"},
				"east": {"uv": [5.25, 9.25, 5.125, 9.375], "texture": "#0"},
				"south": {"uv": [8.875, 13.125, 13.5, 13.25], "texture": "#0"},
				"west": {"uv": [5.125, 9.375, 5.25, 9.5], "texture": "#0"},
				"up": {"uv": [0.5, 8.5, 5.125, 8.375], "texture": "#0"},
				"down": {"uv": [11.25, 14.75, 15.875, 14.875], "texture": "#0"}
			}
		},
		{
			"name": "Voxels",
			"from": [3.17827, 0.79344, 15.0499],
			"to": [6.29747, 1.18334, 15.4398],
			"rotation": {"angle": 0, "axis": "y", "origin": [10.19647, 10.93084, 8.4216]},
			"faces": {
				"north": {"uv": [2.25, 1, 1.25, 1.125], "texture": "#0"},
				"east": {"uv": [10.625, 10.5, 10.5, 10.625], "texture": "#0"},
				"south": {"uv": [2.375, 1.125, 3.375, 1.25], "texture": "#0"},
				"west": {"uv": [10.25, 10.5, 10.375, 10.625], "texture": "#0"},
				"up": {"uv": [2.375, 1.375, 3.375, 1.25], "texture": "#0"},
				"down": {"uv": [1.25, 0.875, 2.25, 1], "texture": "#0"}
			}
		},
		{
			"name": "Voxels",
			"from": [3.17827, 1.18334, 0.6236],
			"to": [16.82477, 3.52274, 1.0135],
			"rotation": {"angle": 0, "axis": "y", "origin": [10.19647, 10.93084, 8.4216]},
			"faces": {
				"north": {"uv": [8.75, 13.875, 4.375, 14.625], "texture": "#0"},
				"east": {"uv": [16, 13.125, 15.875, 13.875], "texture": "#0"},
				"south": {"uv": [0, 13.875, 4.375, 14.625], "texture": "#0"},
				"west": {"uv": [0.625, 0.625, 0.75, 1.375], "texture": "#0"},
				"up": {"uv": [0.75, 7.375, 5.125, 7.25], "texture": "#0"},
				"down": {"uv": [0.75, 7, 5.125, 7.125], "texture": "#0"}
			}
		},
		{
			"name": "Voxels",
			"from": [3.17827, 1.18334, 1.0135],
			"to": [3.56817, 3.52274, 2.1832],
			"rotation": {"angle": 0, "axis": "y", "origin": [10.19647, 10.93084, 8.4216]},
			"faces": {
				"north": {"uv": [2.625, 0.125, 2.5, 0.875], "texture": "#0"},
				"east": {"uv": [16, 13.875, 15.625, 14.625], "texture": "#0"},
				"south": {"uv": [2.375, 0.125, 2.5, 0.875], "texture": "#0"},
				"west": {"uv": [15, 13.125, 15.375, 13.875], "texture": "#0"},
				"up": {"uv": [3.5, 0.375, 3.625, 0], "texture": "#0"},
				"down": {"uv": [3.625, 0, 3.75, 0.375], "texture": "#0"}
			}
		},
		{
			"name": "Voxels",
			"from": [3.17827, 1.18334, 12.7105],
			"to": [3.56817, 3.52274, 14.2701],
			"rotation": {"angle": 0, "axis": "y", "origin": [10.19647, 10.93084, 8.4216]},
			"faces": {
				"north": {"uv": [1, 0.375, 0.875, 1.125], "texture": "#0"},
				"east": {"uv": [15.625, 13.875, 15.125, 14.625], "texture": "#0"},
				"south": {"uv": [0.875, 1.125, 1, 1.875], "texture": "#0"},
				"west": {"uv": [13.5, 13.125, 14, 13.875], "texture": "#0"},
				"up": {"uv": [3.625, 0.875, 3.75, 0.375], "texture": "#0"},
				"down": {"uv": [3.75, 0.25, 3.875, 0.75], "texture": "#0"}
			}
		},
		{
			"name": "Voxels",
			"from": [3.17827, 1.57324, -0.5461],
			"to": [5.90757, 1.96314, 0.2337],
			"rotation": {"angle": 0, "axis": "y", "origin": [10.19647, 10.93084, 8.4216]},
			"faces": {
				"north": {"uv": [2.125, 0.25, 1.25, 0.375], "texture": "#0"},
				"east": {"uv": [5.5, 3.125, 5.25, 3.25], "texture": "#0"},
				"south": {"uv": [1.25, 0.125, 2.125, 0.25], "texture": "#0"},
				"west": {"uv": [5.25, 3.25, 5.5, 3.375], "texture": "#0"},
				"up": {"uv": [14.125, 14.125, 15, 13.875], "texture": "#0"},
				"down": {"uv": [13.625, 12.625, 14.5, 12.875], "texture": "#0"}
			}
		},
		{
			"name": "Voxels",
			"from": [3.17827, 1.57324, 14.66],
			"to": [17.60457, 3.52274, 15.0499],
			"rotation": {"angle": 0, "axis": "y", "origin": [10.19647, 10.93084, 8.4216]},
			"faces": {
				"north": {"uv": [8.875, 13.25, 4.25, 13.875], "texture": "#0"},
				"east": {"uv": [3.5, 0.25, 3.375, 0.875], "texture": "#0"},
				"south": {"uv": [8.875, 13.25, 13.5, 13.875], "texture": "#0"},
				"west": {"uv": [3.375, 0.875, 3.5, 1.5], "texture": "#0"},
				"up": {"uv": [0.5, 8.75, 5.125, 8.625], "texture": "#0"},
				"down": {"uv": [0.5, 8.5, 5.125, 8.625], "texture": "#0"}
			}
		},
		{
			"name": "Voxels",
			"from": [3.17827, 1.57324, 15.0499],
			"to": [5.90757, 1.96314, 15.4398],
			"rotation": {"angle": 0, "axis": "y", "origin": [10.19647, 10.93084, 8.4216]},
			"faces": {
				"north": {"uv": [14.5, 12.5, 13.625, 12.625], "texture": "#0"},
				"east": {"uv": [5.25, 4, 5.125, 4.125], "texture": "#0"},
				"south": {"uv": [15.125, 12.5, 16, 12.625], "texture": "#0"},
				"west": {"uv": [5.125, 4.125, 5.25, 4.25], "texture": "#0"},
				"up": {"uv": [1.25, 0.5, 2.125, 0.375], "texture": "#0"},
				"down": {"uv": [1.25, 0.5, 2.125, 0.625], "texture": "#0"}
			}
		},
		{
			"name": "Voxels",
			"from": [3.17827, 1.96314, -0.5461],
			"to": [5.51767, 2.35304, 0.2337],
			"rotation": {"angle": 0, "axis": "y", "origin": [10.19647, 10.93084, 8.4216]},
			"faces": {
				"north": {"uv": [16, 10.75, 15.25, 10.875], "texture": "#0"},
				"east": {"uv": [5.5, 2.875, 5.25, 3], "texture": "#0"},
				"south": {"uv": [4.5, 2.875, 5.25, 3], "texture": "#0"},
				"west": {"uv": [5.25, 3, 5.5, 3.125], "texture": "#0"},
				"up": {"uv": [15.125, 13.125, 15.875, 12.875], "texture": "#0"},
				"down": {"uv": [15.125, 12.625, 15.875, 12.875], "texture": "#0"}
			}
		},
		{
			"name": "Voxels",
			"from": [3.17827, 1.96314, 15.0499],
			"to": [5.51767, 2.35304, 15.4398],
			"rotation": {"angle": 0, "axis": "y", "origin": [10.19647, 10.93084, 8.4216]},
			"faces": {
				"north": {"uv": [5.25, 2.625, 4.5, 2.75], "texture": "#0"},
				"east": {"uv": [5.25, 1.375, 5.125, 1.5], "texture": "#0"},
				"south": {"uv": [4.5, 2.75, 5.25, 2.875], "texture": "#0"},
				"west": {"uv": [5.125, 1.5, 5.25, 1.625], "texture": "#0"},
				"up": {"uv": [4.5, 2.625, 5.25, 2.5], "texture": "#0"},
				"down": {"uv": [1.25, 0, 2, 0.125], "texture": "#0"}
			}
		},
		{
			"name": "Voxels",
			"from": [3.17827, 2.35304, -0.5461],
			"to": [5.12777, 2.74294, 0.2337],
			"rotation": {"angle": 0, "axis": "y", "origin": [10.19647, 10.93084, 8.4216]},
			"faces": {
				"north": {"uv": [4, 1.5, 3.375, 1.625], "texture": "#0"},
				"east": {"uv": [5.5, 0.625, 5.25, 0.75], "texture": "#0"},
				"south": {"uv": [3.375, 1.75, 4, 1.875], "texture": "#0"},
				"west": {"uv": [5.25, 0.75, 5.5, 0.875], "texture": "#0"},
				"up": {"uv": [14.625, 12.5, 15.25, 12.25], "texture": "#0"},
				"down": {"uv": [14.625, 12, 15.25, 12.25], "texture": "#0"}
			}
		},
		{
			"name": "Voxels",
			"from": [3.17827, 2.35304, 15.0499],
			"to": [5.12777, 2.74294, 15.4398],
			"rotation": {"angle": 0, "axis": "y", "origin": [10.19647, 10.93084, 8.4216]},
			"faces": {
				"north": {"uv": [4, 1.625, 3.375, 1.75], "texture": "#0"},
				"east": {"uv": [10, 10.5, 9.875, 10.625], "texture": "#0"},
				"south": {"uv": [4, 1.625, 4.625, 1.75], "texture": "#0"},
				"west": {"uv": [9.75, 10.5, 9.875, 10.625], "texture": "#0"},
				"up": {"uv": [4, 1.625, 4.625, 1.5], "texture": "#0"},
				"down": {"uv": [4, 1.75, 4.625, 1.875], "texture": "#0"}
			}
		},
		{
			"name": "Voxels",
			"from": [3.17827, 2.74294, -0.5461],
			"to": [4.73787, 3.13284, 0.2337],
			"rotation": {"angle": 0, "axis": "y", "origin": [10.19647, 10.93084, 8.4216]},
			"faces": {
				"north": {"uv": [10, 10.625, 9.5, 10.75], "texture": "#0"},
				"east": {"uv": [14.75, 12.5, 14.5, 12.625], "texture": "#0"},
				"south": {"uv": [14, 13.125, 14.5, 13.25], "texture": "#0"},
				"west": {"uv": [5.25, 0.375, 5.5, 0.5], "texture": "#0"},
				"up": {"uv": [15.25, 12.25, 15.75, 12], "texture": "#0"},
				"down": {"uv": [15.25, 12.25, 15.75, 12.5], "texture": "#0"}
			}
		},
		{
			"name": "Voxels",
			"from": [3.17827, 2.74294, 15.0499],
			"to": [4.73787, 3.13284, 15.4398],
			"rotation": {"angle": 0, "axis": "y", "origin": [10.19647, 10.93084, 8.4216]},
			"faces": {
				"north": {"uv": [4.75, 0.375, 4.25, 0.5], "texture": "#0"},
				"east": {"uv": [11.5, 10.5, 11.375, 10.625], "texture": "#0"},
				"south": {"uv": [4.75, 0.5, 5.25, 0.625], "texture": "#0"},
				"west": {"uv": [11.25, 10.5, 11.375, 10.625], "texture": "#0"},
				"up": {"uv": [10, 10.75, 10.5, 10.625], "texture": "#0"},
				"down": {"uv": [10.5, 10.625, 11, 10.75], "texture": "#0"}
			}
		},
		{
			"name": "Voxels",
			"from": [3.17827, 3.13284, -0.5461],
			"to": [4.34797, 3.52274, 0.2337],
			"rotation": {"angle": 0, "axis": "y", "origin": [10.19647, 10.93084, 8.4216]},
			"faces": {
				"north": {"uv": [14.375, 10.625, 14, 10.75], "texture": "#0"},
				"east": {"uv": [5.25, 8.75, 5, 8.875], "texture": "#0"},
				"south": {"uv": [13.625, 10.625, 14, 10.75], "texture": "#0"},
				"west": {"uv": [0, 0, 0.25, 0.125], "texture": "#0"},
				"up": {"uv": [2.625, 1.125, 3, 0.875], "texture": "#0"},
				"down": {"uv": [2.25, 0.875, 2.625, 1.125], "texture": "#0"}
			}
		},
		{
			"name": "Voxels",
			"from": [3.17827, 3.13284, 15.0499],
			"to": [4.34797, 3.52274, 15.4398],
			"rotation": {"angle": 0, "axis": "y", "origin": [10.19647, 10.93084, 8.4216]},
			"faces": {
				"north": {"uv": [8.125, 10.5, 7.75, 10.625], "texture": "#0"},
				"east": {"uv": [13, 10.5, 12.875, 10.625], "texture": "#0"},
				"south": {"uv": [15.375, 13.125, 15.75, 13.25], "texture": "#0"},
				"west": {"uv": [12.75, 10.5, 12.875, 10.625], "texture": "#0"},
				"up": {"uv": [5.875, 10.625, 6.25, 10.5], "texture": "#0"},
				"down": {"uv": [5.5, 10.5, 5.875, 10.625], "texture": "#0"}
			}
		},
		{
			"name": "Voxels",
			"from": [3.17827, 3.52274, 13.8802],
			"to": [16.82477, 5.47224, 14.2701],
			"rotation": {"angle": 0, "axis": "y", "origin": [10.19647, 10.93084, 8.4216]},
			"faces": {
				"north": {"uv": [4.375, 12.5, 0, 13.125], "texture": "#0"},
				"east": {"uv": [3, 0.25, 2.875, 0.875], "texture": "#0"},
				"south": {"uv": [4.375, 12.5, 8.75, 13.125], "texture": "#0"},
				"west": {"uv": [2.625, 0.25, 2.75, 0.875], "texture": "#0"},
				"up": {"uv": [0.75, 7.25, 5.125, 7.125], "texture": "#0"},
				"down": {"uv": [0.75, 6.875, 5.125, 7], "texture": "#0"}
			}
		},
		{
			"name": "Voxels",
			"from": [3.56817, 1.18334, 13.8802],
			"to": [16.82477, 3.52274, 14.2701],
			"rotation": {"angle": 0, "axis": "y", "origin": [10.19647, 10.93084, 8.4216]},
			"faces": {
				"north": {"uv": [4.25, 13.125, 0, 13.875], "texture": "#0"},
				"east": {"uv": [15.875, 13.125, 15.75, 13.875], "texture": "#0"},
				"south": {"uv": [8.75, 13.875, 13, 14.625], "texture": "#0"},
				"west": {"uv": [0.625, 1.375, 0.75, 2.125], "texture": "#0"},
				"up": {"uv": [1, 6.875, 5.25, 6.75], "texture": "#0"},
				"down": {"uv": [1, 6.625, 5.25, 6.75], "texture": "#0"}
			}
		},
		{
			"name": "Voxels",
			"from": [4.34797, 3.13284, -0.1562],
			"to": [17.60457, 3.52274, 0.2337],
			"rotation": {"angle": 0, "axis": "y", "origin": [10.19647, 10.93084, 8.4216]},
			"faces": {
				"north": {"uv": [5.25, 6.5, 1, 6.625], "texture": "#0"},
				"east": {"uv": [8.5, 10.375, 8.375, 10.5], "texture": "#0"},
				"south": {"uv": [1, 6.25, 5.25, 6.375], "texture": "#0"},
				"west": {"uv": [8.25, 10.375, 8.375, 10.5], "texture": "#0"},
				"up": {"uv": [5.25, 10.75, 9.5, 10.625], "texture": "#0"},
				"down": {"uv": [1, 6.375, 5.25, 6.5], "texture": "#0"}
			}
		},
		{
			"name": "Voxels",
			"from": [4.73787, 2.74294, -0.1562],
			"to": [17.60457, 3.13284, 0.2337],
			"rotation": {"angle": 0, "axis": "y", "origin": [10.19647, 10.93084, 8.4216]},
			"faces": {
				"north": {"uv": [5.25, 5.75, 1.125, 5.875], "texture": "#0"},
				"east": {"uv": [10, 10.375, 9.875, 10.5], "texture": "#0"},
				"south": {"uv": [1.125, 5.375, 5.25, 5.5], "texture": "#0"},
				"west": {"uv": [9.75, 10.375, 9.875, 10.5], "texture": "#0"},
				"up": {"uv": [1.125, 5.375, 5.25, 5.25], "texture": "#0"},
				"down": {"uv": [1.125, 5.875, 5.25, 6], "texture": "#0"}
			}
		},
		{
			"name": "Voxels",
			"from": [5.12777, 2.35304, -0.1562],
			"to": [17.60457, 2.74294, 0.2337],
			"rotation": {"angle": 0, "axis": "y", "origin": [10.19647, 10.93084, 8.4216]},
			"faces": {
				"north": {"uv": [5.25, 4.875, 1.25, 5], "texture": "#0"},
				"east": {"uv": [11, 10.375, 10.875, 10.5], "texture": "#0"},
				"south": {"uv": [1.25, 4.75, 5.25, 4.875], "texture": "#0"},
				"west": {"uv": [10.75, 10.375, 10.875, 10.5], "texture": "#0"},
				"up": {"uv": [1.25, 5.125, 5.25, 5], "texture": "#0"},
				"down": {"uv": [1.25, 5.125, 5.25, 5.25], "texture": "#0"}
			}
		},
		{
			"name": "Voxels",
			"from": [5.51767, 1.96314, -0.1562],
			"to": [17.60457, 2.35304, 0.2337],
			"rotation": {"angle": 0, "axis": "y", "origin": [10.19647, 10.93084, 8.4216]},
			"faces": {
				"north": {"uv": [5.125, 4.375, 1.25, 4.5], "texture": "#0"},
				"east": {"uv": [5.25, 9.75, 5.125, 9.875], "texture": "#0"},
				"south": {"uv": [1.25, 4.25, 5.125, 4.375], "texture": "#0"},
				"west": {"uv": [5.125, 9.875, 5.25, 10], "texture": "#0"},
				"up": {"uv": [1.25, 4.625, 5.125, 4.5], "texture": "#0"},
				"down": {"uv": [1.25, 4.625, 5.125, 4.75], "texture": "#0"}
			}
		},
		{
			"name": "Voxels",
			"from": [5.90757, 1.57324, -0.1562],
			"to": [17.60457, 1.96314, 0.2337],
			"rotation": {"angle": 0, "axis": "y", "origin": [10.19647, 10.93084, 8.4216]},
			"faces": {
				"north": {"uv": [5, 3.75, 1.25, 3.875], "texture": "#0"},
				"east": {"uv": [5.25, 8.625, 5.125, 8.75], "texture": "#0"},
				"south": {"uv": [1.25, 3.625, 5, 3.75], "texture": "#0"},
				"west": {"uv": [5.125, 9.125, 5.25, 9.25], "texture": "#0"},
				"up": {"uv": [1.25, 4, 5, 3.875], "texture": "#0"},
				"down": {"uv": [1.25, 3.5, 5, 3.625], "texture": "#0"}
			}
		},
		{
			"name": "Voxels",
			"from": [6.29747, 0.79344, -0.1562],
			"to": [17.60457, 1.18334, 0.2337],
			"rotation": {"angle": 0, "axis": "y", "origin": [10.19647, 10.93084, 8.4216]},
			"faces": {
				"north": {"uv": [4.875, 3.125, 1.25, 3.25], "texture": "#0"},
				"east": {"uv": [5.25, 7.625, 5.125, 7.75], "texture": "#0"},
				"south": {"uv": [1.25, 3, 4.875, 3.125], "texture": "#0"},
				"west": {"uv": [5.125, 7.75, 5.25, 7.875], "texture": "#0"},
				"up": {"uv": [1.25, 3.375, 4.875, 3.25], "texture": "#0"},
				"down": {"uv": [1.25, 3.375, 4.875, 3.5], "texture": "#0"}
			}
		},
		{
			"name": "Voxels",
			"from": [7.85707, 6.64194, 0.2337],
			"to": [17.99447, 7.03184, 0.6236],
			"rotation": {"angle": 0, "axis": "y", "origin": [10.19647, 10.93084, 8.4216]},
			"faces": {
				"north": {"uv": [4.5, 2.625, 1.25, 2.75], "texture": "#0"},
				"east": {"uv": [5.25, 4.5, 5.125, 4.625], "texture": "#0"},
				"south": {"uv": [1.25, 2.5, 4.5, 2.625], "texture": "#0"},
				"west": {"uv": [5.125, 4.625, 5.25, 4.75], "texture": "#0"},
				"up": {"uv": [1.25, 2.875, 4.5, 2.75], "texture": "#0"},
				"down": {"uv": [1.25, 2.875, 4.5, 3], "texture": "#0"}
			}
		},
		{
			"name": "Voxels",
			"from": [14.87527, 11.32074, 1.4034],
			"to": [15.65507, 11.71064, 13.4903],
			"rotation": {"angle": 0, "axis": "y", "origin": [10.19647, 10.93084, 8.4216]},
			"faces": {
				"north": {"uv": [5.25, 9, 5, 9.125], "texture": "#0"},
				"east": {"uv": [5.125, 4, 1.25, 4.125], "texture": "#0"},
				"south": {"uv": [5, 8.875, 5.25, 9], "texture": "#0"},
				"west": {"uv": [1.25, 4.125, 5.125, 4.25], "texture": "#0"},
				"up": {"uv": [0, 7.625, 0.25, 3.75], "texture": "#0"},
				"down": {"uv": [0, 7.625, 0.25, 11.5], "texture": "#0"}
			}
		},
		{
			"name": "Voxels",
			"from": [15.26517, 10.54094, 0.6236],
			"to": [16.04497, 11.32074, 1.0135],
			"rotation": {"angle": 0, "axis": "y", "origin": [10.19647, 10.93084, 8.4216]},
			"faces": {
				"north": {"uv": [16, 12, 15.75, 12.25], "texture": "#0"},
				"east": {"uv": [16, 12.875, 15.875, 13.125], "texture": "#0"},
				"south": {"uv": [0, 0.125, 0.25, 0.375], "texture": "#0"},
				"west": {"uv": [15, 13.875, 15.125, 14.125], "texture": "#0"},
				"up": {"uv": [5, 7.625, 5.25, 7.5], "texture": "#0"},
				"down": {"uv": [5, 8.125, 5.25, 8.25], "texture": "#0"}
			}
		},
		{
			"name": "Voxels",
			"from": [15.26517, 10.54094, 13.8802],
			"to": [16.04497, 11.32074, 14.2701],
			"rotation": {"angle": 0, "axis": "y", "origin": [10.19647, 10.93084, 8.4216]},
			"faces": {
				"north": {"uv": [3.25, 0.875, 3, 1.125], "texture": "#0"},
				"east": {"uv": [0.875, 0, 0.75, 0.25], "texture": "#0"},
				"south": {"uv": [3, 0, 3.25, 0.25], "texture": "#0"},
				"west": {"uv": [15.875, 12.625, 16, 12.875], "texture": "#0"},
				"up": {"uv": [5, 3.75, 5.25, 3.625], "texture": "#0"},
				"down": {"uv": [5, 3.75, 5.25, 3.875], "texture": "#0"}
			}
		},
		{
			"name": "Voxels",
			"from": [15.26517, 11.32074, 1.0135],
			"to": [15.65507, 11.71064, 1.4034],
			"rotation": {"angle": 0, "axis": "y", "origin": [10.19647, 10.93084, 8.4216]},
			"faces": {
				"north": {"uv": [5.5, 0.25, 5.375, 0.375], "texture": "#0"},
				"east": {"uv": [5.375, 0, 5.25, 0.125], "texture": "#0"},
				"south": {"uv": [5.25, 0.125, 5.375, 0.25], "texture": "#0"},
				"west": {"uv": [5.375, 0.125, 5.5, 0.25], "texture": "#0"},
				"up": {"uv": [5.25, 0.375, 5.375, 0.25], "texture": "#0"},
				"down": {"uv": [5.375, 0.875, 5.5, 1], "texture": "#0"}
			}
		},
		{
			"name": "Voxels",
			"from": [15.26517, 11.32074, 13.4903],
			"to": [15.65507, 11.71064, 13.8802],
			"rotation": {"angle": 0, "axis": "y", "origin": [10.19647, 10.93084, 8.4216]},
			"faces": {
				"north": {"uv": [8.375, 10.5, 8.25, 10.625], "texture": "#0"},
				"east": {"uv": [8.75, 10.5, 8.625, 10.625], "texture": "#0"},
				"south": {"uv": [8.375, 10.5, 8.5, 10.625], "texture": "#0"},
				"west": {"uv": [8.5, 10.5, 8.625, 10.625], "texture": "#0"},
				"up": {"uv": [8.125, 10.625, 8.25, 10.5], "texture": "#0"},
				"down": {"uv": [5.375, 0, 5.5, 0.125], "texture": "#0"}
			}
		},
		{
			"name": "Voxels",
			"from": [15.65507, 9.76114, 0.6236],
			"to": [16.43487, 10.54094, 1.0135],
			"rotation": {"angle": 0, "axis": "y", "origin": [10.19647, 10.93084, 8.4216]},
			"faces": {
				"north": {"uv": [4.125, 0, 3.875, 0.25], "texture": "#0"},
				"east": {"uv": [3.375, 0.875, 3.25, 1.125], "texture": "#0"},
				"south": {"uv": [4.25, 0.125, 4.5, 0.375], "texture": "#0"},
				"west": {"uv": [1, 0, 1.125, 0.25], "texture": "#0"},
				"up": {"uv": [4.5, 0.125, 4.75, 0], "texture": "#0"},
				"down": {"uv": [4.25, 0, 4.5, 0.125], "texture": "#0"}
			}
		},
		{
			"name": "Voxels",
			"from": [15.65507, 9.76114, 13.8802],
			"to": [16.43487, 10.54094, 14.2701],
			"rotation": {"angle": 0, "axis": "y", "origin": [10.19647, 10.93084, 8.4216]},
			"faces": {
				"north": {"uv": [4.75, 0.125, 4.5, 0.375], "texture": "#0"},
				"east": {"uv": [2.875, 0, 2.75, 0.25], "texture": "#0"},
				"south": {"uv": [4.75, 0.25, 5, 0.5], "texture": "#0"},
				"west": {"uv": [2.625, 0, 2.75, 0.25], "texture": "#0"},
				"up": {"uv": [5.25, 6.5, 5.5, 6.375], "texture": "#0"},
				"down": {"uv": [5.25, 6.5, 5.5, 6.625], "texture": "#0"}
			}
		},
		{
			"name": "Voxels",
			"from": [16.04497, 8.98134, 0.6236],
			"to": [16.82477, 9.76114, 1.0135],
			"rotation": {"angle": 0, "axis": "y", "origin": [10.19647, 10.93084, 8.4216]},
			"faces": {
				"north": {"uv": [5.25, 0.25, 5, 0.5], "texture": "#0"},
				"east": {"uv": [3.875, 0, 3.75, 0.25], "texture": "#0"},
				"south": {"uv": [4.75, 0, 5, 0.25], "texture": "#0"},
				"west": {"uv": [3.375, 0, 3.5, 0.25], "texture": "#0"},
				"up": {"uv": [5.25, 6, 5.5, 5.875], "texture": "#0"},
				"down": {"uv": [5.25, 6, 5.5, 6.125], "texture": "#0"}
			}
		},
		{
			"name": "Voxels",
			"from": [16.04497, 8.98134, 13.8802],
			"to": [16.82477, 9.76114, 14.2701],
			"rotation": {"angle": 0, "axis": "y", "origin": [10.19647, 10.93084, 8.4216]},
			"faces": {
				"north": {"uv": [5.25, 0, 5, 0.25], "texture": "#0"},
				"east": {"uv": [5.375, 5.375, 5.25, 5.625], "texture": "#0"},
				"south": {"uv": [5.25, 10.375, 5.5, 10.625], "texture": "#0"},
				"west": {"uv": [5.375, 6.875, 5.5, 7.125], "texture": "#0"},
				"up": {"uv": [5.25, 5.75, 5.5, 5.625], "texture": "#0"},
				"down": {"uv": [5.25, 5.75, 5.5, 5.875], "texture": "#0"}
			}
		},
		{
			"name": "Voxels",
			"from": [16.43487, 8.20154, 0.6236],
			"to": [17.21467, 8.98134, 1.0135],
			"rotation": {"angle": 0, "axis": "y", "origin": [10.19647, 10.93084, 8.4216]},
			"faces": {
				"north": {"uv": [5.5, 10.125, 5.25, 10.375], "texture": "#0"},
				"east": {"uv": [5.5, 4.75, 5.375, 5], "texture": "#0"},
				"south": {"uv": [5.25, 9.875, 5.5, 10.125], "texture": "#0"},
				"west": {"uv": [5.25, 4.75, 5.375, 5], "texture": "#0"},
				"up": {"uv": [5.25, 5.25, 5.5, 5.125], "texture": "#0"},
				"down": {"uv": [5.25, 5.25, 5.5, 5.375], "texture": "#0"}
			}
		},
		{
			"name": "Voxels",
			"from": [16.43487, 8.20154, 13.8802],
			"to": [17.21467, 8.98134, 14.2701],
			"rotation": {"angle": 0, "axis": "y", "origin": [10.19647, 10.93084, 8.4216]},
			"faces": {
				"north": {"uv": [5.5, 9.625, 5.25, 9.875], "texture": "#0"},
				"east": {"uv": [5.375, 3.875, 5.25, 4.125], "texture": "#0"},
				"south": {"uv": [5.25, 9.375, 5.5, 9.625], "texture": "#0"},
				"west": {"uv": [5.375, 4.25, 5.5, 4.5], "texture": "#0"},
				"up": {"uv": [5.25, 4.625, 5.5, 4.5], "texture": "#0"},
				"down": {"uv": [5.25, 4.625, 5.5, 4.75], "texture": "#0"}
			}
		},
		{
			"name": "Voxels",
			"from": [16.82477, 4.30254, 0.2337],
			"to": [17.21467, 4.69244, 0.6236],
			"rotation": {"angle": 0, "axis": "y", "origin": [10.19647, 10.93084, 8.4216]},
			"faces": {
				"north": {"uv": [13.625, 10.5, 13.5, 10.625], "texture": "#0"},
				"east": {"uv": [14, 10.5, 13.875, 10.625], "texture": "#0"},
				"south": {"uv": [13.625, 10.5, 13.75, 10.625], "texture": "#0"},
				"west": {"uv": [13.75, 10.5, 13.875, 10.625], "texture": "#0"},
				"up": {"uv": [13.375, 10.625, 13.5, 10.5], "texture": "#0"},
				"down": {"uv": [13.25, 10.5, 13.375, 10.625], "texture": "#0"}
			}
		},
		{
			"name": "Voxels",
			"from": [16.82477, 4.30254, 14.2701],
			"to": [17.21467, 4.69244, 14.66],
			"rotation": {"angle": 0, "axis": "y", "origin": [10.19647, 10.93084, 8.4216]},
			"faces": {
				"north": {"uv": [14.375, 10.5, 14.25, 10.625], "texture": "#0"},
				"east": {"uv": [14.75, 10.5, 14.625, 10.625], "texture": "#0"},
				"south": {"uv": [14.375, 10.5, 14.5, 10.625], "texture": "#0"},
				"west": {"uv": [14.5, 10.5, 14.625, 10.625], "texture": "#0"},
				"up": {"uv": [14.125, 10.625, 14.25, 10.5], "texture": "#0"},
				"down": {"uv": [14, 10.5, 14.125, 10.625], "texture": "#0"}
			}
		},
		{
			"name": "Voxels",
			"from": [16.82477, 6.64194, 0.6236],
			"to": [17.21467, 8.20154, 1.0135],
			"rotation": {"angle": 0, "axis": "y", "origin": [10.19647, 10.93084, 8.4216]},
			"faces": {
				"north": {"uv": [5.375, 8.875, 5.25, 9.375], "texture": "#0"},
				"east": {"uv": [5.5, 8.375, 5.375, 8.875], "texture": "#0"},
				"south": {"uv": [5.375, 8.875, 5.5, 9.375], "texture": "#0"},
				"west": {"uv": [5.25, 8.375, 5.375, 8.875], "texture": "#0"},
				"up": {"uv": [14.875, 10.625, 15, 10.5], "texture": "#0"},
				"down": {"uv": [14.75, 10.5, 14.875, 10.625], "texture": "#0"}
			}
		},
		{
			"name": "Voxels",
			"from": [16.82477, 6.64194, 13.8802],
			"to": [17.21467, 8.20154, 14.2701],
			"rotation": {"angle": 0, "axis": "y", "origin": [10.19647, 10.93084, 8.4216]},
			"faces": {
				"north": {"uv": [5.375, 7.875, 5.25, 8.375], "texture": "#0"},
				"east": {"uv": [5.5, 7.375, 5.375, 7.875], "texture": "#0"},
				"south": {"uv": [5.375, 7.875, 5.5, 8.375], "texture": "#0"},
				"west": {"uv": [5.25, 7.375, 5.375, 7.875], "texture": "#0"},
				"up": {"uv": [15.625, 10.625, 15.75, 10.5], "texture": "#0"},
				"down": {"uv": [15.5, 10.5, 15.625, 10.625], "texture": "#0"}
			}
		},
		{
			"name": "Voxels",
			"from": [17.21467, 1.18334, -0.1562],
			"to": [17.60457, 1.57324, 0.2337],
			"rotation": {"angle": 0, "axis": "y", "origin": [10.19647, 10.93084, 8.4216]},
			"faces": {
				"north": {"uv": [6.125, 10.375, 6, 10.5], "texture": "#0"},
				"east": {"uv": [6.5, 10.375, 6.375, 10.5], "texture": "#0"},
				"south": {"uv": [6.125, 10.375, 6.25, 10.5], "texture": "#0"},
				"west": {"uv": [6.25, 10.375, 6.375, 10.5], "texture": "#0"},
				"up": {"uv": [5.875, 10.5, 6, 10.375], "texture": "#0"},
				"down": {"uv": [5.75, 10.375, 5.875, 10.5], "texture": "#0"}
			}
		},
		{
			"name": "Voxels",
			"from": [17.21467, 1.18334, 14.66],
			"to": [17.60457, 1.57324, 15.0499],
			"rotation": {"angle": 0, "axis": "y", "origin": [10.19647, 10.93084, 8.4216]},
			"faces": {
				"north": {"uv": [6.875, 10.375, 6.75, 10.5], "texture": "#0"},
				"east": {"uv": [7.25, 10.375, 7.125, 10.5], "texture": "#0"},
				"south": {"uv": [6.875, 10.375, 7, 10.5], "texture": "#0"},
				"west": {"uv": [7, 10.375, 7.125, 10.5], "texture": "#0"},
				"up": {"uv": [6.625, 10.5, 6.75, 10.375], "texture": "#0"},
				"down": {"uv": [6.5, 10.375, 6.625, 10.5], "texture": "#0"}
			}
		},
		{
			"name": "Voxels",
			"from": [17.21467, 7.03184, 0.6236],
			"to": [17.99447, 7.42174, 1.0135],
			"rotation": {"angle": 0, "axis": "y", "origin": [10.19647, 10.93084, 8.4216]},
			"faces": {
				"north": {"uv": [5.5, 2.5, 5.25, 2.625], "texture": "#0"},
				"east": {"uv": [8, 10.375, 7.875, 10.5], "texture": "#0"},
				"south": {"uv": [5.25, 2.375, 5.5, 2.5], "texture": "#0"},
				"west": {"uv": [7.75, 10.375, 7.875, 10.5], "texture": "#0"},
				"up": {"uv": [5.25, 2.75, 5.5, 2.625], "texture": "#0"},
				"down": {"uv": [5.25, 2.75, 5.5, 2.875], "texture": "#0"}
			}
		},
		{
			"name": "Voxels",
			"from": [17.21467, 7.03184, 13.8802],
			"to": [17.99447, 7.42174, 14.2701],
			"rotation": {"angle": 0, "axis": "y", "origin": [10.19647, 10.93084, 8.4216]},
			"faces": {
				"north": {"uv": [5.5, 2, 5.25, 2.125], "texture": "#0"},
				"east": {"uv": [8.75, 10.375, 8.625, 10.5], "texture": "#0"},
				"south": {"uv": [5.25, 1.875, 5.5, 2], "texture": "#0"},
				"west": {"uv": [8.5, 10.375, 8.625, 10.5], "texture": "#0"},
				"up": {"uv": [5.25, 2.25, 5.5, 2.125], "texture": "#0"},
				"down": {"uv": [5.25, 2.25, 5.5, 2.375], "texture": "#0"}
			}
		},
		{
			"name": "Voxels",
			"from": [17.21467, 7.42174, 0.6236],
			"to": [17.60457, 8.20154, 1.0135],
			"rotation": {"angle": 0, "axis": "y", "origin": [10.19647, 10.93084, 8.4216]},
			"faces": {
				"north": {"uv": [5.5, 3.875, 5.375, 4.125], "texture": "#0"},
				"east": {"uv": [5.375, 1.375, 5.25, 1.625], "texture": "#0"},
				"south": {"uv": [5.25, 1.625, 5.375, 1.875], "texture": "#0"},
				"west": {"uv": [5.375, 1.625, 5.5, 1.875], "texture": "#0"},
				"up": {"uv": [8.875, 10.5, 9, 10.375], "texture": "#0"},
				"down": {"uv": [8.75, 10.375, 8.875, 10.5], "texture": "#0"}
			}
		},
		{
			"name": "Voxels",
			"from": [17.21467, 7.42174, 13.8802],
			"to": [17.60457, 8.20154, 14.2701],
			"rotation": {"angle": 0, "axis": "y", "origin": [10.19647, 10.93084, 8.4216]},
			"faces": {
				"north": {"uv": [5.5, 1.375, 5.375, 1.625], "texture": "#0"},
				"east": {"uv": [5.375, 0.875, 5.25, 1.125], "texture": "#0"},
				"south": {"uv": [5.25, 1.125, 5.375, 1.375], "texture": "#0"},
				"west": {"uv": [5.375, 1.125, 5.5, 1.375], "texture": "#0"},
				"up": {"uv": [9.625, 10.5, 9.75, 10.375], "texture": "#0"},
				"down": {"uv": [9.5, 10.375, 9.625, 10.5], "texture": "#0"}
			}
		},
		{
			"name": "Voxels",
			"from": [17.60457, 7.03184, 1.0135],
			"to": [17.99447, 7.42174, 13.8802],
			"rotation": {"angle": 0, "axis": "y", "origin": [10.19647, 10.93084, 8.4216]},
			"faces": {
				"north": {"uv": [10.625, 10.375, 10.5, 10.5], "texture": "#0"},
				"east": {"uv": [5.25, 5.625, 1.125, 5.75], "texture": "#0"},
				"south": {"uv": [10.625, 10.375, 10.75, 10.5], "texture": "#0"},
				"west": {"uv": [1.125, 5.5, 5.25, 5.625], "texture": "#0"},
				"up": {"uv": [1.125, 5.25, 1.25, 1.125], "texture": "#0"},
				"down": {"uv": [0.375, 0, 0.5, 4.125], "texture": "#0"}
			}
		}
	],
	"display": {
		"thirdperson_righthand": {
			"translation": [-0.5, 1.25, 0],
			"scale": [0.4, 0.4, 0.4]
		},
		"thirdperson_lefthand": {
			"translation": [0.5, 0.75, 0],
			"scale": [0.4, 0.4, 0.4]
		},
		"firstperson_righthand": {
			"rotation": [0, 50, 0],
			"translation": [2.5, 5, -2],
			"scale": [0.35, 0.35, 0.35]
		},
		"firstperson_lefthand": {
			"rotation": [0, -130, 0],
			"translation": [0, 5, -0.5],
			"scale": [0.35, 0.35, 0.35]
		},
		"ground": {
			"translation": [-2.25, 10, 1],
			"scale": [1.52, 1.52, 1.52]
		},
		"gui": {
			"rotation": [30, -60, 0],
			"translation": [-0.75, 2.75, 0],
			"scale": [0.71, 0.71, 0.71]
		},
		"head": {
			"rotation": [0, 90, 0],
			"translation": [1.75, -12.5, 5.25],
			"scale": [3.4, 3.4, 3.4]
		},
		"fixed": {
			"rotation": [-17, -179, 0],
			"translation": [1.25, 3.75, -4.25],
			"scale": [1.01, 1.01, 1.01]
		}
	},
	"groups": [
		{
			"name": "canary_body_gray",
			"origin": [8, 8, 8],
			"children": [0, 1, 2, 3, 4, 5, 6, 7, 8, 9, 10, 11, 12, 13, 14, 15, 16, 17, 18, 19, 20, 21, 22, 23, 24, 25, 26, 27, 28, 29, 30, 31, 32, 33, 34, 35, 36, 37, 38, 39, 40, 41, 42, 43, 44, 45, 46, 47, 48, 49, 50, 51, 52, 53, 54, 55, 56, 57, 58, 59, 60, 61, 62, 63, 64, 65, 66, 67, 68, 69, 70, 71, 72, 73, 74, 75, 76, 77, 78, 79, 80, 81, 82, 83, 84, 85, 86, 87, 88, 89, 90, 91, 92]
		}
	]
}