{
	"credit": "Made with Blockbench",
	"textures": {
		"1_0": "custom/addons/canary_backwindow_gray"
	},
	"elements": [
		{
			"name": "Voxels",
			"from": [-10.99548, 6.97168, 2.93584],
			"to": [-10.60246, 7.36469, 11.97514],
			"rotation": {"angle": 0, "axis": "y", "origin": [2.56341, 15.42142, 8.63459]},
			"faces": {
				"north": {"uv": [0.5, 0, 0.25, 0.25], "texture": "#1_0"},
				"east": {"uv": [9.5, 11.75, 3.75, 12], "texture": "#1_0"},
				"south": {"uv": [0.5, 0, 0.75, 0.25], "texture": "#1_0"},
				"west": {"uv": [9.5, 11.75, 15.25, 12], "texture": "#1_0"},
				"up": {"uv": [1.75, 9, 2, 3.25], "texture": "#1_0"},
				"down": {"uv": [1.5, 3.25, 1.75, 9], "texture": "#1_0"}
			}
		},
		{
			"name": "Voxels",
			"from": [-10.60248, 7.36467, 2.54284],
			"to": [-10.20947, 8.1507, 12.36816],
			"rotation": {"angle": 0, "axis": "y", "origin": [2.56341, 15.42142, 8.63459]},
			"faces": {
				"north": {"uv": [3.75, 5.75, 3.5, 6.25], "texture": "#1_0"},
				"east": {"uv": [6.25, 12, 0, 12.5], "texture": "#1_0"},
				"south": {"uv": [3.5, 5.25, 3.75, 5.75], "texture": "#1_0"},
				"west": {"uv": [6.25, 12.5, 12.5, 13], "texture": "#1_0"},
				"up": {"uv": [0, 9, 0.25, 2.75], "texture": "#1_0"},
				"down": {"uv": [0.5, 2.75, 0.75, 9], "texture": "#1_0"}
			}
		},
		{
			"name": "Voxels",
			"from": [-10.20949, 8.15067, 2.54284],
			"to": [-9.81647, 8.93669, 12.36816],
			"rotation": {"angle": 0, "axis": "y", "origin": [2.56341, 15.42142, 8.63459]},
			"faces": {
				"north": {"uv": [3.75, 4.75, 3.5, 5.25], "texture": "#1_0"},
				"east": {"uv": [12.5, 12, 6.25, 12.5], "texture": "#1_0"},
				"south": {"uv": [3.5, 4.25, 3.75, 4.75], "texture": "#1_0"},
				"west": {"uv": [0, 12.5, 6.25, 13], "texture": "#1_0"},
				"up": {"uv": [0.25, 9, 0.5, 2.75], "texture": "#1_0"},
				"down": {"uv": [1.25, 2.75, 1.5, 9], "texture": "#1_0"}
			}
		},
		{
			"name": "Voxels",
			"from": [-9.81649, 8.93666, 2.54284],
			"to": [-9.42348, 9.72268, 12.36816],
			"rotation": {"angle": 0, "axis": "y", "origin": [2.56341, 15.42142, 8.63459]},
			"faces": {
				"north": {"uv": [3.75, 3.75, 3.5, 4.25], "texture": "#1_0"},
				"east": {"uv": [14.75, 13.5, 8.5, 14], "texture": "#1_0"},
				"south": {"uv": [8, 1.5, 8.25, 2], "texture": "#1_0"},
				"west": {"uv": [8.5, 13, 14.75, 13.5], "texture": "#1_0"},
				"up": {"uv": [0.75, 9, 1, 2.75], "texture": "#1_0"},
				"down": {"uv": [1, 2.75, 1.25, 9], "texture": "#1_0"}
			}
		},
		{
			"name": "Voxels",
			"from": [-9.81649, 9.72265, 4.90103],
			"to": [-9.42348, 10.11567, 10.0102],
			"rotation": {"angle": 0, "axis": "y", "origin": [2.56341, 15.42142, 8.63459]},
			"faces": {
				"north": {"uv": [3, 7.5, 2.75, 7.75], "texture": "#1_0"},
				"east": {"uv": [11.25, 3, 8, 3.25], "texture": "#1_0"},
				"south": {"uv": [3, 7.5, 3.25, 7.75], "texture": "#1_0"},
				"west": {"uv": [8, 3.25, 11.25, 3.5], "texture": "#1_0"},
				"up": {"uv": [2.25, 9, 2.5, 5.75], "texture": "#1_0"},
				"down": {"uv": [2, 5.75, 2.25, 9], "texture": "#1_0"}
			}
		},
		{
			"name": "Voxels",
			"from": [-9.4235, 9.72265, 2.54284],
			"to": [-9.03049, 10.11567, 4.90092],
			"rotation": {"angle": 0, "axis": "y", "origin": [2.56341, 15.42142, 8.63459]},
			"faces": {
				"north": {"uv": [16, 6.5, 15.75, 6.75], "texture": "#1_0"},
				"east": {"uv": [15.75, 11.5, 14.25, 11.75], "texture": "#1_0"},
				"south": {"uv": [3.25, 7.5, 3.5, 7.75], "texture": "#1_0"},
				"west": {"uv": [14.25, 11.25, 15.75, 11.5], "texture": "#1_0"},
				"up": {"uv": [0.25, 2.75, 0.5, 1.25], "texture": "#1_0"},
				"down": {"uv": [0, 1.25, 0.25, 2.75], "texture": "#1_0"}
			}
		},
		{
			"name": "Voxels",
			"from": [-9.4235, 9.72265, 10.01019],
			"to": [-9.03049, 10.11567, 12.36827],
			"rotation": {"angle": 0, "axis": "y", "origin": [2.56341, 15.42142, 8.63459]},
			"faces": {
				"north": {"uv": [3.75, 7.5, 3.5, 7.75], "texture": "#1_0"},
				"east": {"uv": [15.75, 10.75, 14.25, 11], "texture": "#1_0"},
				"south": {"uv": [3.5, 7.25, 3.75, 7.5], "texture": "#1_0"},
				"west": {"uv": [14.25, 11, 15.75, 11.25], "texture": "#1_0"},
				"up": {"uv": [2.5, 9, 2.75, 7.5], "texture": "#1_0"},
				"down": {"uv": [0.5, 1.25, 0.75, 2.75], "texture": "#1_0"}
			}
		},
		{
			"name": "Voxels",
			"from": [-9.0305, 7.36467, 0.57786],
			"to": [-6.67243, 8.93672, 0.97088],
			"rotation": {"angle": 0, "axis": "y", "origin": [2.56341, 15.42142, 8.63459]},
			"faces": {
				"north": {"uv": [14.25, 14, 12.75, 15], "texture": "#1_0"},
				"east": {"uv": [0.5, 0.25, 0.25, 1.25], "texture": "#1_0"},
				"south": {"uv": [14.25, 14, 15.75, 15], "texture": "#1_0"},
				"west": {"uv": [3, 7.75, 3.25, 8.75], "texture": "#1_0"},
				"up": {"uv": [14.5, 5.25, 16, 5], "texture": "#1_0"},
				"down": {"uv": [14.5, 5.25, 16, 5.5], "texture": "#1_0"}
			}
		},
		{
			"name": "Voxels",
			"from": [-9.0305, 7.36467, 13.94037],
			"to": [-6.67243, 8.93672, 14.33338],
			"rotation": {"angle": 0, "axis": "y", "origin": [2.56341, 15.42142, 8.63459]},
			"faces": {
				"north": {"uv": [14.25, 15, 12.75, 16], "texture": "#1_0"},
				"east": {"uv": [3.75, 7.75, 3.5, 8.75], "texture": "#1_0"},
				"south": {"uv": [14.25, 15, 15.75, 16], "texture": "#1_0"},
				"west": {"uv": [3.25, 7.75, 3.5, 8.75], "texture": "#1_0"},
				"up": {"uv": [2, 3.75, 3.5, 3.5], "texture": "#1_0"},
				"down": {"uv": [8, 2.5, 9.5, 2.75], "texture": "#1_0"}
			}
		},
		{
			"name": "Voxels",
			"from": [-8.6375, 8.93666, 0.57786],
			"to": [-6.27942, 9.72268, 0.97088],
			"rotation": {"angle": 0, "axis": "y", "origin": [2.56341, 15.42142, 8.63459]},
			"faces": {
				"north": {"uv": [3.5, 4.25, 2, 4.75], "texture": "#1_0"},
				"east": {"uv": [3.75, 9.5, 3.5, 10], "texture": "#1_0"},
				"south": {"uv": [2, 4.75, 3.5, 5.25], "texture": "#1_0"},
				"west": {"uv": [3.5, 9, 3.75, 9.5], "texture": "#1_0"},
				"up": {"uv": [2, 3.5, 3.5, 3.25], "texture": "#1_0"},
				"down": {"uv": [14.5, 4.75, 16, 5], "texture": "#1_0"}
			}
		},
		{
			"name": "Voxels",
			"from": [-8.6375, 8.93666, 13.94037],
			"to": [-6.27942, 9.72268, 14.33338],
			"rotation": {"angle": 0, "axis": "y", "origin": [2.56341, 15.42142, 8.63459]},
			"faces": {
				"north": {"uv": [3.5, 3.75, 2, 4.25], "texture": "#1_0"},
				"east": {"uv": [9, 2, 8.75, 2.5], "texture": "#1_0"},
				"south": {"uv": [2, 5.25, 3.5, 5.75], "texture": "#1_0"},
				"west": {"uv": [8.75, 1.5, 9, 2], "texture": "#1_0"},
				"up": {"uv": [2, 3, 3.5, 2.75], "texture": "#1_0"},
				"down": {"uv": [2, 3, 3.5, 3.25], "texture": "#1_0"}
			}
		},
		{
			"name": "Voxels",
			"from": [-8.24451, 9.72265, 0.57786],
			"to": [0.00877, 10.11567, 0.97088],
			"rotation": {"angle": 0, "axis": "y", "origin": [2.56341, 15.42142, 8.63459]},
			"faces": {
				"north": {"uv": [9, 11.25, 3.75, 11.5], "texture": "#1_0"},
				"east": {"uv": [8, 0.5, 7.75, 0.75], "texture": "#1_0"},
				"south": {"uv": [9, 11, 14.25, 11.25], "texture": "#1_0"},
				"west": {"uv": [11, 2.75, 11.25, 3], "texture": "#1_0"},
				"up": {"uv": [9, 11.5, 14.25, 11.25], "texture": "#1_0"},
				"down": {"uv": [3.75, 11, 9, 11.25], "texture": "#1_0"}
			}
		},
		{
			"name": "Voxels",
			"from": [-8.24451, 9.72265, 13.94037],
			"to": [0.00877, 10.11567, 14.33338],
			"rotation": {"angle": 0, "axis": "y", "origin": [2.56341, 15.42142, 8.63459]},
			"faces": {
				"north": {"uv": [9, 10.75, 3.75, 11], "texture": "#1_0"},
				"east": {"uv": [16, 10.75, 15.75, 11], "texture": "#1_0"},
				"south": {"uv": [9, 10.75, 14.25, 11], "texture": "#1_0"},
				"west": {"uv": [15.75, 11, 16, 11.25], "texture": "#1_0"},
				"up": {"uv": [3.75, 11.75, 9, 11.5], "texture": "#1_0"},
				"down": {"uv": [9, 11.5, 14.25, 11.75], "texture": "#1_0"}
			}
		},
		{
			"name": "Voxels",
			"from": [-7.85151, 7.36467, 0.18487],
			"to": [-6.67248, 7.75769, 0.57788],
			"rotation": {"angle": 0, "axis": "y", "origin": [2.56341, 15.42142, 8.63459]},
			"faces": {
				"north": {"uv": [11, 2.5, 10.25, 2.75], "texture": "#1_0"},
				"east": {"uv": [8, 1.75, 7.75, 2], "texture": "#1_0"},
				"south": {"uv": [15, 5.75, 15.75, 6], "texture": "#1_0"},
				"west": {"uv": [7.75, 2, 8, 2.25], "texture": "#1_0"},
				"up": {"uv": [9.5, 2.75, 10.25, 2.5], "texture": "#1_0"},
				"down": {"uv": [14.75, 5.5, 15.5, 5.75], "texture": "#1_0"}
			}
		},
		{
			"name": "Voxels",
			"from": [-7.85151, 7.36467, 14.33336],
			"to": [-6.67248, 7.75769, 14.72638],
			"rotation": {"angle": 0, "axis": "y", "origin": [2.56341, 15.42142, 8.63459]},
			"faces": {
				"north": {"uv": [8.75, 2, 8, 2.25], "texture": "#1_0"},
				"east": {"uv": [11, 2.25, 10.75, 2.5], "texture": "#1_0"},
				"south": {"uv": [8, 2.25, 8.75, 2.5], "texture": "#1_0"},
				"west": {"uv": [10.5, 2, 10.75, 2.25], "texture": "#1_0"},
				"up": {"uv": [15.25, 12, 16, 11.75], "texture": "#1_0"},
				"down": {"uv": [15.25, 6, 16, 6.25], "texture": "#1_0"}
			}
		},
		{
			"name": "Voxels",
			"from": [-7.45852, 7.75767, 0.18487],
			"to": [0.00873, 8.15068, 0.57788],
			"rotation": {"angle": 0, "axis": "y", "origin": [2.56341, 15.42142, 8.63459]},
			"faces": {
				"north": {"uv": [8.5, 10, 3.75, 10.25], "texture": "#1_0"},
				"east": {"uv": [3.75, 2.75, 3.5, 3], "texture": "#1_0"},
				"south": {"uv": [8.5, 10, 13.25, 10.25], "texture": "#1_0"},
				"west": {"uv": [3.5, 3, 3.75, 3.25], "texture": "#1_0"},
				"up": {"uv": [8.5, 10.5, 13.25, 10.25], "texture": "#1_0"},
				"down": {"uv": [3.75, 10.25, 8.5, 10.5], "texture": "#1_0"}
			}
		},
		{
			"name": "Voxels",
			"from": [-7.45852, 7.75767, 14.33336],
			"to": [0.00873, 8.15068, 14.72638],
			"rotation": {"angle": 0, "axis": "y", "origin": [2.56341, 15.42142, 8.63459]},
			"faces": {
				"north": {"uv": [13.25, 10.5, 8.5, 10.75], "texture": "#1_0"},
				"east": {"uv": [9.5, 2, 9.25, 2.25], "texture": "#1_0"},
				"south": {"uv": [8.5, 9.75, 13.25, 10], "texture": "#1_0"},
				"west": {"uv": [7.75, 0.25, 8, 0.5], "texture": "#1_0"},
				"up": {"uv": [3.75, 10.75, 8.5, 10.5], "texture": "#1_0"},
				"down": {"uv": [3.75, 9.75, 8.5, 10], "texture": "#1_0"}
			}
		},
		{
			"name": "Voxels",
			"from": [-7.45852, 10.11565, 0.57786],
			"to": [0.00873, 10.50866, 0.97088],
			"rotation": {"angle": 0, "axis": "y", "origin": [2.56341, 15.42142, 8.63459]},
			"faces": {
				"north": {"uv": [8.5, 9.25, 3.75, 9.5], "texture": "#1_0"},
				"east": {"uv": [9.75, 2, 9.5, 2.25], "texture": "#1_0"},
				"south": {"uv": [8.5, 9.25, 13.25, 9.5], "texture": "#1_0"},
				"west": {"uv": [9.5, 2.25, 9.75, 2.5], "texture": "#1_0"},
				"up": {"uv": [8.5, 9.75, 13.25, 9.5], "texture": "#1_0"},
				"down": {"uv": [3.75, 9.5, 8.5, 9.75], "texture": "#1_0"}
			}
		},
		{
			"name": "Voxels",
			"from": [-7.45852, 10.11565, 13.94037],
			"to": [0.00873, 10.50866, 14.33338],
			"rotation": {"angle": 0, "axis": "y", "origin": [2.56341, 15.42142, 8.63459]},
			"faces": {
				"north": {"uv": [8.5, 8.75, 3.75, 9], "texture": "#1_0"},
				"east": {"uv": [10.5, 2, 10.25, 2.25], "texture": "#1_0"},
				"south": {"uv": [8.5, 8.75, 13.25, 9], "texture": "#1_0"},
				"west": {"uv": [10.25, 2.25, 10.5, 2.5], "texture": "#1_0"},
				"up": {"uv": [8.5, 9.25, 13.25, 9], "texture": "#1_0"},
				"down": {"uv": [3.75, 9, 8.5, 9.25], "texture": "#1_0"}
			}
		},
		{
			"name": "Voxels",
			"from": [-7.06531, 8.15067, 0.18487],
			"to": [0.00893, 8.54368, 0.57788],
			"rotation": {"angle": 0, "axis": "y", "origin": [2.56341, 15.42142, 8.63459]},
			"faces": {
				"north": {"uv": [8.25, 8.5, 3.75, 8.75], "texture": "#1_0"},
				"east": {"uv": [11, 2, 10.75, 2.25], "texture": "#1_0"},
				"south": {"uv": [8.25, 7.75, 12.75, 8], "texture": "#1_0"},
				"west": {"uv": [11, 2.25, 11.25, 2.5], "texture": "#1_0"},
				"up": {"uv": [8.25, 8.75, 12.75, 8.5], "texture": "#1_0"},
				"down": {"uv": [3.75, 7.75, 8.25, 8], "texture": "#1_0"}
			}
		},
		{
			"name": "Voxels",
			"from": [-7.06531, 8.15067, 14.33336],
			"to": [0.00893, 8.54368, 14.72638],
			"rotation": {"angle": 0, "axis": "y", "origin": [2.56341, 15.42142, 8.63459]},
			"faces": {
				"north": {"uv": [8.25, 8, 3.75, 8.25], "texture": "#1_0"},
				"east": {"uv": [9.25, 0.75, 9, 1], "texture": "#1_0"},
				"south": {"uv": [8.25, 8.25, 12.75, 8.5], "texture": "#1_0"},
				"west": {"uv": [9, 1, 9.25, 1.25], "texture": "#1_0"},
				"up": {"uv": [3.75, 8.5, 8.25, 8.25], "texture": "#1_0"},
				"down": {"uv": [8.25, 8, 12.75, 8.25], "texture": "#1_0"}
			}
		},
		{
			"name": "Voxels",
			"from": [-6.67231, 8.15067, 0.57786],
			"to": [-6.2793, 8.93669, 0.97088],
			"rotation": {"angle": 0, "axis": "y", "origin": [2.56341, 15.42142, 8.63459]},
			"faces": {
				"north": {"uv": [8.75, 0.5, 8.5, 1], "texture": "#1_0"},
				"east": {"uv": [8.25, 1, 8, 1.5], "texture": "#1_0"},
				"south": {"uv": [8.25, 0.5, 8.5, 1], "texture": "#1_0"},
				"west": {"uv": [8, 0.5, 8.25, 1], "texture": "#1_0"},
				"up": {"uv": [9, 0.5, 9.25, 0.25], "texture": "#1_0"},
				"down": {"uv": [9, 0.5, 9.25, 0.75], "texture": "#1_0"}
			}
		},
		{
			"name": "Voxels",
			"from": [-6.67231, 8.15067, 13.94037],
			"to": [-6.2793, 8.93669, 14.33338],
			"rotation": {"angle": 0, "axis": "y", "origin": [2.56341, 15.42142, 8.63459]},
			"faces": {
				"north": {"uv": [8.75, 0, 8.5, 0.5], "texture": "#1_0"},
				"east": {"uv": [3.5, 5.75, 3.25, 6.25], "texture": "#1_0"},
				"south": {"uv": [8.5, 1.5, 8.75, 2], "texture": "#1_0"},
				"west": {"uv": [8.25, 1.5, 8.5, 2], "texture": "#1_0"},
				"up": {"uv": [7.75, 0.25, 8, 0], "texture": "#1_0"},
				"down": {"uv": [15.75, 5.75, 16, 6], "texture": "#1_0"}
			}
		},
		{
			"name": "Voxels",
			"from": [-6.67231, 8.54367, 0.18487],
			"to": [0.00891, 8.93667, 0.57788],
			"rotation": {"angle": 0, "axis": "y", "origin": [2.56341, 15.42142, 8.63459]},
			"faces": {
				"north": {"uv": [8, 4.25, 3.75, 4.5], "texture": "#1_0"},
				"east": {"uv": [8, 3, 7.75, 3.25], "texture": "#1_0"},
				"south": {"uv": [3.75, 4, 8, 4.25], "texture": "#1_0"},
				"west": {"uv": [7.75, 2.75, 8, 3], "texture": "#1_0"},
				"up": {"uv": [3.75, 5.25, 8, 5], "texture": "#1_0"},
				"down": {"uv": [3.75, 5.25, 8, 5.5], "texture": "#1_0"}
			}
		},
		{
			"name": "Voxels",
			"from": [-6.67231, 8.54367, 14.33336],
			"to": [0.00891, 8.93667, 14.72638],
			"rotation": {"angle": 0, "axis": "y", "origin": [2.56341, 15.42142, 8.63459]},
			"faces": {
				"north": {"uv": [8, 7.25, 3.75, 7.5], "texture": "#1_0"},
				"east": {"uv": [8, 3.25, 7.75, 3.5], "texture": "#1_0"},
				"south": {"uv": [3.75, 5.5, 8, 5.75], "texture": "#1_0"},
				"west": {"uv": [7.75, 3.5, 8, 3.75], "texture": "#1_0"},
				"up": {"uv": [3.75, 7.75, 8, 7.5], "texture": "#1_0"},
				"down": {"uv": [3.75, 3.75, 8, 4], "texture": "#1_0"}
			}
		},
		{
			"name": "Voxels",
			"from": [-6.27932, 8.93666, 0.18487],
			"to": [0.00889, 9.32968, 0.57788],
			"rotation": {"angle": 0, "axis": "y", "origin": [2.56341, 15.42142, 8.63459]},
			"faces": {
				"north": {"uv": [7.75, 3.5, 3.75, 3.75], "texture": "#1_0"},
				"east": {"uv": [8, 1.25, 7.75, 1.5], "texture": "#1_0"},
				"south": {"uv": [3.75, 3.25, 7.75, 3.5], "texture": "#1_0"},
				"west": {"uv": [7.75, 1.5, 8, 1.75], "texture": "#1_0"},
				"up": {"uv": [3.75, 1.5, 7.75, 1.25], "texture": "#1_0"},
				"down": {"uv": [8, 7, 12, 7.25], "texture": "#1_0"}
			}
		},
		{
			"name": "Voxels",
			"from": [-6.27932, 8.93666, 14.33336],
			"to": [0.00889, 9.32968, 14.72638],
			"rotation": {"angle": 0, "axis": "y", "origin": [2.56341, 15.42142, 8.63459]},
			"faces": {
				"north": {"uv": [7.75, 2.5, 3.75, 2.75], "texture": "#1_0"},
				"east": {"uv": [16, 5.5, 15.75, 5.75], "texture": "#1_0"},
				"south": {"uv": [3.75, 2.25, 7.75, 2.5], "texture": "#1_0"},
				"west": {"uv": [15.5, 5.5, 15.75, 5.75], "texture": "#1_0"},
				"up": {"uv": [3.75, 3, 7.75, 2.75], "texture": "#1_0"},
				"down": {"uv": [3.75, 3, 7.75, 3.25], "texture": "#1_0"}
			}
		},
		{
			"name": "Voxels",
			"from": [-6.27932, 9.32966, 0.57786],
			"to": [0.00889, 9.72267, 0.97088],
			"rotation": {"angle": 0, "axis": "y", "origin": [2.56341, 15.42142, 8.63459]},
			"faces": {
				"north": {"uv": [7.75, 1.5, 3.75, 1.75], "texture": "#1_0"},
				"east": {"uv": [3.75, 6.75, 3.5, 7], "texture": "#1_0"},
				"south": {"uv": [3.75, 1, 7.75, 1.25], "texture": "#1_0"},
				"west": {"uv": [3.5, 7, 3.75, 7.25], "texture": "#1_0"},
				"up": {"uv": [3.75, 2, 7.75, 1.75], "texture": "#1_0"},
				"down": {"uv": [3.75, 2, 7.75, 2.25], "texture": "#1_0"}
			}
		},
		{
			"name": "Voxels",
			"from": [-6.27932, 9.32966, 13.94037],
			"to": [0.00889, 9.72267, 14.33338],
			"rotation": {"angle": 0, "axis": "y", "origin": [2.56341, 15.42142, 8.63459]},
			"faces": {
				"north": {"uv": [12, 7.5, 8, 7.75], "texture": "#1_0"},
				"east": {"uv": [11.25, 2, 11, 2.25], "texture": "#1_0"},
				"south": {"uv": [12, 7.5, 16, 7.75], "texture": "#1_0"},
				"west": {"uv": [9, 1.75, 9.25, 2], "texture": "#1_0"},
				"up": {"uv": [3.75, 0.25, 7.75, 0], "texture": "#1_0"},
				"down": {"uv": [3.75, 0.25, 7.75, 0.5], "texture": "#1_0"}
			}
		},
		{
			"name": "Voxels",
			"from": [-6.27932, 10.50864, 0.57786],
			"to": [0.00889, 10.90165, 0.97088],
			"rotation": {"angle": 0, "axis": "y", "origin": [2.56341, 15.42142, 8.63459]},
			"faces": {
				"north": {"uv": [12, 6.5, 8, 6.75], "texture": "#1_0"},
				"east": {"uv": [10, 2.25, 9.75, 2.5], "texture": "#1_0"},
				"south": {"uv": [12, 6.75, 16, 7], "texture": "#1_0"},
				"west": {"uv": [10, 2, 10.25, 2.25], "texture": "#1_0"},
				"up": {"uv": [8, 7, 12, 6.75], "texture": "#1_0"},
				"down": {"uv": [12, 7, 16, 7.25], "texture": "#1_0"}
			}
		},
		{
			"name": "Voxels",
			"from": [-6.27932, 10.50864, 13.94037],
			"to": [0.00889, 10.90165, 14.33338],
			"rotation": {"angle": 0, "axis": "y", "origin": [2.56341, 15.42142, 8.63459]},
			"faces": {
				"north": {"uv": [7.75, 0.5, 3.75, 0.75], "texture": "#1_0"},
				"east": {"uv": [16, 11.5, 15.75, 11.75], "texture": "#1_0"},
				"south": {"uv": [3.75, 0.75, 7.75, 1], "texture": "#1_0"},
				"west": {"uv": [15.75, 11.25, 16, 11.5], "texture": "#1_0"},
				"up": {"uv": [8, 7.5, 12, 7.25], "texture": "#1_0"},
				"down": {"uv": [12, 7.25, 16, 7.5], "texture": "#1_0"}
			}
		},
		{
			"name": "Voxels",
			"from": [1.97381, 7.75767, 0.18487],
			"to": [8.65504, 9.32973, 0.57788],
			"rotation": {"angle": 0, "axis": "y", "origin": [2.56341, 15.42142, 8.63459]},
			"faces": {
				"north": {"uv": [4.25, 13, 0, 14], "texture": "#1_0"},
				"east": {"uv": [3.25, 5.75, 3, 6.75], "texture": "#1_0"},
				"south": {"uv": [4.25, 15, 8.5, 16], "texture": "#1_0"},
				"west": {"uv": [2.75, 5.75, 3, 6.75], "texture": "#1_0"},
				"up": {"uv": [3.75, 7, 8, 6.75], "texture": "#1_0"},
				"down": {"uv": [3.75, 6.5, 8, 6.75], "texture": "#1_0"}
			}
		},
		{
			"name": "Voxels",
			"from": [1.97381, 7.75767, 14.33336],
			"to": [8.65504, 9.32973, 14.72638],
			"rotation": {"angle": 0, "axis": "y", "origin": [2.56341, 15.42142, 8.63459]},
			"faces": {
				"north": {"uv": [12.75, 15, 8.5, 16], "texture": "#1_0"},
				"east": {"uv": [16, 15, 15.75, 16], "texture": "#1_0"},
				"south": {"uv": [0, 14, 4.25, 15], "texture": "#1_0"},
				"west": {"uv": [2.5, 5.75, 2.75, 6.75], "texture": "#1_0"},
				"up": {"uv": [3.75, 5, 8, 4.75], "texture": "#1_0"},
				"down": {"uv": [3.75, 4.5, 8, 4.75], "texture": "#1_0"}
			}
		},
		{
			"name": "Voxels",
			"from": [1.97381, 9.32966, 0.57786],
			"to": [8.65504, 10.90171, 0.97088],
			"rotation": {"angle": 0, "axis": "y", "origin": [2.56341, 15.42142, 8.63459]},
			"faces": {
				"north": {"uv": [8.5, 14, 4.25, 15], "texture": "#1_0"},
				"east": {"uv": [0.75, 0.25, 0.5, 1.25], "texture": "#1_0"},
				"south": {"uv": [8.5, 14, 12.75, 15], "texture": "#1_0"},
				"west": {"uv": [2.75, 7.75, 3, 8.75], "texture": "#1_0"},
				"up": {"uv": [3.75, 6, 8, 5.75], "texture": "#1_0"},
				"down": {"uv": [3.75, 7, 8, 7.25], "texture": "#1_0"}
			}
		},
		{
			"name": "Voxels",
			"from": [1.97381, 9.32966, 13.94037],
			"to": [8.65504, 10.90171, 14.33338],
			"rotation": {"angle": 0, "axis": "y", "origin": [2.56341, 15.42142, 8.63459]},
			"faces": {
				"north": {"uv": [8.5, 13, 4.25, 14], "texture": "#1_0"},
				"east": {"uv": [16, 14, 15.75, 15], "texture": "#1_0"},
				"south": {"uv": [0, 15, 4.25, 16], "texture": "#1_0"},
				"west": {"uv": [0, 0.25, 0.25, 1.25], "texture": "#1_0"},
				"up": {"uv": [3.75, 6.5, 8, 6.25], "texture": "#1_0"},
				"down": {"uv": [3.75, 6, 8, 6.25], "texture": "#1_0"}
			}
		},
		{
			"name": "Voxels",
			"from": [7.08297, 7.36467, 0.18487],
			"to": [8.65502, 7.75769, 0.57788],
			"rotation": {"angle": 0, "axis": "y", "origin": [2.56341, 15.42142, 8.63459]},
			"faces": {
				"north": {"uv": [15.75, 13.75, 14.75, 14], "texture": "#1_0"},
				"east": {"uv": [10, 2, 9.75, 2.25], "texture": "#1_0"},
				"south": {"uv": [14.75, 13.25, 15.75, 13.5], "texture": "#1_0"},
				"west": {"uv": [10, 2.25, 10.25, 2.5], "texture": "#1_0"},
				"up": {"uv": [14.75, 13.75, 15.75, 13.5], "texture": "#1_0"},
				"down": {"uv": [2.5, 7.25, 3.5, 7.5], "texture": "#1_0"}
			}
		},
		{
			"name": "Voxels",
			"from": [7.08297, 7.36467, 14.33336],
			"to": [8.65502, 7.75769, 14.72638],
			"rotation": {"angle": 0, "axis": "y", "origin": [2.56341, 15.42142, 8.63459]},
			"faces": {
				"north": {"uv": [3.75, 8.75, 2.75, 9], "texture": "#1_0"},
				"east": {"uv": [3.75, 3.25, 3.5, 3.5], "texture": "#1_0"},
				"south": {"uv": [14.75, 13, 15.75, 13.25], "texture": "#1_0"},
				"west": {"uv": [3.5, 3.5, 3.75, 3.75], "texture": "#1_0"},
				"up": {"uv": [2.5, 7, 3.5, 6.75], "texture": "#1_0"},
				"down": {"uv": [2.5, 7, 3.5, 7.25], "texture": "#1_0"}
			}
		},
		{
			"name": "Voxels",
			"from": [10.62015, 7.36467, 0.18487],
			"to": [16.51534, 8.1507, 0.57788],
			"rotation": {"angle": 0, "axis": "y", "origin": [2.56341, 15.42142, 8.63459]},
			"faces": {
				"north": {"uv": [3.75, 11.5, 0, 12], "texture": "#1_0"},
				"east": {"uv": [9, 0.5, 8.75, 1], "texture": "#1_0"},
				"south": {"uv": [0, 10.5, 3.75, 11], "texture": "#1_0"},
				"west": {"uv": [8.75, 1, 9, 1.5], "texture": "#1_0"},
				"up": {"uv": [11.75, 6.5, 15.5, 6.25], "texture": "#1_0"},
				"down": {"uv": [8, 6, 11.75, 6.25], "texture": "#1_0"}
			}
		},
		{
			"name": "Voxels",
			"from": [10.62015, 7.36467, 14.33336],
			"to": [16.51534, 8.1507, 14.72638],
			"rotation": {"angle": 0, "axis": "y", "origin": [2.56341, 15.42142, 8.63459]},
			"faces": {
				"north": {"uv": [3.75, 10, 0, 10.5], "texture": "#1_0"},
				"east": {"uv": [9.25, 2, 9, 2.5], "texture": "#1_0"},
				"south": {"uv": [0, 11, 3.75, 11.5], "texture": "#1_0"},
				"west": {"uv": [8.75, 0, 9, 0.5], "texture": "#1_0"},
				"up": {"uv": [12, 6.75, 15.75, 6.5], "texture": "#1_0"},
				"down": {"uv": [8, 6.25, 11.75, 6.5], "texture": "#1_0"}
			}
		},
		{
			"name": "Voxels",
			"from": [10.62015, 8.15067, 0.18487],
			"to": [16.12232, 8.93669, 0.57788],
			"rotation": {"angle": 0, "axis": "y", "origin": [2.56341, 15.42142, 8.63459]},
			"faces": {
				"north": {"uv": [16, 12, 12.5, 12.5], "texture": "#1_0"},
				"east": {"uv": [2, 2.75, 1.75, 3.25], "texture": "#1_0"},
				"south": {"uv": [0, 9.5, 3.5, 10], "texture": "#1_0"},
				"west": {"uv": [1.5, 2.75, 1.75, 3.25], "texture": "#1_0"},
				"up": {"uv": [11.75, 6.25, 15.25, 6], "texture": "#1_0"},
				"down": {"uv": [8, 5.75, 11.5, 6], "texture": "#1_0"}
			}
		},
		{
			"name": "Voxels",
			"from": [10.62015, 8.15067, 14.33336],
			"to": [16.12232, 8.93669, 14.72638],
			"rotation": {"angle": 0, "axis": "y", "origin": [2.56341, 15.42142, 8.63459]},
			"faces": {
				"north": {"uv": [3.5, 9, 0, 9.5], "texture": "#1_0"},
				"east": {"uv": [3.75, 6.25, 3.5, 6.75], "texture": "#1_0"},
				"south": {"uv": [12.5, 12.5, 16, 13], "texture": "#1_0"},
				"west": {"uv": [3.25, 6.25, 3.5, 6.75], "texture": "#1_0"},
				"up": {"uv": [11.5, 6, 15, 5.75], "texture": "#1_0"},
				"down": {"uv": [8, 5.5, 11.5, 5.75], "texture": "#1_0"}
			}
		},
		{
			"name": "Voxels",
			"from": [10.62015, 8.93666, 0.18487],
			"to": [15.72931, 9.32968, 0.57788],
			"rotation": {"angle": 0, "axis": "y", "origin": [2.56341, 15.42142, 8.63459]},
			"faces": {
				"north": {"uv": [16, 8.5, 12.75, 8.75], "texture": "#1_0"},
				"east": {"uv": [8, 2.25, 7.75, 2.5], "texture": "#1_0"},
				"south": {"uv": [12.75, 8.25, 16, 8.5], "texture": "#1_0"},
				"west": {"uv": [7.75, 2.5, 8, 2.75], "texture": "#1_0"},
				"up": {"uv": [8, 3.75, 11.25, 3.5], "texture": "#1_0"},
				"down": {"uv": [8, 3.75, 11.25, 4], "texture": "#1_0"}
			}
		},
		{
			"name": "Voxels",
			"from": [10.62015, 8.93666, 14.33336],
			"to": [15.72931, 9.32968, 14.72638],
			"rotation": {"angle": 0, "axis": "y", "origin": [2.56341, 15.42142, 8.63459]},
			"faces": {
				"north": {"uv": [14.75, 5.5, 11.5, 5.75], "texture": "#1_0"},
				"east": {"uv": [8, 0.75, 7.75, 1], "texture": "#1_0"},
				"south": {"uv": [8, 5.25, 11.25, 5.5], "texture": "#1_0"},
				"west": {"uv": [7.75, 1, 8, 1.25], "texture": "#1_0"},
				"up": {"uv": [12.75, 8, 16, 7.75], "texture": "#1_0"},
				"down": {"uv": [12.75, 8, 16, 8.25], "texture": "#1_0"}
			}
		},
		{
			"name": "Voxels",
			"from": [10.83625, 9.35007, 0.49827],
			"to": [15.79852, 9.73178, 0.87998],
			"rotation": {"angle": 0, "axis": "y", "origin": [3.01113, 15.26669, 8.32338]},
			"faces": {
				"north": {"uv": [14.5, 5, 11.25, 5.25], "texture": "#1_0"},
				"east": {"uv": [16, 6.25, 15.75, 6.5], "texture": "#1_0"},
				"south": {"uv": [8, 4, 11.25, 4.25], "texture": "#1_0"},
				"west": {"uv": [15.5, 6.25, 15.75, 6.5], "texture": "#1_0"},
				"up": {"uv": [8, 5.25, 11.25, 5], "texture": "#1_0"},
				"down": {"uv": [11.25, 5.25, 14.5, 5.5], "texture": "#1_0"}
			}
		},
		{
			"name": "Voxels",
			"from": [10.62015, 9.32966, 13.94037],
			"to": [15.72931, 9.72267, 14.33338],
			"rotation": {"angle": 0, "axis": "y", "origin": [2.56341, 15.42142, 8.63459]},
			"faces": {
				"north": {"uv": [11.25, 4.5, 8, 4.75], "texture": "#1_0"},
				"east": {"uv": [9.5, 2.25, 9.25, 2.5], "texture": "#1_0"},
				"south": {"uv": [8, 4.25, 11.25, 4.5], "texture": "#1_0"},
				"west": {"uv": [11, 2.5, 11.25, 2.75], "texture": "#1_0"},
				"up": {"uv": [11.25, 5, 14.5, 4.75], "texture": "#1_0"},
				"down": {"uv": [8, 4.75, 11.25, 5], "texture": "#1_0"}
			}
		},
		{
			"name": "Voxels",
			"from": [10.62015, 9.72265, 0.57786],
			"to": [15.33632, 10.50868, 0.97088],
			"rotation": {"angle": 0, "axis": "y", "origin": [2.56341, 15.42142, 8.63459]},
			"faces": {
				"north": {"uv": [3.75, 1.25, 0.75, 1.75], "texture": "#1_0"},
				"east": {"uv": [8.75, 1, 8.5, 1.5], "texture": "#1_0"},
				"south": {"uv": [0.75, 1.75, 3.75, 2.25], "texture": "#1_0"},
				"west": {"uv": [8.25, 1, 8.5, 1.5], "texture": "#1_0"},
				"up": {"uv": [0.75, 0.5, 3.75, 0.25], "texture": "#1_0"},
				"down": {"uv": [0.75, 0.5, 3.75, 0.75], "texture": "#1_0"}
			}
		},
		{
			"name": "Voxels",
			"from": [10.62015, 9.72265, 13.94037],
			"to": [15.33632, 10.50868, 14.33338],
			"rotation": {"angle": 0, "axis": "y", "origin": [2.56341, 15.42142, 8.63459]},
			"faces": {
				"north": {"uv": [3.75, 2.25, 0.75, 2.75], "texture": "#1_0"},
				"east": {"uv": [8.5, 0, 8.25, 0.5], "texture": "#1_0"},
				"south": {"uv": [0.75, 0.75, 3.75, 1.25], "texture": "#1_0"},
				"west": {"uv": [8, 0, 8.25, 0.5], "texture": "#1_0"},
				"up": {"uv": [8, 3, 11, 2.75], "texture": "#1_0"},
				"down": {"uv": [0.75, 0, 3.75, 0.25], "texture": "#1_0"}
			}
		},
		{
			"name": "Voxels",
			"from": [10.62015, 10.50864, 0.57786],
			"to": [14.9433, 10.90165, 0.97088],
			"rotation": {"angle": 0, "axis": "y", "origin": [2.56341, 15.42142, 8.63459]},
			"faces": {
				"north": {"uv": [16, 8.75, 13.25, 9], "texture": "#1_0"},
				"east": {"uv": [9.25, 1.25, 9, 1.5], "texture": "#1_0"},
				"south": {"uv": [13.25, 10, 16, 10.25], "texture": "#1_0"},
				"west": {"uv": [9, 1.5, 9.25, 1.75], "texture": "#1_0"},
				"up": {"uv": [13.25, 9.25, 16, 9], "texture": "#1_0"},
				"down": {"uv": [13.25, 9.25, 16, 9.5], "texture": "#1_0"}
			}
		},
		{
			"name": "Voxels",
			"from": [10.62015, 10.50864, 13.94037],
			"to": [14.9433, 10.90165, 14.33338],
			"rotation": {"angle": 0, "axis": "y", "origin": [2.56341, 15.42142, 8.63459]},
			"faces": {
				"north": {"uv": [16, 10.5, 13.25, 10.75], "texture": "#1_0"},
				"east": {"uv": [9.5, 1.75, 9.25, 2], "texture": "#1_0"},
				"south": {"uv": [13.25, 10.25, 16, 10.5], "texture": "#1_0"},
				"west": {"uv": [9, 0, 9.25, 0.25], "texture": "#1_0"},
				"up": {"uv": [13.25, 9.75, 16, 9.5], "texture": "#1_0"},
				"down": {"uv": [13.25, 9.75, 16, 10], "texture": "#1_0"}
			}
		}
	],
	"display": {
		"thirdperson_righthand": {
			"translation": [1.75, 0, 0],
			"scale": [0.35, 0.35, 0.35]
		},
		"thirdperson_lefthand": {
			"translation": [-2.25, 0, 0],
			"scale": [0.35, 0.35, 0.35]
		},
		"firstperson_righthand": {
			"rotation": [0, 50, 0],
			"translation": [0, 5, -2],
			"scale": [0.5, 0.5, 0.5]
		},
		"firstperson_lefthand": {
			"rotation": [0, -130, 0],
			"translation": [0, 5, -2],
			"scale": [0.5, 0.5, 0.5]
		},
		"ground": {
			"translation": [8, -2, 0.75],
			"scale": [2.17, 2.17, 2.17]
		},
		"gui": {
			"rotation": [30, -60, 0],
			"translation": [1, -1.25, 0],
			"scale": [0.61, 0.61, 0.61]
		},
		"head": {
			"rotation": [0, 90, 0],
			"translation": [1.75, -12.5, 5.25],
			"scale": [3.4, 3.4, 3.4]
		},
		"fixed": {
			"rotation": [-17, 90, 0],
			"translation": [0, 0, -7.75],
			"scale": [1.07, 1.07, 1.07]
		}
	},
	"groups": [
		{
			"name": "canary_backwindow_gray",
			"origin": [8, 8, 8],
			"children": [
				{
					"name": "canary_backwindow_gray",
					"origin": [8, 8, 8],
					"children": [
						{
							"name": "canary_backwindow_gray",
							"origin": [8, 8, 8],
							"children": [0, 1, 2, 3, 4, 5, 6, 7, 8, 9, 10, 11, 12, 13, 14, 15, 16, 17, 18, 19, 20, 21, 22, 23, 24, 25, 26, 27, 28, 29, 30, 31, 32, 33, 34, 35, 36, 37, 38, 39, 40, 41, 42, 43, 44, 45, 46, 47, 48]
						}
					]
				}
			]
		}
	]
}