{
	"credit": "Made with Blockbench",
	"textures": {
		"0": "custom/addons/canary_bodykit_front_gray",
		"particle": "custom/addons/canary_bodykit_front_gray"
	},
	"elements": [
		{
			"name": "Voxels",
			"from": [2.38435, 0.79083, -0.99998],
			"to": [16.11969, 1.18327, -0.60754],
			"rotation": {"angle": 0, "axis": "y", "origin": [15.33475, 12.95642, 7.63375]},
			"faces": {
				"north": {"uv": [9.75, 15, 1, 15.25], "texture": "#0"},
				"east": {"uv": [4.5, 1, 4.25, 1.25], "texture": "#0"},
				"south": {"uv": [1, 14.75, 9.75, 15], "texture": "#0"},
				"west": {"uv": [4.25, 1.25, 4.5, 1.5], "texture": "#0"},
				"up": {"uv": [1, 16, 9.75, 15.75], "texture": "#0"},
				"down": {"uv": [1, 15.5, 9.75, 15.75], "texture": "#0"}
			}
		},
		{
			"name": "Voxels",
			"from": [2.38435, 0.79083, 15.48247],
			"to": [16.11969, 1.18327, 15.87492],
			"rotation": {"angle": 0, "axis": "y", "origin": [15.33475, 12.95642, 7.63375]},
			"faces": {
				"north": {"uv": [9.75, 15.25, 1, 15.5], "texture": "#0"},
				"east": {"uv": [4.5, 0.5, 4.25, 0.75], "texture": "#0"},
				"south": {"uv": [1, 14, 9.75, 14.25], "texture": "#0"},
				"west": {"uv": [4.25, 0.75, 4.5, 1], "texture": "#0"},
				"up": {"uv": [1, 14.5, 9.75, 14.25], "texture": "#0"},
				"down": {"uv": [1, 14.5, 9.75, 14.75], "texture": "#0"}
			}
		},
		{
			"name": "Voxels",
			"from": [2.77676, 1.18324, -0.60739],
			"to": [5.91627, 1.57568, -0.21495],
			"rotation": {"angle": 0, "axis": "y", "origin": [15.33475, 12.95642, 7.63375]},
			"faces": {
				"north": {"uv": [14.75, 13.75, 12.75, 14], "texture": "#0"},
				"east": {"uv": [4.5, 0, 4.25, 0.25], "texture": "#0"},
				"south": {"uv": [12.75, 13.5, 14.75, 13.75], "texture": "#0"},
				"west": {"uv": [4.25, 0.25, 4.5, 0.5], "texture": "#0"},
				"up": {"uv": [14, 14.25, 16, 14], "texture": "#0"},
				"down": {"uv": [14, 14.25, 16, 14.5], "texture": "#0"}
			}
		},
		{
			"name": "Voxels",
			"from": [2.77676, 1.18324, 15.09006],
			"to": [5.91627, 1.57568, 15.48251],
			"rotation": {"angle": 0, "axis": "y", "origin": [15.33475, 12.95642, 7.63375]},
			"faces": {
				"north": {"uv": [16, 14.75, 14, 15], "texture": "#0"},
				"east": {"uv": [6, 0, 5.75, 0.25], "texture": "#0"},
				"south": {"uv": [14, 14.5, 16, 14.75], "texture": "#0"},
				"west": {"uv": [8, 2.5, 8.25, 2.75], "texture": "#0"},
				"up": {"uv": [14, 15.25, 16, 15], "texture": "#0"},
				"down": {"uv": [14, 15.25, 16, 15.5], "texture": "#0"}
			}
		},
		{
			"name": "Voxels",
			"from": [2.77676, 1.57565, -0.99998],
			"to": [15.33479, 1.96809, -0.60754],
			"rotation": {"angle": 0, "axis": "y", "origin": [15.33475, 12.95642, 7.63375]},
			"faces": {
				"north": {"uv": [9, 12.75, 1, 13], "texture": "#0"},
				"east": {"uv": [8.25, 1.25, 8, 1.5], "texture": "#0"},
				"south": {"uv": [1, 13.5, 9, 13.75], "texture": "#0"},
				"west": {"uv": [6, 0, 6.25, 0.25], "texture": "#0"},
				"up": {"uv": [1, 12.25, 9, 12], "texture": "#0"},
				"down": {"uv": [1, 13, 9, 13.25], "texture": "#0"}
			}
		},
		{
			"name": "Voxels",
			"from": [2.77676, 1.57565, 15.48247],
			"to": [15.33479, 1.96809, 15.87492],
			"rotation": {"angle": 0, "axis": "y", "origin": [15.33475, 12.95642, 7.63375]},
			"faces": {
				"north": {"uv": [9, 12.5, 1, 12.75], "texture": "#0"},
				"east": {"uv": [7.25, 0, 7, 0.25], "texture": "#0"},
				"south": {"uv": [1, 12.25, 9, 12.5], "texture": "#0"},
				"west": {"uv": [6.75, 0, 7, 0.25], "texture": "#0"},
				"up": {"uv": [1, 13.5, 9, 13.25], "texture": "#0"},
				"down": {"uv": [1, 13.75, 9, 14], "texture": "#0"}
			}
		},
		{
			"name": "Voxels",
			"from": [2.77676, 1.96806, -0.99998],
			"to": [5.13139, 2.3605, -0.60754],
			"rotation": {"angle": 0, "axis": "y", "origin": [15.33475, 12.95642, 7.63375]},
			"faces": {
				"north": {"uv": [12, 12.5, 10.5, 12.75], "texture": "#0"},
				"east": {"uv": [7.75, 0, 7.5, 0.25], "texture": "#0"},
				"south": {"uv": [12, 12.5, 13.5, 12.75], "texture": "#0"},
				"west": {"uv": [8, 0.75, 8.25, 1], "texture": "#0"},
				"up": {"uv": [9, 12.75, 10.5, 12.5], "texture": "#0"},
				"down": {"uv": [13.5, 12.75, 15, 13], "texture": "#0"}
			}
		},
		{
			"name": "Voxels",
			"from": [2.77676, 1.96806, 15.48247],
			"to": [5.13139, 2.3605, 15.87492],
			"rotation": {"angle": 0, "axis": "y", "origin": [15.33475, 12.95642, 7.63375]},
			"faces": {
				"north": {"uv": [13.5, 12.25, 12, 12.5], "texture": "#0"},
				"east": {"uv": [8.75, 0, 8.5, 0.25], "texture": "#0"},
				"south": {"uv": [13.5, 12.25, 15, 12.5], "texture": "#0"},
				"west": {"uv": [8.25, 0, 8.5, 0.25], "texture": "#0"},
				"up": {"uv": [10.5, 12.5, 12, 12.25], "texture": "#0"},
				"down": {"uv": [9, 13, 10.5, 13.25], "texture": "#0"}
			}
		},
		{
			"name": "Voxels",
			"from": [2.77676, 2.36065, -0.99998],
			"to": [4.73895, 2.75309, -0.60754],
			"rotation": {"angle": 0, "axis": "y", "origin": [15.33475, 12.95642, 7.63375]},
			"faces": {
				"north": {"uv": [8.25, 4.75, 7, 5], "texture": "#0"},
				"east": {"uv": [14.25, 6.75, 14, 7], "texture": "#0"},
				"south": {"uv": [7, 4.25, 8.25, 4.5], "texture": "#0"},
				"west": {"uv": [15.75, 7, 16, 7.25], "texture": "#0"},
				"up": {"uv": [5.75, 5, 7, 4.75], "texture": "#0"},
				"down": {"uv": [4.5, 4.75, 5.75, 5], "texture": "#0"}
			}
		},
		{
			"name": "Voxels",
			"from": [2.77676, 2.36065, 15.48247],
			"to": [4.73895, 2.75309, 15.87492],
			"rotation": {"angle": 0, "axis": "y", "origin": [15.33475, 12.95642, 7.63375]},
			"faces": {
				"north": {"uv": [7, 4.5, 5.75, 4.75], "texture": "#0"},
				"east": {"uv": [14.75, 6.75, 14.5, 7], "texture": "#0"},
				"south": {"uv": [4.5, 4, 5.75, 4.25], "texture": "#0"},
				"west": {"uv": [14.25, 6.75, 14.5, 7], "texture": "#0"},
				"up": {"uv": [3.25, 4.25, 4.5, 4], "texture": "#0"},
				"down": {"uv": [4.5, 4.5, 5.75, 4.75], "texture": "#0"}
			}
		},
		{
			"name": "Voxels",
			"from": [4.73899, 2.36065, -0.60739],
			"to": [16.90458, 2.75309, -0.21495],
			"rotation": {"angle": 0, "axis": "y", "origin": [15.33475, 12.95642, 7.63375]},
			"faces": {
				"north": {"uv": [8.75, 10.5, 1, 10.75], "texture": "#0"},
				"east": {"uv": [15.25, 6.75, 15, 7], "texture": "#0"},
				"south": {"uv": [1, 10.75, 8.75, 11], "texture": "#0"},
				"west": {"uv": [14.75, 6.75, 15, 7], "texture": "#0"},
				"up": {"uv": [1, 10.5, 8.75, 10.25], "texture": "#0"},
				"down": {"uv": [1, 10, 8.75, 10.25], "texture": "#0"}
			}
		},
		{
			"name": "Voxels",
			"from": [4.73899, 2.36065, 15.09006],
			"to": [16.90458, 2.75309, 15.48251],
			"rotation": {"angle": 0, "axis": "y", "origin": [15.33475, 12.95642, 7.63375]},
			"faces": {
				"north": {"uv": [8.75, 11.25, 1, 11.5], "texture": "#0"},
				"east": {"uv": [15.75, 6.75, 15.5, 7], "texture": "#0"},
				"south": {"uv": [1, 11.5, 8.75, 11.75], "texture": "#0"},
				"west": {"uv": [15.25, 6.75, 15.5, 7], "texture": "#0"},
				"up": {"uv": [1, 12, 8.75, 11.75], "texture": "#0"},
				"down": {"uv": [1, 11, 8.75, 11.25], "texture": "#0"}
			}
		},
		{
			"name": "Voxels",
			"from": [5.13139, 1.96806, -0.60739],
			"to": [16.90455, 2.3605, -0.21495],
			"rotation": {"angle": 0, "axis": "y", "origin": [15.33475, 12.95642, 7.63375]},
			"faces": {
				"north": {"uv": [8.5, 9, 1, 9.25], "texture": "#0"},
				"east": {"uv": [10.25, 1.75, 10, 2], "texture": "#0"},
				"south": {"uv": [8.5, 9.25, 16, 9.5], "texture": "#0"},
				"west": {"uv": [15.75, 6.75, 16, 7], "texture": "#0"},
				"up": {"uv": [1, 9.5, 8.5, 9.25], "texture": "#0"},
				"down": {"uv": [8.5, 9, 16, 9.25], "texture": "#0"}
			}
		},
		{
			"name": "Voxels",
			"from": [5.13139, 1.96806, 15.09006],
			"to": [16.90455, 2.3605, 15.48251],
			"rotation": {"angle": 0, "axis": "y", "origin": [15.33475, 12.95642, 7.63375]},
			"faces": {
				"north": {"uv": [8.5, 9.5, 1, 9.75], "texture": "#0"},
				"east": {"uv": [10.25, 2.75, 10, 3], "texture": "#0"},
				"south": {"uv": [8.5, 9.5, 16, 9.75], "texture": "#0"},
				"west": {"uv": [10, 2, 10.25, 2.25], "texture": "#0"},
				"up": {"uv": [8.5, 10, 16, 9.75], "texture": "#0"},
				"down": {"uv": [1, 9.75, 8.5, 10], "texture": "#0"}
			}
		},
		{
			"name": "Voxels",
			"from": [5.5238, 1.18324, -0.21498],
			"to": [16.90452, 1.57568, 0.17746],
			"rotation": {"angle": 0, "axis": "y", "origin": [15.33475, 12.95642, 7.63375]},
			"faces": {
				"north": {"uv": [8.25, 7.25, 1, 7.5], "texture": "#0"},
				"east": {"uv": [11, 5.75, 10.75, 6], "texture": "#0"},
				"south": {"uv": [1, 7.5, 8.25, 7.75], "texture": "#0"},
				"west": {"uv": [10, 3, 10.25, 3.25], "texture": "#0"},
				"up": {"uv": [1, 7.25, 8.25, 7], "texture": "#0"},
				"down": {"uv": [1, 6.75, 8.25, 7], "texture": "#0"}
			}
		},
		{
			"name": "Voxels",
			"from": [5.5238, 1.18324, 14.69765],
			"to": [16.90452, 1.57568, 15.0901],
			"rotation": {"angle": 0, "axis": "y", "origin": [15.33475, 12.95642, 7.63375]},
			"faces": {
				"north": {"uv": [8.25, 8, 1, 8.25], "texture": "#0"},
				"east": {"uv": [10, 0, 9.75, 0.25], "texture": "#0"},
				"south": {"uv": [8.25, 7.75, 15.5, 8], "texture": "#0"},
				"west": {"uv": [10.5, 5.75, 10.75, 6], "texture": "#0"},
				"up": {"uv": [8.25, 8.25, 15.5, 8], "texture": "#0"},
				"down": {"uv": [1, 7.75, 8.25, 8], "texture": "#0"}
			}
		},
		{
			"name": "Voxels",
			"from": [5.5238, 1.57565, -0.60739],
			"to": [16.90452, 1.96809, -0.21495],
			"rotation": {"angle": 0, "axis": "y", "origin": [15.33475, 12.95642, 7.63375]},
			"faces": {
				"north": {"uv": [16, 11.5, 8.75, 11.75], "texture": "#0"},
				"east": {"uv": [10, 0.5, 9.75, 0.75], "texture": "#0"},
				"south": {"uv": [8.25, 8.25, 15.5, 8.5], "texture": "#0"},
				"west": {"uv": [9.75, 0.25, 10, 0.5], "texture": "#0"},
				"up": {"uv": [1, 6.5, 8.25, 6.25], "texture": "#0"},
				"down": {"uv": [1, 8.25, 8.25, 8.5], "texture": "#0"}
			}
		},
		{
			"name": "Voxels",
			"from": [5.5238, 1.57565, 15.09006],
			"to": [16.90452, 1.96809, 15.48251],
			"rotation": {"angle": 0, "axis": "y", "origin": [15.33475, 12.95642, 7.63375]},
			"faces": {
				"north": {"uv": [16, 11, 8.75, 11.25], "texture": "#0"},
				"east": {"uv": [10, 1.5, 9.75, 1.75], "texture": "#0"},
				"south": {"uv": [8.75, 10.75, 16, 11], "texture": "#0"},
				"west": {"uv": [9.75, 0.75, 10, 1], "texture": "#0"},
				"up": {"uv": [8.75, 11.5, 16, 11.25], "texture": "#0"},
				"down": {"uv": [1, 6.5, 8.25, 6.75], "texture": "#0"}
			}
		},
		{
			"name": "Voxels",
			"from": [5.91621, 0.79083, -0.60739],
			"to": [17.29693, 1.18327, -0.21495],
			"rotation": {"angle": 0, "axis": "y", "origin": [15.33475, 12.95642, 7.63375]},
			"faces": {
				"north": {"uv": [16, 11.75, 8.75, 12], "texture": "#0"},
				"east": {"uv": [10, 2, 9.75, 2.25], "texture": "#0"},
				"south": {"uv": [8.75, 10, 16, 10.25], "texture": "#0"},
				"west": {"uv": [9.75, 1.75, 10, 2], "texture": "#0"},
				"up": {"uv": [8.75, 10.5, 16, 10.25], "texture": "#0"},
				"down": {"uv": [8.75, 10.5, 16, 10.75], "texture": "#0"}
			}
		},
		{
			"name": "Voxels",
			"from": [5.91621, 0.79083, 15.09006],
			"to": [17.29693, 1.18327, 15.48251],
			"rotation": {"angle": 0, "axis": "y", "origin": [15.33475, 12.95642, 7.63375]},
			"faces": {
				"north": {"uv": [8.25, 8.5, 1, 8.75], "texture": "#0"},
				"east": {"uv": [10, 3, 9.75, 3.25], "texture": "#0"},
				"south": {"uv": [8.25, 8.5, 15.5, 8.75], "texture": "#0"},
				"west": {"uv": [9.75, 2.25, 10, 2.5], "texture": "#0"},
				"up": {"uv": [8.25, 9, 15.5, 8.75], "texture": "#0"},
				"down": {"uv": [1, 8.75, 8.25, 9], "texture": "#0"}
			}
		},
		{
			"name": "Voxels",
			"from": [23.18348, 0.00601, -0.60739],
			"to": [25.14567, 0.39845, 0.56993],
			"rotation": {"angle": 0, "axis": "y", "origin": [15.33475, 12.95642, 7.63375]},
			"faces": {
				"north": {"uv": [5.75, 3.75, 4.5, 4], "texture": "#0"},
				"east": {"uv": [7.25, 2.5, 6.5, 2.75], "texture": "#0"},
				"south": {"uv": [3.25, 3.75, 4.5, 4], "texture": "#0"},
				"west": {"uv": [6.75, 1.75, 7.5, 2], "texture": "#0"},
				"up": {"uv": [1.75, 6.25, 3, 5.5], "texture": "#0"},
				"down": {"uv": [3, 5.5, 4.25, 6.25], "texture": "#0"}
			}
		},
		{
			"name": "Voxels",
			"from": [23.18348, 0.00601, 14.30524],
			"to": [25.93054, 0.39845, 14.69769],
			"rotation": {"angle": 0, "axis": "y", "origin": [15.33475, 12.95642, 7.63375]},
			"faces": {
				"north": {"uv": [14.25, 13.25, 12.5, 13.5], "texture": "#0"},
				"east": {"uv": [10, 3.5, 9.75, 3.75], "texture": "#0"},
				"south": {"uv": [14.25, 13.25, 16, 13.5], "texture": "#0"},
				"west": {"uv": [9.75, 3.25, 10, 3.5], "texture": "#0"},
				"up": {"uv": [10.75, 13.5, 12.5, 13.25], "texture": "#0"},
				"down": {"uv": [9, 13.25, 10.75, 13.5], "texture": "#0"}
			}
		},
		{
			"name": "Voxels",
			"from": [23.18348, 0.00601, 14.69765],
			"to": [25.53811, 0.39845, 15.0901],
			"rotation": {"angle": 0, "axis": "y", "origin": [15.33475, 12.95642, 7.63375]},
			"faces": {
				"north": {"uv": [13.5, 13, 12, 13.25], "texture": "#0"},
				"east": {"uv": [10, 4.25, 9.75, 4.5], "texture": "#0"},
				"south": {"uv": [13.5, 13, 15, 13.25], "texture": "#0"},
				"west": {"uv": [9.75, 3.75, 10, 4], "texture": "#0"},
				"up": {"uv": [10.5, 13.25, 12, 13], "texture": "#0"},
				"down": {"uv": [9, 12.25, 10.5, 12.5], "texture": "#0"}
			}
		},
		{
			"name": "Voxels",
			"from": [23.18348, 0.00601, 15.09006],
			"to": [25.14567, 0.39845, 15.48251],
			"rotation": {"angle": 0, "axis": "y", "origin": [15.33475, 12.95642, 7.63375]},
			"faces": {
				"north": {"uv": [5.75, 4.25, 4.5, 4.5], "texture": "#0"},
				"east": {"uv": [10, 5.25, 9.75, 5.5], "texture": "#0"},
				"south": {"uv": [5.75, 4.25, 7, 4.5], "texture": "#0"},
				"west": {"uv": [9.75, 5, 10, 5.25], "texture": "#0"},
				"up": {"uv": [7, 4.25, 8.25, 4], "texture": "#0"},
				"down": {"uv": [7, 4.5, 8.25, 4.75], "texture": "#0"}
			}
		},
		{
			"name": "Voxels",
			"from": [23.18348, 0.39842, -0.60739],
			"to": [23.57592, 1.1833, -0.21495],
			"rotation": {"angle": 0, "axis": "y", "origin": [15.33475, 12.95642, 7.63375]},
			"faces": {
				"north": {"uv": [8.5, 1.75, 8.25, 2.25], "texture": "#0"},
				"east": {"uv": [8.5, 0.25, 8.25, 0.75], "texture": "#0"},
				"south": {"uv": [8.25, 1.25, 8.5, 1.75], "texture": "#0"},
				"west": {"uv": [8.25, 0.75, 8.5, 1.25], "texture": "#0"},
				"up": {"uv": [9.75, 6, 10, 5.75], "texture": "#0"},
				"down": {"uv": [9.75, 5.5, 10, 5.75], "texture": "#0"}
			}
		},
		{
			"name": "Voxels",
			"from": [23.18348, 0.39842, -0.21498],
			"to": [23.57592, 0.79086, 0.5699],
			"rotation": {"angle": 0, "axis": "y", "origin": [15.33475, 12.95642, 7.63375]},
			"faces": {
				"north": {"uv": [13.5, 6, 13.25, 6.25], "texture": "#0"},
				"east": {"uv": [8.25, 1.5, 7.75, 1.75], "texture": "#0"},
				"south": {"uv": [13, 6, 13.25, 6.25], "texture": "#0"},
				"west": {"uv": [14.5, 7.25, 15, 7.5], "texture": "#0"},
				"up": {"uv": [8.75, 7.75, 9, 7.25], "texture": "#0"},
				"down": {"uv": [8.5, 7.25, 8.75, 7.75], "texture": "#0"}
			}
		},
		{
			"name": "Voxels",
			"from": [23.18348, 0.39842, 14.30524],
			"to": [23.96835, 0.79086, 14.69769],
			"rotation": {"angle": 0, "axis": "y", "origin": [15.33475, 12.95642, 7.63375]},
			"faces": {
				"north": {"uv": [9.5, 7.25, 9, 7.5], "texture": "#0"},
				"east": {"uv": [12, 6, 11.75, 6.25], "texture": "#0"},
				"south": {"uv": [9.5, 7.5, 10, 7.75], "texture": "#0"},
				"west": {"uv": [12.5, 6, 12.75, 6.25], "texture": "#0"},
				"up": {"uv": [9, 7.75, 9.5, 7.5], "texture": "#0"},
				"down": {"uv": [7.75, 0, 8.25, 0.25], "texture": "#0"}
			}
		},
		{
			"name": "Voxels",
			"from": [23.18348, 0.39842, 14.69765],
			"to": [23.57592, 0.79086, 15.48253],
			"rotation": {"angle": 0, "axis": "y", "origin": [15.33475, 12.95642, 7.63375]},
			"faces": {
				"north": {"uv": [11.75, 6, 11.5, 6.25], "texture": "#0"},
				"east": {"uv": [11, 7.5, 10.5, 7.75], "texture": "#0"},
				"south": {"uv": [11.25, 6, 11.5, 6.25], "texture": "#0"},
				"west": {"uv": [9.5, 7.25, 10, 7.5], "texture": "#0"},
				"up": {"uv": [10.25, 7.75, 10.5, 7.25], "texture": "#0"},
				"down": {"uv": [10, 7.25, 10.25, 7.75], "texture": "#0"}
			}
		},
		{
			"name": "Voxels",
			"from": [23.18348, 0.79083, 15.09006],
			"to": [24.75324, 1.18327, 15.48251],
			"rotation": {"angle": 0, "axis": "y", "origin": [15.33475, 12.95642, 7.63375]},
			"faces": {
				"north": {"uv": [4.25, 1.75, 3.25, 2], "texture": "#0"},
				"east": {"uv": [9.75, 0.25, 9.5, 0.5], "texture": "#0"},
				"south": {"uv": [3.25, 1.5, 4.25, 1.75], "texture": "#0"},
				"west": {"uv": [11, 6, 11.25, 6.25], "texture": "#0"},
				"up": {"uv": [3.25, 2.25, 4.25, 2], "texture": "#0"},
				"down": {"uv": [3.25, 2.25, 4.25, 2.5], "texture": "#0"}
			}
		},
		{
			"name": "Voxels",
			"from": [23.57589, 0.39842, 0.17743],
			"to": [23.96833, 0.79086, 0.56987],
			"rotation": {"angle": 0, "axis": "y", "origin": [15.33475, 12.95642, 7.63375]},
			"faces": {
				"north": {"uv": [9.75, 1.5, 9.5, 1.75], "texture": "#0"},
				"east": {"uv": [9.5, 0, 9.25, 0.25], "texture": "#0"},
				"south": {"uv": [10.25, 6.25, 10.5, 6.5], "texture": "#0"},
				"west": {"uv": [10, 6.25, 10.25, 6.5], "texture": "#0"},
				"up": {"uv": [9.5, 1.5, 9.75, 1.25], "texture": "#0"},
				"down": {"uv": [9.5, 0.5, 9.75, 0.75], "texture": "#0"}
			}
		},
		{
			"name": "Voxels",
			"from": [23.57589, 0.79083, -0.60739],
			"to": [24.7532, 1.18327, -0.21495],
			"rotation": {"angle": 0, "axis": "y", "origin": [15.33475, 12.95642, 7.63375]},
			"faces": {
				"north": {"uv": [6.75, 1.75, 6, 2], "texture": "#0"},
				"east": {"uv": [9.5, 1, 9.25, 1.25], "texture": "#0"},
				"south": {"uv": [7, 3, 7.75, 3.25], "texture": "#0"},
				"west": {"uv": [9.25, 0.25, 9.5, 0.5], "texture": "#0"},
				"up": {"uv": [6, 2.25, 6.75, 2], "texture": "#0"},
				"down": {"uv": [6, 2.25, 6.75, 2.5], "texture": "#0"}
			}
		},
		{
			"name": "Voxels",
			"from": [23.57589, 1.18324, -0.60739],
			"to": [24.36076, 2.75299, -0.21495],
			"rotation": {"angle": 0, "axis": "y", "origin": [15.33475, 12.95642, 7.63375]},
			"faces": {
				"north": {"uv": [2.5, 1.5, 2, 2.5], "texture": "#0"},
				"east": {"uv": [3, 1.5, 2.75, 2.5], "texture": "#0"},
				"south": {"uv": [2, 2.5, 2.5, 3.5], "texture": "#0"},
				"west": {"uv": [2.5, 1.5, 2.75, 2.5], "texture": "#0"},
				"up": {"uv": [11, 7.75, 11.5, 7.5], "texture": "#0"},
				"down": {"uv": [10.5, 7.25, 11, 7.5], "texture": "#0"}
			}
		},
		{
			"name": "Voxels",
			"from": [23.57589, 1.18324, 15.09006],
			"to": [24.36076, 2.75299, 15.48251],
			"rotation": {"angle": 0, "axis": "y", "origin": [15.33475, 12.95642, 7.63375]},
			"faces": {
				"north": {"uv": [2.5, 4.5, 2, 5.5], "texture": "#0"},
				"east": {"uv": [2.75, 0.5, 2.5, 1.5], "texture": "#0"},
				"south": {"uv": [2, 3.5, 2.5, 4.5], "texture": "#0"},
				"west": {"uv": [3, 1.5, 3.25, 2.5], "texture": "#0"},
				"up": {"uv": [11.5, 7.75, 12, 7.5], "texture": "#0"},
				"down": {"uv": [11, 7.25, 11.5, 7.5], "texture": "#0"}
			}
		},
		{
			"name": "Voxels",
			"from": [23.96848, 0.00601, 0.56984],
			"to": [26.32311, 0.39845, 0.96228],
			"rotation": {"angle": 0, "axis": "y", "origin": [15.33475, 12.95642, 7.63375]},
			"faces": {
				"north": {"uv": [13.5, 12.75, 12, 13], "texture": "#0"},
				"east": {"uv": [9.5, 2, 9.25, 2.25], "texture": "#0"},
				"south": {"uv": [10.5, 12.75, 12, 13], "texture": "#0"},
				"west": {"uv": [9.25, 1.25, 9.5, 1.5], "texture": "#0"},
				"up": {"uv": [13.5, 12.75, 15, 12.5], "texture": "#0"},
				"down": {"uv": [9, 12, 10.5, 12.25], "texture": "#0"}
			}
		},
		{
			"name": "Voxels",
			"from": [23.96848, 0.00601, 13.91284],
			"to": [26.32311, 0.39845, 14.30528],
			"rotation": {"angle": 0, "axis": "y", "origin": [15.33475, 12.95642, 7.63375]},
			"faces": {
				"north": {"uv": [12, 12, 10.5, 12.25], "texture": "#0"},
				"east": {"uv": [9.5, 2.5, 9.25, 2.75], "texture": "#0"},
				"south": {"uv": [9, 12.75, 10.5, 13], "texture": "#0"},
				"west": {"uv": [9.25, 2.25, 9.5, 2.5], "texture": "#0"},
				"up": {"uv": [12, 12.25, 13.5, 12], "texture": "#0"},
				"down": {"uv": [13.5, 12, 15, 12.25], "texture": "#0"}
			}
		},
		{
			"name": "Voxels",
			"from": [23.96848, 0.39842, 0.56984],
			"to": [24.75335, 0.79086, 0.96228],
			"rotation": {"angle": 0, "axis": "y", "origin": [15.33475, 12.95642, 7.63375]},
			"faces": {
				"north": {"uv": [12.5, 7.25, 12, 7.5], "texture": "#0"},
				"east": {"uv": [9.5, 3.5, 9.25, 3.75], "texture": "#0"},
				"south": {"uv": [12.5, 7.5, 13, 7.75], "texture": "#0"},
				"west": {"uv": [9.25, 2.75, 9.5, 3], "texture": "#0"},
				"up": {"uv": [12, 7.75, 12.5, 7.5], "texture": "#0"},
				"down": {"uv": [11.5, 7.25, 12, 7.5], "texture": "#0"}
			}
		},
		{
			"name": "Voxels",
			"from": [23.96848, 0.39842, 13.91284],
			"to": [24.75335, 0.79086, 14.30528],
			"rotation": {"angle": 0, "axis": "y", "origin": [15.33475, 12.95642, 7.63375]},
			"faces": {
				"north": {"uv": [13.5, 7.25, 13, 7.5], "texture": "#0"},
				"east": {"uv": [9.5, 4, 9.25, 4.25], "texture": "#0"},
				"south": {"uv": [13.5, 7.5, 14, 7.75], "texture": "#0"},
				"west": {"uv": [9.25, 3.75, 9.5, 4], "texture": "#0"},
				"up": {"uv": [13, 7.75, 13.5, 7.5], "texture": "#0"},
				"down": {"uv": [12.5, 7.25, 13, 7.5], "texture": "#0"}
			}
		},
		{
			"name": "Voxels",
			"from": [24.36089, 1.18324, -0.21498],
			"to": [24.75333, 2.75299, 0.17746],
			"rotation": {"angle": 0, "axis": "y", "origin": [15.33475, 12.95642, 7.63375]},
			"faces": {
				"north": {"uv": [3, 0.5, 2.75, 1.5], "texture": "#0"},
				"east": {"uv": [4.75, 1.75, 4.5, 2.75], "texture": "#0"},
				"south": {"uv": [3, 0.5, 3.25, 1.5], "texture": "#0"},
				"west": {"uv": [4.5, 2.75, 4.75, 3.75], "texture": "#0"},
				"up": {"uv": [9.25, 4.75, 9.5, 4.5], "texture": "#0"},
				"down": {"uv": [9.25, 4.25, 9.5, 4.5], "texture": "#0"}
			}
		},
		{
			"name": "Voxels",
			"from": [24.36089, 1.18324, 14.69765],
			"to": [24.75333, 2.75299, 15.0901],
			"rotation": {"angle": 0, "axis": "y", "origin": [15.33475, 12.95642, 7.63375]},
			"faces": {
				"north": {"uv": [5, 2.5, 4.75, 3.5], "texture": "#0"},
				"east": {"uv": [5.25, 2.5, 5, 3.5], "texture": "#0"},
				"south": {"uv": [4.75, 1.5, 5, 2.5], "texture": "#0"},
				"west": {"uv": [4.75, 0.5, 5, 1.5], "texture": "#0"},
				"up": {"uv": [9.25, 5.25, 9.5, 5], "texture": "#0"},
				"down": {"uv": [9.25, 4.75, 9.5, 5], "texture": "#0"}
			}
		},
		{
			"name": "Voxels",
			"from": [24.7533, 0.00601, 0.96225],
			"to": [26.71549, 0.39845, 1.35469],
			"rotation": {"angle": 0, "axis": "y", "origin": [15.33475, 12.95642, 7.63375]},
			"faces": {
				"north": {"uv": [7, 3.75, 5.75, 4], "texture": "#0"},
				"east": {"uv": [14, 6.5, 13.75, 6.75], "texture": "#0"},
				"south": {"uv": [7, 3.75, 8.25, 4], "texture": "#0"},
				"west": {"uv": [9.25, 5.25, 9.5, 5.5], "texture": "#0"},
				"up": {"uv": [14.75, 16, 16, 15.75], "texture": "#0"},
				"down": {"uv": [14.75, 15.5, 16, 15.75], "texture": "#0"}
			}
		},
		{
			"name": "Voxels",
			"from": [24.7533, 0.00601, 13.52024],
			"to": [26.71549, 0.39845, 13.91269],
			"rotation": {"angle": 0, "axis": "y", "origin": [15.33475, 12.95642, 7.63375]},
			"faces": {
				"north": {"uv": [4.5, 3, 3.25, 3.25], "texture": "#0"},
				"east": {"uv": [13, 6.5, 12.75, 6.75], "texture": "#0"},
				"south": {"uv": [3.25, 2.75, 4.5, 3], "texture": "#0"},
				"west": {"uv": [13.5, 6.5, 13.75, 6.75], "texture": "#0"},
				"up": {"uv": [3.25, 3.5, 4.5, 3.25], "texture": "#0"},
				"down": {"uv": [3.25, 3.5, 4.5, 3.75], "texture": "#0"}
			}
		},
		{
			"name": "Voxels",
			"from": [24.7533, 0.39842, 0.96225],
			"to": [25.14574, 0.79086, 1.35469],
			"rotation": {"angle": 0, "axis": "y", "origin": [15.33475, 12.95642, 7.63375]},
			"faces": {
				"north": {"uv": [12.25, 6.5, 12, 6.75], "texture": "#0"},
				"east": {"uv": [11, 6.5, 10.75, 6.75], "texture": "#0"},
				"south": {"uv": [11.25, 6.5, 11.5, 6.75], "texture": "#0"},
				"west": {"uv": [11, 6.5, 11.25, 6.75], "texture": "#0"},
				"up": {"uv": [12.25, 6.75, 12.5, 6.5], "texture": "#0"},
				"down": {"uv": [12.5, 6.5, 12.75, 6.75], "texture": "#0"}
			}
		},
		{
			"name": "Voxels",
			"from": [24.7533, 0.39842, 13.52024],
			"to": [25.14574, 0.79086, 13.91269],
			"rotation": {"angle": 0, "axis": "y", "origin": [15.33475, 12.95642, 7.63375]},
			"faces": {
				"north": {"uv": [9.75, 6.5, 9.5, 6.75], "texture": "#0"},
				"east": {"uv": [9.25, 0.75, 9, 1], "texture": "#0"},
				"south": {"uv": [9.25, 6.5, 9.5, 6.75], "texture": "#0"},
				"west": {"uv": [9, 0, 9.25, 0.25], "texture": "#0"},
				"up": {"uv": [9.75, 6.75, 10, 6.5], "texture": "#0"},
				"down": {"uv": [10.5, 6.5, 10.75, 6.75], "texture": "#0"}
			}
		},
		{
			"name": "Voxels",
			"from": [24.7533, 0.79083, -0.21498],
			"to": [25.14574, 1.18327, 0.17746],
			"rotation": {"angle": 0, "axis": "y", "origin": [15.33475, 12.95642, 7.63375]},
			"faces": {
				"north": {"uv": [12.75, 5.5, 12.5, 5.75], "texture": "#0"},
				"east": {"uv": [11, 5.5, 10.75, 5.75], "texture": "#0"},
				"south": {"uv": [12.25, 5.5, 12.5, 5.75], "texture": "#0"},
				"west": {"uv": [12, 5.5, 12.25, 5.75], "texture": "#0"},
				"up": {"uv": [12.75, 5.75, 13, 5.5], "texture": "#0"},
				"down": {"uv": [9, 1, 9.25, 1.25], "texture": "#0"}
			}
		},
		{
			"name": "Voxels",
			"from": [24.7533, 0.79083, 14.69765],
			"to": [25.14574, 1.18327, 15.0901],
			"rotation": {"angle": 0, "axis": "y", "origin": [15.33475, 12.95642, 7.63375]},
			"faces": {
				"north": {"uv": [10.25, 0.5, 10, 0.75], "texture": "#0"},
				"east": {"uv": [10.25, 3.75, 10, 4], "texture": "#0"},
				"south": {"uv": [10, 1.25, 10.25, 1.5], "texture": "#0"},
				"west": {"uv": [10, 1.5, 10.25, 1.75], "texture": "#0"},
				"up": {"uv": [10, 0.5, 10.25, 0.25], "texture": "#0"},
				"down": {"uv": [10.5, 5.5, 10.75, 5.75], "texture": "#0"}
			}
		},
		{
			"name": "Voxels",
			"from": [24.7533, 1.18324, 0.17743],
			"to": [25.14574, 2.75299, 0.56987],
			"rotation": {"angle": 0, "axis": "y", "origin": [15.33475, 12.95642, 7.63375]},
			"faces": {
				"north": {"uv": [1.75, 1.5, 1.5, 2.5], "texture": "#0"},
				"east": {"uv": [2.25, 0.5, 2, 1.5], "texture": "#0"},
				"south": {"uv": [1.5, 0.5, 1.75, 1.5], "texture": "#0"},
				"west": {"uv": [1.75, 0.75, 2, 1.75], "texture": "#0"},
				"up": {"uv": [10, 4.5, 10.25, 4.25], "texture": "#0"},
				"down": {"uv": [10, 4, 10.25, 4.25], "texture": "#0"}
			}
		},
		{
			"name": "Voxels",
			"from": [24.7533, 1.18324, 14.30524],
			"to": [25.14574, 2.75299, 14.69769],
			"rotation": {"angle": 0, "axis": "y", "origin": [15.33475, 12.95642, 7.63375]},
			"faces": {
				"north": {"uv": [2.5, 0.5, 2.25, 1.5], "texture": "#0"},
				"east": {"uv": [4.75, 0.75, 4.5, 1.75], "texture": "#0"},
				"south": {"uv": [2.5, 2.5, 2.75, 3.5], "texture": "#0"},
				"west": {"uv": [5, 1.5, 5.25, 2.5], "texture": "#0"},
				"up": {"uv": [9.5, 2.75, 9.75, 2.5], "texture": "#0"},
				"down": {"uv": [10, 4.5, 10.25, 4.75], "texture": "#0"}
			}
		},
		{
			"name": "Voxels",
			"from": [25.1457, 0.00601, -0.21498],
			"to": [25.53815, 0.39845, 0.5699],
			"rotation": {"angle": 0, "axis": "y", "origin": [15.33475, 12.95642, 7.63375]},
			"faces": {
				"north": {"uv": [9.75, 3.75, 9.5, 4], "texture": "#0"},
				"east": {"uv": [15, 7.5, 14.5, 7.75], "texture": "#0"},
				"south": {"uv": [9.5, 4.5, 9.75, 4.75], "texture": "#0"},
				"west": {"uv": [13.5, 7.25, 14, 7.5], "texture": "#0"},
				"up": {"uv": [14.25, 7.75, 14.5, 7.25], "texture": "#0"},
				"down": {"uv": [14, 7.25, 14.25, 7.75], "texture": "#0"}
			}
		},
		{
			"name": "Voxels",
			"from": [25.1457, 0.00601, 1.35466],
			"to": [26.71545, 0.39845, 1.7471],
			"rotation": {"angle": 0, "axis": "y", "origin": [15.33475, 12.95642, 7.63375]},
			"faces": {
				"north": {"uv": [16, 12.75, 15, 13], "texture": "#0"},
				"east": {"uv": [9.75, 5.5, 9.5, 5.75], "texture": "#0"},
				"south": {"uv": [3.25, 0.5, 4.25, 0.75], "texture": "#0"},
				"west": {"uv": [9.5, 5.25, 9.75, 5.5], "texture": "#0"},
				"up": {"uv": [15, 13.25, 16, 13], "texture": "#0"},
				"down": {"uv": [0, 0, 1, 0.25], "texture": "#0"}
			}
		},
		{
			"name": "Voxels",
			"from": [25.1457, 0.00601, 13.12784],
			"to": [26.71545, 0.39845, 13.52028],
			"rotation": {"angle": 0, "axis": "y", "origin": [15.33475, 12.95642, 7.63375]},
			"faces": {
				"north": {"uv": [16, 12, 15, 12.25], "texture": "#0"},
				"east": {"uv": [15.75, 6.25, 15.5, 6.5], "texture": "#0"},
				"south": {"uv": [3.25, 2.5, 4.25, 2.75], "texture": "#0"},
				"west": {"uv": [9.5, 5.75, 9.75, 6], "texture": "#0"},
				"up": {"uv": [15, 12.5, 16, 12.25], "texture": "#0"},
				"down": {"uv": [15, 12.5, 16, 12.75], "texture": "#0"}
			}
		},
		{
			"name": "Voxels",
			"from": [25.1457, 0.39842, 1.35466],
			"to": [25.53815, 0.79086, 1.7471],
			"rotation": {"angle": 0, "axis": "y", "origin": [15.33475, 12.95642, 7.63375]},
			"faces": {
				"north": {"uv": [13.5, 6.25, 13.25, 6.5], "texture": "#0"},
				"east": {"uv": [11.75, 6.25, 11.5, 6.5], "texture": "#0"},
				"south": {"uv": [13, 6.25, 13.25, 6.5], "texture": "#0"},
				"west": {"uv": [12.75, 6.25, 13, 6.5], "texture": "#0"},
				"up": {"uv": [13.5, 6.5, 13.75, 6.25], "texture": "#0"},
				"down": {"uv": [15.25, 6.25, 15.5, 6.5], "texture": "#0"}
			}
		},
		{
			"name": "Voxels",
			"from": [25.1457, 0.39842, 13.12784],
			"to": [25.53815, 0.79086, 13.52028],
			"rotation": {"angle": 0, "axis": "y", "origin": [15.33475, 12.95642, 7.63375]},
			"faces": {
				"north": {"uv": [11, 6.25, 10.75, 6.5], "texture": "#0"},
				"east": {"uv": [9.75, 6.25, 9.5, 6.5], "texture": "#0"},
				"south": {"uv": [10.5, 6.25, 10.75, 6.5], "texture": "#0"},
				"west": {"uv": [9.75, 6.25, 10, 6.5], "texture": "#0"},
				"up": {"uv": [11, 6.5, 11.25, 6.25], "texture": "#0"},
				"down": {"uv": [11.25, 6.25, 11.5, 6.5], "texture": "#0"}
			}
		},
		{
			"name": "Voxels",
			"from": [25.1457, 0.79083, 0.17743],
			"to": [25.53815, 1.18327, 0.56987],
			"rotation": {"angle": 0, "axis": "y", "origin": [15.33475, 12.95642, 7.63375]},
			"faces": {
				"north": {"uv": [9.5, 5.5, 9.25, 5.75], "texture": "#0"},
				"east": {"uv": [10, 4, 9.75, 4.25], "texture": "#0"},
				"south": {"uv": [10, 5.25, 10.25, 5.5], "texture": "#0"},
				"west": {"uv": [15.25, 6, 15.5, 6.25], "texture": "#0"},
				"up": {"uv": [9.25, 1, 9.5, 0.75], "texture": "#0"},
				"down": {"uv": [9.25, 0.5, 9.5, 0.75], "texture": "#0"}
			}
		},
		{
			"name": "Voxels",
			"from": [25.1457, 0.79083, 14.30524],
			"to": [25.53815, 1.18327, 14.69769],
			"rotation": {"angle": 0, "axis": "y", "origin": [15.33475, 12.95642, 7.63375]},
			"faces": {
				"north": {"uv": [10.25, 5.5, 10, 5.75], "texture": "#0"},
				"east": {"uv": [14.75, 6.5, 14.5, 6.75], "texture": "#0"},
				"south": {"uv": [11, 5.5, 11.25, 5.75], "texture": "#0"},
				"west": {"uv": [11.25, 5.5, 11.5, 5.75], "texture": "#0"},
				"up": {"uv": [9.75, 2.75, 10, 2.5], "texture": "#0"},
				"down": {"uv": [9.75, 2.75, 10, 3], "texture": "#0"}
			}
		},
		{
			"name": "Voxels",
			"from": [25.1457, 1.96806, 0.56984],
			"to": [25.53815, 2.75293, 0.96228],
			"rotation": {"angle": 0, "axis": "y", "origin": [15.33475, 12.95642, 7.63375]},
			"faces": {
				"north": {"uv": [15.25, 7.25, 15, 7.75], "texture": "#0"},
				"east": {"uv": [16, 7.25, 15.75, 7.75], "texture": "#0"},
				"south": {"uv": [15.25, 7.25, 15.5, 7.75], "texture": "#0"},
				"west": {"uv": [15.5, 7.25, 15.75, 7.75], "texture": "#0"},
				"up": {"uv": [15, 6.5, 15.25, 6.25], "texture": "#0"},
				"down": {"uv": [13.75, 6.25, 14, 6.5], "texture": "#0"}
			}
		},
		{
			"name": "Voxels",
			"from": [25.1457, 1.96806, 13.91284],
			"to": [25.53815, 2.75293, 14.30528],
			"rotation": {"angle": 0, "axis": "y", "origin": [15.33475, 12.95642, 7.63375]},
			"faces": {
				"north": {"uv": [8.75, 6.75, 8.5, 7.25], "texture": "#0"},
				"east": {"uv": [8.75, 5.25, 8.5, 5.75], "texture": "#0"},
				"south": {"uv": [8.5, 6.25, 8.75, 6.75], "texture": "#0"},
				"west": {"uv": [8.5, 5.75, 8.75, 6.25], "texture": "#0"},
				"up": {"uv": [15.75, 6, 16, 5.75], "texture": "#0"},
				"down": {"uv": [15.5, 5.75, 15.75, 6], "texture": "#0"}
			}
		},
		{
			"name": "Voxels",
			"from": [25.53811, 0.00601, 0.17743],
			"to": [25.93056, 0.39845, 0.56987],
			"rotation": {"angle": 0, "axis": "y", "origin": [15.33475, 12.95642, 7.63375]},
			"faces": {
				"north": {"uv": [15.5, 6.5, 15.25, 6.75], "texture": "#0"},
				"east": {"uv": [9.5, 5.75, 9.25, 6], "texture": "#0"},
				"south": {"uv": [9.25, 6.25, 9.5, 6.5], "texture": "#0"},
				"west": {"uv": [9.25, 6, 9.5, 6.25], "texture": "#0"},
				"up": {"uv": [15, 6.75, 15.25, 6.5], "texture": "#0"},
				"down": {"uv": [14.75, 6.5, 15, 6.75], "texture": "#0"}
			}
		},
		{
			"name": "Voxels",
			"from": [25.53811, 0.00601, 1.74725],
			"to": [27.10786, 0.39845, 2.92456],
			"rotation": {"angle": 0, "axis": "y", "origin": [15.33475, 12.95642, 7.63375]},
			"faces": {
				"north": {"uv": [4.25, 0.75, 3.25, 1], "texture": "#0"},
				"east": {"uv": [6.25, 2.75, 5.5, 3], "texture": "#0"},
				"south": {"uv": [3.25, 0.25, 4.25, 0.5], "texture": "#0"},
				"west": {"uv": [6.25, 2.75, 7, 3], "texture": "#0"},
				"up": {"uv": [4.25, 6.25, 5.25, 5.5], "texture": "#0"},
				"down": {"uv": [0, 1.75, 1, 2.5], "texture": "#0"}
			}
		},
		{
			"name": "Voxels",
			"from": [25.53811, 0.00601, 11.95061],
			"to": [27.5003, 0.39845, 12.34305],
			"rotation": {"angle": 0, "axis": "y", "origin": [15.33475, 12.95642, 7.63375]},
			"faces": {
				"north": {"uv": [4.5, 4.75, 3.25, 5], "texture": "#0"},
				"east": {"uv": [12.75, 6.25, 12.5, 6.5], "texture": "#0"},
				"south": {"uv": [3.25, 4.5, 4.5, 4.75], "texture": "#0"},
				"west": {"uv": [11.75, 6.25, 12, 6.5], "texture": "#0"},
				"up": {"uv": [14.75, 13.75, 16, 13.5], "texture": "#0"},
				"down": {"uv": [14.75, 13.75, 16, 14], "texture": "#0"}
			}
		},
		{
			"name": "Voxels",
			"from": [25.53811, 0.00601, 12.34302],
			"to": [27.10786, 0.39845, 13.12789],
			"rotation": {"angle": 0, "axis": "y", "origin": [15.33475, 12.95642, 7.63375]},
			"faces": {
				"north": {"uv": [4.25, 1.25, 3.25, 1.5], "texture": "#0"},
				"east": {"uv": [9.75, 7, 9.25, 7.25], "texture": "#0"},
				"south": {"uv": [3.25, 1, 4.25, 1.25], "texture": "#0"},
				"west": {"uv": [8.75, 7, 9.25, 7.25], "texture": "#0"},
				"up": {"uv": [2.5, 5.5, 3.5, 5], "texture": "#0"},
				"down": {"uv": [3.5, 5, 4.5, 5.5], "texture": "#0"}
			}
		},
		{
			"name": "Voxels",
			"from": [25.53811, 0.39842, 1.74725],
			"to": [25.93056, 0.79086, 2.92456],
			"rotation": {"angle": 0, "axis": "y", "origin": [15.33475, 12.95642, 7.63375]},
			"faces": {
				"north": {"uv": [16, 6.25, 15.75, 6.5], "texture": "#0"},
				"east": {"uv": [8.25, 2.25, 7.5, 2.5], "texture": "#0"},
				"south": {"uv": [9.5, 6, 9.75, 6.25], "texture": "#0"},
				"west": {"uv": [7.25, 2.5, 8, 2.75], "texture": "#0"},
				"up": {"uv": [5.5, 2, 5.75, 1.25], "texture": "#0"},
				"down": {"uv": [5.5, 0.5, 5.75, 1.25], "texture": "#0"}
			}
		},
		{
			"name": "Voxels",
			"from": [25.53811, 0.39842, 11.95061],
			"to": [25.93056, 0.79086, 13.12793],
			"rotation": {"angle": 0, "axis": "y", "origin": [15.33475, 12.95642, 7.63375]},
			"faces": {
				"north": {"uv": [9.75, 4.25, 9.5, 4.5], "texture": "#0"},
				"east": {"uv": [3.25, 0.25, 2.5, 0.5], "texture": "#0"},
				"south": {"uv": [9.5, 4, 9.75, 4.25], "texture": "#0"},
				"west": {"uv": [7, 1.5, 7.75, 1.75], "texture": "#0"},
				"up": {"uv": [6, 1, 6.25, 0.25], "texture": "#0"},
				"down": {"uv": [6, 1, 6.25, 1.75], "texture": "#0"}
			}
		},
		{
			"name": "Voxels",
			"from": [25.53811, 0.79083, 0.56984],
			"to": [25.93056, 1.18327, 0.96228],
			"rotation": {"angle": 0, "axis": "y", "origin": [15.33475, 12.95642, 7.63375]},
			"faces": {
				"north": {"uv": [9.75, 1.75, 9.5, 2], "texture": "#0"},
				"east": {"uv": [10.75, 6, 10.5, 6.25], "texture": "#0"},
				"south": {"uv": [10, 6, 10.25, 6.25], "texture": "#0"},
				"west": {"uv": [10.25, 6, 10.5, 6.25], "texture": "#0"},
				"up": {"uv": [9.5, 2.25, 9.75, 2], "texture": "#0"},
				"down": {"uv": [9.5, 2.25, 9.75, 2.5], "texture": "#0"}
			}
		},
		{
			"name": "Voxels",
			"from": [25.53811, 0.79083, 13.91284],
			"to": [25.93056, 1.18327, 14.30528],
			"rotation": {"angle": 0, "axis": "y", "origin": [15.33475, 12.95642, 7.63375]},
			"faces": {
				"north": {"uv": [12.5, 6, 12.25, 6.25], "texture": "#0"},
				"east": {"uv": [14.75, 6, 14.5, 6.25], "texture": "#0"},
				"south": {"uv": [13.5, 6, 13.75, 6.25], "texture": "#0"},
				"west": {"uv": [13.75, 6, 14, 6.25], "texture": "#0"},
				"up": {"uv": [12, 6.25, 12.25, 6], "texture": "#0"},
				"down": {"uv": [10.75, 6, 11, 6.25], "texture": "#0"}
			}
		},
		{
			"name": "Voxels",
			"from": [25.53811, 1.96806, 0.96225],
			"to": [25.93056, 2.75293, 1.35469],
			"rotation": {"angle": 0, "axis": "y", "origin": [15.33475, 12.95642, 7.63375]},
			"faces": {
				"north": {"uv": [8.75, 4.75, 8.5, 5.25], "texture": "#0"},
				"east": {"uv": [8.75, 3.25, 8.5, 3.75], "texture": "#0"},
				"south": {"uv": [8.5, 4.25, 8.75, 4.75], "texture": "#0"},
				"west": {"uv": [8.5, 3.75, 8.75, 4.25], "texture": "#0"},
				"up": {"uv": [15, 6.25, 15.25, 6], "texture": "#0"},
				"down": {"uv": [14.75, 6, 15, 6.25], "texture": "#0"}
			}
		},
		{
			"name": "Voxels",
			"from": [25.53811, 1.96806, 13.52024],
			"to": [25.93056, 2.75293, 13.91269],
			"rotation": {"angle": 0, "axis": "y", "origin": [15.33475, 12.95642, 7.63375]},
			"faces": {
				"north": {"uv": [8.75, 2.75, 8.5, 3.25], "texture": "#0"},
				"east": {"uv": [6.75, 0, 6.5, 0.5], "texture": "#0"},
				"south": {"uv": [8.5, 2.25, 8.75, 2.75], "texture": "#0"},
				"west": {"uv": [8.5, 1.75, 8.75, 2.25], "texture": "#0"},
				"up": {"uv": [10.25, 6, 10.5, 5.75], "texture": "#0"},
				"down": {"uv": [10, 5.75, 10.25, 6], "texture": "#0"}
			}
		},
		{
			"name": "Voxels",
			"from": [25.93052, 0.00601, 2.92448],
			"to": [27.50029, 0.39845, 4.10179],
			"rotation": {"angle": 0, "axis": "y", "origin": [15.33475, 12.95642, 7.63375]},
			"faces": {
				"north": {"uv": [6.25, 3, 5.25, 3.25], "texture": "#0"},
				"east": {"uv": [7, 3, 6.25, 3.25], "texture": "#0"},
				"south": {"uv": [7.25, 3.25, 8.25, 3.5], "texture": "#0"},
				"west": {"uv": [2.5, 0, 3.25, 0.25], "texture": "#0"},
				"up": {"uv": [0, 1.75, 1, 1], "texture": "#0"},
				"down": {"uv": [0, 0.25, 1, 1], "texture": "#0"}
			}
		},
		{
			"name": "Voxels",
			"from": [25.93052, 0.00601, 10.7732],
			"to": [27.89271, 0.39845, 11.55807],
			"rotation": {"angle": 0, "axis": "y", "origin": [15.33475, 12.95642, 7.63375]},
			"faces": {
				"north": {"uv": [7.75, 5.5, 6.5, 5.75], "texture": "#0"},
				"east": {"uv": [10.75, 7, 10.25, 7.25], "texture": "#0"},
				"south": {"uv": [5.25, 5.5, 6.5, 5.75], "texture": "#0"},
				"west": {"uv": [9.75, 7, 10.25, 7.25], "texture": "#0"},
				"up": {"uv": [5.25, 6.25, 6.5, 5.75], "texture": "#0"},
				"down": {"uv": [6.5, 5.75, 7.75, 6.25], "texture": "#0"}
			}
		},
		{
			"name": "Voxels",
			"from": [25.93052, 0.00601, 11.5582],
			"to": [27.50029, 0.39845, 11.95065],
			"rotation": {"angle": 0, "axis": "y", "origin": [15.33475, 12.95642, 7.63375]},
			"faces": {
				"north": {"uv": [7.75, 3.5, 6.75, 3.75], "texture": "#0"},
				"east": {"uv": [9.25, 1.25, 9, 1.5], "texture": "#0"},
				"south": {"uv": [5.75, 3.5, 6.75, 3.75], "texture": "#0"},
				"west": {"uv": [9, 1.5, 9.25, 1.75], "texture": "#0"},
				"up": {"uv": [5.25, 3.5, 6.25, 3.25], "texture": "#0"},
				"down": {"uv": [6.25, 3.25, 7.25, 3.5], "texture": "#0"}
			}
		},
		{
			"name": "Voxels",
			"from": [25.93052, 0.39842, 2.92448],
			"to": [26.32297, 0.79086, 4.10179],
			"rotation": {"angle": 0, "axis": "y", "origin": [15.33475, 12.95642, 7.63375]},
			"faces": {
				"north": {"uv": [9.25, 0.5, 9, 0.75], "texture": "#0"},
				"east": {"uv": [8.25, 2, 7.5, 2.25], "texture": "#0"},
				"south": {"uv": [9, 0.25, 9.25, 0.5], "texture": "#0"},
				"west": {"uv": [6.75, 2, 7.5, 2.25], "texture": "#0"},
				"up": {"uv": [5.25, 0.75, 5.5, 0], "texture": "#0"},
				"down": {"uv": [5.25, 0.75, 5.5, 1.5], "texture": "#0"}
			}
		},
		{
			"name": "Voxels",
			"from": [25.93052, 0.39842, 10.7732],
			"to": [26.32297, 0.79086, 11.95052],
			"rotation": {"angle": 0, "axis": "y", "origin": [15.33475, 12.95642, 7.63375]},
			"faces": {
				"north": {"uv": [10.25, 6.5, 10, 6.75], "texture": "#0"},
				"east": {"uv": [8.25, 1, 7.5, 1.25], "texture": "#0"},
				"south": {"uv": [10.25, 6.5, 10.5, 6.75], "texture": "#0"},
				"west": {"uv": [7.25, 0.75, 8, 1], "texture": "#0"},
				"up": {"uv": [7.25, 0.75, 7.5, 0], "texture": "#0"},
				"down": {"uv": [5, 0, 5.25, 0.75], "texture": "#0"}
			}
		},
		{
			"name": "Voxels",
			"from": [25.93052, 0.79083, 0.96225],
			"to": [26.32297, 1.18327, 2.13957],
			"rotation": {"angle": 0, "axis": "y", "origin": [15.33475, 12.95642, 7.63375]},
			"faces": {
				"north": {"uv": [11.75, 6.5, 11.5, 6.75], "texture": "#0"},
				"east": {"uv": [8, 1.25, 7.25, 1.5], "texture": "#0"},
				"south": {"uv": [11.75, 6.5, 12, 6.75], "texture": "#0"},
				"west": {"uv": [6.75, 1, 7.5, 1.25], "texture": "#0"},
				"up": {"uv": [6.75, 1, 7, 0.25], "texture": "#0"},
				"down": {"uv": [7, 0.25, 7.25, 1], "texture": "#0"}
			}
		},
		{
			"name": "Voxels",
			"from": [25.93052, 0.79083, 12.73543],
			"to": [26.32297, 1.18327, 13.91274],
			"rotation": {"angle": 0, "axis": "y", "origin": [15.33475, 12.95642, 7.63375]},
			"faces": {
				"north": {"uv": [13.25, 6.5, 13, 6.75], "texture": "#0"},
				"east": {"uv": [8.25, 1.75, 7.5, 2], "texture": "#0"},
				"south": {"uv": [13.25, 6.5, 13.5, 6.75], "texture": "#0"},
				"west": {"uv": [6.5, 1.25, 7.25, 1.5], "texture": "#0"},
				"up": {"uv": [6.25, 0.75, 6.5, 0], "texture": "#0"},
				"down": {"uv": [6.5, 0.5, 6.75, 1.25], "texture": "#0"}
			}
		},
		{
			"name": "Voxels",
			"from": [25.93052, 1.96806, 1.35466],
			"to": [26.32297, 2.75293, 1.7471],
			"rotation": {"angle": 0, "axis": "y", "origin": [15.33475, 12.95642, 7.63375]},
			"faces": {
				"north": {"uv": [8.75, 1.25, 8.5, 1.75], "texture": "#0"},
				"east": {"uv": [9, 6.5, 8.75, 7], "texture": "#0"},
				"south": {"uv": [8.5, 0.75, 8.75, 1.25], "texture": "#0"},
				"west": {"uv": [8.5, 0.25, 8.75, 0.75], "texture": "#0"},
				"up": {"uv": [14.25, 6.75, 14.5, 6.5], "texture": "#0"},
				"down": {"uv": [14, 6.5, 14.25, 6.75], "texture": "#0"}
			}
		},
		{
			"name": "Voxels",
			"from": [25.93052, 1.96806, 13.12784],
			"to": [26.32297, 2.75293, 13.52028],
			"rotation": {"angle": 0, "axis": "y", "origin": [15.33475, 12.95642, 7.63375]},
			"faces": {
				"north": {"uv": [9, 6, 8.75, 6.5], "texture": "#0"},
				"east": {"uv": [9, 4.5, 8.75, 5], "texture": "#0"},
				"south": {"uv": [8.75, 5.5, 9, 6], "texture": "#0"},
				"west": {"uv": [8.75, 5, 9, 5.5], "texture": "#0"},
				"up": {"uv": [15.75, 6.75, 16, 6.5], "texture": "#0"},
				"down": {"uv": [15.5, 6.5, 15.75, 6.75], "texture": "#0"}
			}
		},
		{
			"name": "Voxels",
			"from": [26.32311, 0.00601, 4.10188],
			"to": [27.89288, 0.39845, 10.77334],
			"rotation": {"angle": 0, "axis": "y", "origin": [15.33475, 12.95642, 7.63375]},
			"faces": {
				"north": {"uv": [5.75, 3.5, 4.75, 3.75], "texture": "#0"},
				"east": {"uv": [14, 14.25, 9.75, 14.5], "texture": "#0"},
				"south": {"uv": [3.25, 0, 4.25, 0.25], "texture": "#0"},
				"west": {"uv": [9.75, 14.5, 14, 14.75], "texture": "#0"},
				"up": {"uv": [0, 11.75, 1, 7.5], "texture": "#0"},
				"down": {"uv": [0, 11.75, 1, 16], "texture": "#0"}
			}
		},
		{
			"name": "Voxels",
			"from": [26.32311, 0.39842, 4.10188],
			"to": [26.71556, 0.79086, 10.77334],
			"rotation": {"angle": 0, "axis": "y", "origin": [15.33475, 12.95642, 7.63375]},
			"faces": {
				"north": {"uv": [9.5, 3.25, 9.25, 3.5], "texture": "#0"},
				"east": {"uv": [14, 14.75, 9.75, 15], "texture": "#0"},
				"south": {"uv": [9.25, 3, 9.5, 3.25], "texture": "#0"},
				"west": {"uv": [9.75, 15, 14, 15.25], "texture": "#0"},
				"up": {"uv": [1.25, 6.25, 1.5, 2], "texture": "#0"},
				"down": {"uv": [1, 2, 1.25, 6.25], "texture": "#0"}
			}
		},
		{
			"name": "Voxels",
			"from": [26.32311, 0.79083, 2.13966],
			"to": [26.71556, 1.18327, 4.10185],
			"rotation": {"angle": 0, "axis": "y", "origin": [15.33475, 12.95642, 7.63375]},
			"faces": {
				"north": {"uv": [9.5, 1.75, 9.25, 2], "texture": "#0"},
				"east": {"uv": [4.5, 4.25, 3.25, 4.5], "texture": "#0"},
				"south": {"uv": [9.25, 1.5, 9.5, 1.75], "texture": "#0"},
				"west": {"uv": [5.75, 4, 7, 4.25], "texture": "#0"},
				"up": {"uv": [1.25, 2, 1.5, 0.75], "texture": "#0"},
				"down": {"uv": [1, 0.75, 1.25, 2], "texture": "#0"}
			}
		},
		{
			"name": "Voxels",
			"from": [26.32311, 0.79083, 10.7732],
			"to": [27.10799, 1.57571, 11.16564],
			"rotation": {"angle": 0, "axis": "y", "origin": [15.33475, 12.95642, 7.63375]},
			"faces": {
				"north": {"uv": [3.25, 3, 2.75, 3.5], "texture": "#0"},
				"east": {"uv": [9, 3.5, 8.75, 4], "texture": "#0"},
				"south": {"uv": [2, 0, 2.5, 0.5], "texture": "#0"},
				"west": {"uv": [8.75, 4, 9, 4.5], "texture": "#0"},
				"up": {"uv": [11.25, 7.25, 11.75, 7], "texture": "#0"},
				"down": {"uv": [10.75, 7, 11.25, 7.25], "texture": "#0"}
			}
		},
		{
			"name": "Voxels",
			"from": [26.32311, 0.79083, 11.16561],
			"to": [27.10799, 1.18327, 11.95048],
			"rotation": {"angle": 0, "axis": "y", "origin": [15.33475, 12.95642, 7.63375]},
			"faces": {
				"north": {"uv": [12.25, 7, 11.75, 7.25], "texture": "#0"},
				"east": {"uv": [13.75, 7, 13.25, 7.25], "texture": "#0"},
				"south": {"uv": [12.25, 7, 12.75, 7.25], "texture": "#0"},
				"west": {"uv": [12.75, 7, 13.25, 7.25], "texture": "#0"},
				"up": {"uv": [0.5, 3.25, 1, 2.75], "texture": "#0"},
				"down": {"uv": [7.75, 5.75, 8.25, 6.25], "texture": "#0"}
			}
		},
		{
			"name": "Voxels",
			"from": [26.32311, 0.79083, 11.95061],
			"to": [26.71556, 1.18327, 12.73548],
			"rotation": {"angle": 0, "axis": "y", "origin": [15.33475, 12.95642, 7.63375]},
			"faces": {
				"north": {"uv": [12.25, 6.25, 12, 6.5], "texture": "#0"},
				"east": {"uv": [14.75, 7, 14.25, 7.25], "texture": "#0"},
				"south": {"uv": [12.25, 6.25, 12.5, 6.5], "texture": "#0"},
				"west": {"uv": [13.75, 7, 14.25, 7.25], "texture": "#0"},
				"up": {"uv": [8.75, 3, 9, 2.5], "texture": "#0"},
				"down": {"uv": [8.75, 3, 9, 3.5], "texture": "#0"}
			}
		},
		{
			"name": "Voxels",
			"from": [26.32311, 1.18324, 3.70929],
			"to": [27.10799, 1.57568, 4.10173],
			"rotation": {"angle": 0, "axis": "y", "origin": [15.33475, 12.95642, 7.63375]},
			"faces": {
				"north": {"uv": [9.5, 6.75, 9, 7], "texture": "#0"},
				"east": {"uv": [14.5, 6.25, 14.25, 6.5], "texture": "#0"},
				"south": {"uv": [9.5, 6.75, 10, 7], "texture": "#0"},
				"west": {"uv": [14, 6.25, 14.25, 6.5], "texture": "#0"},
				"up": {"uv": [15.25, 7.25, 15.75, 7], "texture": "#0"},
				"down": {"uv": [14.75, 7, 15.25, 7.25], "texture": "#0"}
			}
		},
		{
			"name": "Voxels",
			"from": [26.32311, 1.96806, 1.74725],
			"to": [26.71556, 2.75293, 2.13969],
			"rotation": {"angle": 0, "axis": "y", "origin": [15.33475, 12.95642, 7.63375]},
			"faces": {
				"north": {"uv": [9, 2, 8.75, 2.5], "texture": "#0"},
				"east": {"uv": [9, 0.5, 8.75, 1], "texture": "#0"},
				"south": {"uv": [8.75, 1.5, 9, 2], "texture": "#0"},
				"west": {"uv": [8.75, 1, 9, 1.5], "texture": "#0"},
				"up": {"uv": [14.75, 6.5, 15, 6.25], "texture": "#0"},
				"down": {"uv": [14.5, 6.25, 14.75, 6.5], "texture": "#0"}
			}
		},
		{
			"name": "Voxels",
			"from": [26.32311, 1.96806, 3.31689],
			"to": [27.10799, 2.3605, 3.70932],
			"rotation": {"angle": 0, "axis": "y", "origin": [15.33475, 12.95642, 7.63375]},
			"faces": {
				"north": {"uv": [11.5, 6.75, 11, 7], "texture": "#0"},
				"east": {"uv": [9.75, 4.75, 9.5, 5], "texture": "#0"},
				"south": {"uv": [11.5, 6.75, 12, 7], "texture": "#0"},
				"west": {"uv": [9.5, 5, 9.75, 5.25], "texture": "#0"},
				"up": {"uv": [10.5, 7, 11, 6.75], "texture": "#0"},
				"down": {"uv": [10, 6.75, 10.5, 7], "texture": "#0"}
			}
		},
		{
			"name": "Voxels",
			"from": [26.32311, 1.96806, 11.16561],
			"to": [27.10799, 2.3605, 11.55805],
			"rotation": {"angle": 0, "axis": "y", "origin": [15.33475, 12.95642, 7.63375]},
			"faces": {
				"north": {"uv": [13.5, 6.75, 13, 7], "texture": "#0"},
				"east": {"uv": [9.75, 3.25, 9.5, 3.5], "texture": "#0"},
				"south": {"uv": [13.5, 6.75, 14, 7], "texture": "#0"},
				"west": {"uv": [9.5, 3.5, 9.75, 3.75], "texture": "#0"},
				"up": {"uv": [12.5, 7, 13, 6.75], "texture": "#0"},
				"down": {"uv": [12, 6.75, 12.5, 7], "texture": "#0"}
			}
		},
		{
			"name": "Voxels",
			"from": [26.32311, 1.96806, 12.73543],
			"to": [26.71556, 2.75293, 13.12787],
			"rotation": {"angle": 0, "axis": "y", "origin": [15.33475, 12.95642, 7.63375]},
			"faces": {
				"north": {"uv": [9, 0, 8.75, 0.5], "texture": "#0"},
				"east": {"uv": [9.25, 5.25, 9, 5.75], "texture": "#0"},
				"south": {"uv": [9, 6.25, 9.25, 6.75], "texture": "#0"},
				"west": {"uv": [9, 5.75, 9.25, 6.25], "texture": "#0"},
				"up": {"uv": [9.5, 3, 9.75, 2.75], "texture": "#0"},
				"down": {"uv": [9.5, 3, 9.75, 3.25], "texture": "#0"}
			}
		},
		{
			"name": "Voxels",
			"from": [26.71552, 0.79083, 2.92448],
			"to": [27.10797, 1.18327, 10.77325],
			"rotation": {"angle": 0, "axis": "y", "origin": [15.33475, 12.95642, 7.63375]},
			"faces": {
				"north": {"uv": [9.75, 1, 9.5, 1.25], "texture": "#0"},
				"east": {"uv": [14.75, 15.75, 9.75, 16], "texture": "#0"},
				"south": {"uv": [9.5, 0.75, 9.75, 1], "texture": "#0"},
				"west": {"uv": [9.75, 15.5, 14.75, 15.75], "texture": "#0"},
				"up": {"uv": [0, 7.5, 0.25, 2.5], "texture": "#0"},
				"down": {"uv": [0.25, 2.5, 0.5, 7.5], "texture": "#0"}
			}
		},
		{
			"name": "Voxels",
			"from": [26.71552, 1.18324, 3.31689],
			"to": [27.10797, 1.96812, 3.70932],
			"rotation": {"angle": 0, "axis": "y", "origin": [15.33475, 12.95642, 7.63375]},
			"faces": {
				"north": {"uv": [9.25, 4.75, 9, 5.25], "texture": "#0"},
				"east": {"uv": [9.25, 3.25, 9, 3.75], "texture": "#0"},
				"south": {"uv": [9, 4.25, 9.25, 4.75], "texture": "#0"},
				"west": {"uv": [9, 3.75, 9.25, 4.25], "texture": "#0"},
				"up": {"uv": [9.75, 6.25, 10, 6], "texture": "#0"},
				"down": {"uv": [9.5, 0, 9.75, 0.25], "texture": "#0"}
			}
		},
		{
			"name": "Voxels",
			"from": [26.71552, 1.18324, 4.10188],
			"to": [27.89284, 1.96812, 4.49432],
			"rotation": {"angle": 0, "axis": "y", "origin": [15.33475, 12.95642, 7.63375]},
			"faces": {
				"north": {"uv": [3.25, 3.5, 2.5, 4], "texture": "#0"},
				"east": {"uv": [9.25, 2.25, 9, 2.75], "texture": "#0"},
				"south": {"uv": [5.25, 5, 6, 5.5], "texture": "#0"},
				"west": {"uv": [9, 2.75, 9.25, 3.25], "texture": "#0"},
				"up": {"uv": [5.75, 2.75, 6.5, 2.5], "texture": "#0"},
				"down": {"uv": [7, 2.75, 7.75, 3], "texture": "#0"}
			}
		},
		{
			"name": "Voxels",
			"from": [26.71552, 1.18324, 10.38079],
			"to": [27.89284, 1.96812, 10.77323],
			"rotation": {"angle": 0, "axis": "y", "origin": [15.33475, 12.95642, 7.63375]},
			"faces": {
				"north": {"uv": [3.25, 4.5, 2.5, 5], "texture": "#0"},
				"east": {"uv": [1.75, 0, 1.5, 0.5], "texture": "#0"},
				"south": {"uv": [7.5, 5, 8.25, 5.5], "texture": "#0"},
				"west": {"uv": [9, 1.75, 9.25, 2.25], "texture": "#0"},
				"up": {"uv": [6.25, 1.75, 7, 1.5], "texture": "#0"},
				"down": {"uv": [6.75, 2.25, 7.5, 2.5], "texture": "#0"}
			}
		},
		{
			"name": "Voxels",
			"from": [26.71552, 1.18324, 11.16561],
			"to": [27.10797, 1.96812, 11.55805],
			"rotation": {"angle": 0, "axis": "y", "origin": [15.33475, 12.95642, 7.63375]},
			"faces": {
				"north": {"uv": [3, 2.5, 2.75, 3], "texture": "#0"},
				"east": {"uv": [5.75, 0, 5.5, 0.5], "texture": "#0"},
				"south": {"uv": [3, 2.5, 3.25, 3], "texture": "#0"},
				"west": {"uv": [4.75, 0, 5, 0.5], "texture": "#0"},
				"up": {"uv": [14.25, 6.25, 14.5, 6], "texture": "#0"},
				"down": {"uv": [14, 6, 14.25, 6.25], "texture": "#0"}
			}
		},
		{
			"name": "Voxels",
			"from": [26.71552, 1.57565, 3.70929],
			"to": [27.10797, 2.75297, 4.10173],
			"rotation": {"angle": 0, "axis": "y", "origin": [15.33475, 12.95642, 7.63375]},
			"faces": {
				"north": {"uv": [6.5, 0.75, 6.25, 1.5], "texture": "#0"},
				"east": {"uv": [2, 0, 1.75, 0.75], "texture": "#0"},
				"south": {"uv": [1, 0, 1.25, 0.75], "texture": "#0"},
				"west": {"uv": [1.25, 0, 1.5, 0.75], "texture": "#0"},
				"up": {"uv": [15.75, 6.25, 16, 6], "texture": "#0"},
				"down": {"uv": [15.5, 6, 15.75, 6.25], "texture": "#0"}
			}
		},
		{
			"name": "Voxels",
			"from": [26.71552, 1.57565, 10.7732],
			"to": [27.10797, 2.75297, 11.16564],
			"rotation": {"angle": 0, "axis": "y", "origin": [15.33475, 12.95642, 7.63375]},
			"faces": {
				"north": {"uv": [4.75, 0, 4.5, 0.75], "texture": "#0"},
				"east": {"uv": [5.5, 2.25, 5.25, 3], "texture": "#0"},
				"south": {"uv": [5.5, 2, 5.75, 2.75], "texture": "#0"},
				"west": {"uv": [5, 0.75, 5.25, 1.5], "texture": "#0"},
				"up": {"uv": [9.75, 4.75, 10, 4.5], "texture": "#0"},
				"down": {"uv": [9.75, 4.75, 10, 5], "texture": "#0"}
			}
		},
		{
			"name": "Voxels",
			"from": [26.71552, 1.96806, 2.13966],
			"to": [27.10797, 2.75293, 3.31697],
			"rotation": {"angle": 0, "axis": "y", "origin": [15.33475, 12.95642, 7.63375]},
			"faces": {
				"north": {"uv": [7.75, 0.25, 7.5, 0.75], "texture": "#0"},
				"east": {"uv": [7.5, 5, 6.75, 5.5], "texture": "#0"},
				"south": {"uv": [7.75, 0.25, 8, 0.75], "texture": "#0"},
				"west": {"uv": [6, 5, 6.75, 5.5], "texture": "#0"},
				"up": {"uv": [5.75, 1, 6, 0.25], "texture": "#0"},
				"down": {"uv": [5.25, 1.5, 5.5, 2.25], "texture": "#0"}
			}
		},
		{
			"name": "Voxels",
			"from": [26.71552, 1.96806, 4.49429],
			"to": [27.10797, 2.3605, 10.38087],
			"rotation": {"angle": 0, "axis": "y", "origin": [15.33475, 12.95642, 7.63375]},
			"faces": {
				"north": {"uv": [10, 1.25, 9.75, 1.5], "texture": "#0"},
				"east": {"uv": [12.75, 13.5, 9, 13.75], "texture": "#0"},
				"south": {"uv": [9.75, 1, 10, 1.25], "texture": "#0"},
				"west": {"uv": [9, 13.75, 12.75, 14], "texture": "#0"},
				"up": {"uv": [1.75, 5.5, 2, 1.75], "texture": "#0"},
				"down": {"uv": [1.5, 2.5, 1.75, 6.25], "texture": "#0"}
			}
		},
		{
			"name": "Voxels",
			"from": [26.71552, 1.96806, 11.5582],
			"to": [27.10797, 2.75293, 12.73552],
			"rotation": {"angle": 0, "axis": "y", "origin": [15.33475, 12.95642, 7.63375]},
			"faces": {
				"north": {"uv": [8.25, 0.25, 8, 0.75], "texture": "#0"},
				"east": {"uv": [3.25, 4, 2.5, 4.5], "texture": "#0"},
				"south": {"uv": [8.25, 7.25, 8.5, 7.75], "texture": "#0"},
				"west": {"uv": [4.5, 5, 5.25, 5.5], "texture": "#0"},
				"up": {"uv": [5.75, 2.5, 6, 1.75], "texture": "#0"},
				"down": {"uv": [5.75, 1, 6, 1.75], "texture": "#0"}
			}
		},
		{
			"name": "Voxels",
			"from": [26.71552, 2.36065, 3.31689],
			"to": [27.10797, 2.75309, 3.70932],
			"rotation": {"angle": 0, "axis": "y", "origin": [15.33475, 12.95642, 7.63375]},
			"faces": {
				"north": {"uv": [11.75, 5.75, 11.5, 6], "texture": "#0"},
				"east": {"uv": [12.5, 5.75, 12.25, 6], "texture": "#0"},
				"south": {"uv": [11.75, 5.75, 12, 6], "texture": "#0"},
				"west": {"uv": [12, 5.75, 12.25, 6], "texture": "#0"},
				"up": {"uv": [11.25, 6, 11.5, 5.75], "texture": "#0"},
				"down": {"uv": [11, 5.75, 11.25, 6], "texture": "#0"}
			}
		},
		{
			"name": "Voxels",
			"from": [26.71552, 2.36065, 11.16561],
			"to": [27.10797, 2.75309, 11.55805],
			"rotation": {"angle": 0, "axis": "y", "origin": [15.33475, 12.95642, 7.63375]},
			"faces": {
				"north": {"uv": [13.25, 5.75, 13, 6], "texture": "#0"},
				"east": {"uv": [14, 5.75, 13.75, 6], "texture": "#0"},
				"south": {"uv": [13.25, 5.75, 13.5, 6], "texture": "#0"},
				"west": {"uv": [13.5, 5.75, 13.75, 6], "texture": "#0"},
				"up": {"uv": [12.75, 6, 13, 5.75], "texture": "#0"},
				"down": {"uv": [12.5, 5.75, 12.75, 6], "texture": "#0"}
			}
		},
		{
			"name": "Voxels",
			"from": [27.10793, 0.00601, 2.53207],
			"to": [27.50038, 0.39845, 2.92451],
			"rotation": {"angle": 0, "axis": "y", "origin": [15.33475, 12.95642, 7.63375]},
			"faces": {
				"north": {"uv": [14.75, 5.75, 14.5, 6], "texture": "#0"},
				"east": {"uv": [15.5, 5.75, 15.25, 6], "texture": "#0"},
				"south": {"uv": [14.75, 5.75, 15, 6], "texture": "#0"},
				"west": {"uv": [15, 5.75, 15.25, 6], "texture": "#0"},
				"up": {"uv": [14.25, 6, 14.5, 5.75], "texture": "#0"},
				"down": {"uv": [14, 5.75, 14.25, 6], "texture": "#0"}
			}
		},
		{
			"name": "Voxels",
			"from": [27.10793, 1.96806, 4.10188],
			"to": [27.8928, 2.3605, 4.49432],
			"rotation": {"angle": 0, "axis": "y", "origin": [15.33475, 12.95642, 7.63375]},
			"faces": {
				"north": {"uv": [16, 8.5, 15.5, 8.75], "texture": "#0"},
				"east": {"uv": [10.25, 4.75, 10, 5], "texture": "#0"},
				"south": {"uv": [15.5, 8.25, 16, 8.5], "texture": "#0"},
				"west": {"uv": [10, 5, 10.25, 5.25], "texture": "#0"},
				"up": {"uv": [15.5, 9, 16, 8.75], "texture": "#0"},
				"down": {"uv": [0.5, 2.5, 1, 2.75], "texture": "#0"}
			}
		},
		{
			"name": "Voxels",
			"from": [27.10793, 1.96806, 10.38079],
			"to": [27.8928, 2.3605, 10.77323],
			"rotation": {"angle": 0, "axis": "y", "origin": [15.33475, 12.95642, 7.63375]},
			"faces": {
				"north": {"uv": [8.25, 5.5, 7.75, 5.75], "texture": "#0"},
				"east": {"uv": [10.25, 3.25, 10, 3.5], "texture": "#0"},
				"south": {"uv": [7.75, 3.5, 8.25, 3.75], "texture": "#0"},
				"west": {"uv": [10, 3.5, 10.25, 3.75], "texture": "#0"},
				"up": {"uv": [15.5, 8, 16, 7.75], "texture": "#0"},
				"down": {"uv": [15.5, 8, 16, 8.25], "texture": "#0"}
			}
		},
		{
			"name": "Voxels",
			"from": [27.10793, 2.36065, 4.10188],
			"to": [27.50038, 2.75309, 10.77334],
			"rotation": {"angle": 0, "axis": "y", "origin": [15.33475, 12.95642, 7.63375]},
			"faces": {
				"north": {"uv": [10.25, 2.5, 10, 2.75], "texture": "#0"},
				"east": {"uv": [14, 15.25, 9.75, 15.5], "texture": "#0"},
				"south": {"uv": [10, 2.25, 10.25, 2.5], "texture": "#0"},
				"west": {"uv": [9.75, 14, 14, 14.25], "texture": "#0"},
				"up": {"uv": [0.75, 7.5, 1, 3.25], "texture": "#0"},
				"down": {"uv": [0.5, 3.25, 0.75, 7.5], "texture": "#0"}
			}
		},
		{
			"name": "Voxels",
			"from": [27.50034, 0.00601, 3.31689],
			"to": [27.89279, 0.39845, 4.10176],
			"rotation": {"angle": 0, "axis": "y", "origin": [15.33475, 12.95642, 7.63375]},
			"faces": {
				"north": {"uv": [10.25, 1, 10, 1.25], "texture": "#0"},
				"east": {"uv": [8.25, 2.75, 7.75, 3], "texture": "#0"},
				"south": {"uv": [10, 0.75, 10.25, 1], "texture": "#0"},
				"west": {"uv": [7.75, 3, 8.25, 3.25], "texture": "#0"},
				"up": {"uv": [8.25, 6.75, 8.5, 6.25], "texture": "#0"},
				"down": {"uv": [8.25, 6.75, 8.5, 7.25], "texture": "#0"}
			}
		},
		{
			"name": "Voxels",
			"from": [27.50034, 0.39842, 4.10188],
			"to": [27.89279, 1.1833, 4.49432],
			"rotation": {"angle": 0, "axis": "y", "origin": [15.33475, 12.95642, 7.63375]},
			"faces": {
				"north": {"uv": [8.5, 5.75, 8.25, 6.25], "texture": "#0"},
				"east": {"uv": [8.5, 4.25, 8.25, 4.75], "texture": "#0"},
				"south": {"uv": [8.25, 5.25, 8.5, 5.75], "texture": "#0"},
				"west": {"uv": [8.25, 4.75, 8.5, 5.25], "texture": "#0"},
				"up": {"uv": [10.25, 5.75, 10.5, 5.5], "texture": "#0"},
				"down": {"uv": [10, 0, 10.25, 0.25], "texture": "#0"}
			}
		},
		{
			"name": "Voxels",
			"from": [27.50034, 0.39842, 10.38079],
			"to": [27.89279, 1.1833, 10.77323],
			"rotation": {"angle": 0, "axis": "y", "origin": [15.33475, 12.95642, 7.63375]},
			"faces": {
				"north": {"uv": [8.5, 3.75, 8.25, 4.25], "texture": "#0"},
				"east": {"uv": [8.5, 2.25, 8.25, 2.75], "texture": "#0"},
				"south": {"uv": [8.25, 3.25, 8.5, 3.75], "texture": "#0"},
				"west": {"uv": [8.25, 2.75, 8.5, 3.25], "texture": "#0"},
				"up": {"uv": [11.75, 5.75, 12, 5.5], "texture": "#0"},
				"down": {"uv": [11.5, 5.5, 11.75, 5.75], "texture": "#0"}
			}
		}
	],
	"display": {
		"thirdperson_righthand": {
			"translation": [-1.5, 2.75, 0],
			"scale": [0.42, 0.42, 0.42]
		},
		"thirdperson_lefthand": {
			"translation": [3, 4.75, 0],
			"scale": [0.42, 0.42, 0.42]
		},
		"firstperson_righthand": {
			"rotation": [0, 50, 0],
			"translation": [0, 5, -2],
			"scale": [0.5, 0.5, 0.5]
		},
		"firstperson_lefthand": {
			"rotation": [0, -130, 0],
			"translation": [0, 5, -2],
			"scale": [0.5, 0.5, 0.5]
		},
		"ground": {
			"translation": [-9.5, 10, 0],
			"scale": [1.3, 1.3, 1.3]
		},
		"gui": {
			"rotation": [30, -60, 0],
			"translation": [-1.5, 4.25, 0],
			"scale": [0.55, 0.55, 0.55]
		},
		"head": {
			"rotation": [0, 90, 0],
			"translation": [1.75, -12.5, 5.25],
			"scale": [3.4, 3.4, 3.4]
		},
		"fixed": {
			"rotation": [-17, 90, 0],
			"translation": [1, 7, 0],
			"scale": [0.8, 0.8, 0.8]
		}
	},
	"groups": [
		{
			"name": "canary_bodykit_front_gray",
			"origin": [8, 8, 8],
			"children": [0, 1, 2, 3, 4, 5, 6, 7, 8, 9, 10, 11, 12, 13, 14, 15, 16, 17, 18, 19, 20, 21, 22, 23, 24, 25, 26, 27, 28, 29, 30, 31, 32, 33, 34, 35, 36, 37, 38, 39, 40, 41, 42, 43, 44, 45, 46, 47, 48, 49, 50, 51, 52, 53, 54, 55, 56, 57, 58, 59, 60, 61, 62, 63, 64, 65, 66, 67, 68, 69, 70, 71, 72, 73, 74, 75, 76, 77, 78, 79, 80, 81, 82, 83, 84, 85, 86, 87, 88, 89, 90, 91, 92, 93, 94, 95, 96, 97, 98, 99, 100, 101, 102, 103, 104]
		}
	]
}