{
	"credit": "Made with Blockbench",
	"textures": {
		"0": "custom/addons/canary_backlights_gray",
		"particle": "custom/addons/canary_backlights_gray"
	},
	"elements": [
		{
			"name": "Voxels",
			"from": [-8.92076, 4.2912, 5.6892],
			"to": [-8.13979, 5.07217, 9.20357],
			"rotation": {"angle": 0, "axis": "y", "origin": [-7.55405, 7.6103, 8.22739]},
			"faces": {
				"north": {"uv": [4.5, 5, 3.5, 6], "texture": "#0"},
				"east": {"uv": [10, 15, 5.5, 16], "texture": "#0"},
				"south": {"uv": [3.5, 4, 4.5, 5], "texture": "#0"},
				"west": {"uv": [1, 15, 5.5, 16], "texture": "#0"},
				"up": {"uv": [0, 11.5, 1, 7], "texture": "#0"},
				"down": {"uv": [0, 11.5, 1, 16], "texture": "#0"}
			}
		},
		{
			"name": "Voxels",
			"from": [-8.53031, 3.90075, 5.29875],
			"to": [-8.13982, 5.46269, 5.68923],
			"rotation": {"angle": 0, "axis": "y", "origin": [-7.55405, 7.6103, 8.22739]},
			"faces": {
				"north": {"uv": [4, 0, 3.5, 2], "texture": "#0"},
				"east": {"uv": [3.5, 1.5, 3, 3.5], "texture": "#0"},
				"south": {"uv": [4, 0, 4.5, 2], "texture": "#0"},
				"west": {"uv": [4.5, 0, 5, 2], "texture": "#0"},
				"up": {"uv": [5.5, 4.5, 6, 4], "texture": "#0"},
				"down": {"uv": [5.5, 4.5, 6, 5], "texture": "#0"}
			}
		},
		{
			"name": "Voxels",
			"from": [-8.53031, 3.90075, 5.6892],
			"to": [-8.13982, 4.29123, 9.59405],
			"rotation": {"angle": 0, "axis": "y", "origin": [-7.55405, 7.6103, 8.22739]},
			"faces": {
				"north": {"uv": [6, 3, 5.5, 3.5], "texture": "#0"},
				"east": {"uv": [12, 14.5, 7, 15], "texture": "#0"},
				"south": {"uv": [5.5, 9, 6, 9.5], "texture": "#0"},
				"west": {"uv": [2, 14.5, 7, 15], "texture": "#0"},
				"up": {"uv": [0.5, 7, 1, 2], "texture": "#0"},
				"down": {"uv": [0, 2, 0.5, 7], "texture": "#0"}
			}
		},
		{
			"name": "Voxels",
			"from": [-8.53031, 4.2912, 4.90829],
			"to": [-8.13982, 5.46266, 5.29878],
			"rotation": {"angle": 0, "axis": "y", "origin": [-7.55405, 7.6103, 8.22739]},
			"faces": {
				"north": {"uv": [5, 9, 4.5, 10.5], "texture": "#0"},
				"east": {"uv": [5.5, 5.5, 5, 7], "texture": "#0"},
				"south": {"uv": [5, 8.5, 5.5, 10], "texture": "#0"},
				"west": {"uv": [5, 7, 5.5, 8.5], "texture": "#0"},
				"up": {"uv": [5.5, 2, 6, 1.5], "texture": "#0"},
				"down": {"uv": [5.5, 2, 6, 2.5], "texture": "#0"}
			}
		},
		{
			"name": "Voxels",
			"from": [-8.53031, 4.2912, 9.20365],
			"to": [-8.13982, 5.46266, 9.98462],
			"rotation": {"angle": 0, "axis": "y", "origin": [-7.55405, 7.6103, 8.22739]},
			"faces": {
				"north": {"uv": [5.5, 4, 5, 5.5], "texture": "#0"},
				"east": {"uv": [4.5, 9, 3.5, 10.5], "texture": "#0"},
				"south": {"uv": [3, 0, 3.5, 1.5], "texture": "#0"},
				"west": {"uv": [0, 0.5, 1, 2], "texture": "#0"},
				"up": {"uv": [15.5, 11, 16, 10], "texture": "#0"},
				"down": {"uv": [15, 10, 15.5, 11], "texture": "#0"}
			}
		},
		{
			"name": "Voxels",
			"from": [-8.53031, 5.07211, 5.6892],
			"to": [-8.13982, 5.4626, 9.20357],
			"rotation": {"angle": 0, "axis": "y", "origin": [-7.55405, 7.6103, 8.22739]},
			"faces": {
				"north": {"uv": [6, 0, 5.5, 0.5], "texture": "#0"},
				"east": {"uv": [12, 13, 7.5, 13.5], "texture": "#0"},
				"south": {"uv": [6, 7.5, 6.5, 8], "texture": "#0"},
				"west": {"uv": [3, 13, 7.5, 13.5], "texture": "#0"},
				"up": {"uv": [2, 5, 2.5, 0.5], "texture": "#0"},
				"down": {"uv": [2.5, 0.5, 3, 5], "texture": "#0"}
			}
		},
		{
			"name": "Voxels",
			"from": [-8.13974, 3.90075, 3.34635],
			"to": [-6.96828, 4.68172, 4.12732],
			"rotation": {"angle": 0, "axis": "y", "origin": [-7.55405, 7.6103, 8.22739]},
			"faces": {
				"north": {"uv": [8, 11.5, 6.5, 12.5], "texture": "#0"},
				"east": {"uv": [7, 10, 6, 11], "texture": "#0"},
				"south": {"uv": [8, 11.5, 9.5, 12.5], "texture": "#0"},
				"west": {"uv": [3.5, 2, 4.5, 3], "texture": "#0"},
				"up": {"uv": [5, 12.5, 6.5, 11.5], "texture": "#0"},
				"down": {"uv": [3.5, 11.5, 5, 12.5], "texture": "#0"}
			}
		},
		{
			"name": "Voxels",
			"from": [-8.13974, 3.90075, 10.76558],
			"to": [-6.96828, 4.68172, 11.54655],
			"rotation": {"angle": 0, "axis": "y", "origin": [-7.55405, 7.6103, 8.22739]},
			"faces": {
				"north": {"uv": [14, 11.5, 12.5, 12.5], "texture": "#0"},
				"east": {"uv": [9, 10, 8, 11], "texture": "#0"},
				"south": {"uv": [14, 11.5, 15.5, 12.5], "texture": "#0"},
				"west": {"uv": [7, 10, 8, 11], "texture": "#0"},
				"up": {"uv": [11, 12.5, 12.5, 11.5], "texture": "#0"},
				"down": {"uv": [9.5, 11.5, 11, 12.5], "texture": "#0"}
			}
		},
		{
			"name": "Voxels",
			"from": [-8.13974, 4.68166, 4.12726],
			"to": [-6.96828, 5.07214, 4.51775],
			"rotation": {"angle": 0, "axis": "y", "origin": [-7.55405, 7.6103, 8.22739]},
			"faces": {
				"north": {"uv": [16, 13, 14.5, 13.5], "texture": "#0"},
				"east": {"uv": [15.5, 9.5, 15, 10], "texture": "#0"},
				"south": {"uv": [14.5, 14.5, 16, 15], "texture": "#0"},
				"west": {"uv": [5.5, 3.5, 6, 4], "texture": "#0"},
				"up": {"uv": [13.5, 10.5, 15, 10], "texture": "#0"},
				"down": {"uv": [13.5, 11, 15, 11.5], "texture": "#0"}
			}
		},
		{
			"name": "Voxels",
			"from": [-8.13974, 4.68166, 10.37501],
			"to": [-6.96828, 5.07214, 10.7655],
			"rotation": {"angle": 0, "axis": "y", "origin": [-7.55405, 7.6103, 8.22739]},
			"faces": {
				"north": {"uv": [13.5, 11, 12, 11.5], "texture": "#0"},
				"east": {"uv": [16, 9.5, 15.5, 10], "texture": "#0"},
				"south": {"uv": [10.5, 11, 12, 11.5], "texture": "#0"},
				"west": {"uv": [14.5, 9.5, 15, 10], "texture": "#0"},
				"up": {"uv": [12, 11, 13.5, 10.5], "texture": "#0"},
				"down": {"uv": [12, 10, 13.5, 10.5], "texture": "#0"}
			}
		},
		{
			"name": "Voxels",
			"from": [-8.13974, 5.07211, 3.34635],
			"to": [-6.96828, 5.4626, 4.12732],
			"rotation": {"angle": 0, "axis": "y", "origin": [-7.55405, 7.6103, 8.22739]},
			"faces": {
				"north": {"uv": [15, 10.5, 13.5, 11], "texture": "#0"},
				"east": {"uv": [13.5, 9.5, 12.5, 10], "texture": "#0"},
				"south": {"uv": [9, 11, 10.5, 11.5], "texture": "#0"},
				"west": {"uv": [2, 0, 3, 0.5], "texture": "#0"},
				"up": {"uv": [3.5, 9, 5, 8], "texture": "#0"},
				"down": {"uv": [3.5, 10.5, 5, 11.5], "texture": "#0"}
			}
		},
		{
			"name": "Voxels",
			"from": [-8.13974, 5.07211, 10.76558],
			"to": [-6.96828, 5.4626, 11.54655],
			"rotation": {"angle": 0, "axis": "y", "origin": [-7.55405, 7.6103, 8.22739]},
			"faces": {
				"north": {"uv": [16, 12.5, 14.5, 13], "texture": "#0"},
				"east": {"uv": [14.5, 9.5, 13.5, 10], "texture": "#0"},
				"south": {"uv": [7.5, 11, 9, 11.5], "texture": "#0"},
				"west": {"uv": [9.5, 9.5, 10.5, 10], "texture": "#0"},
				"up": {"uv": [14, 14.5, 15.5, 13.5], "texture": "#0"},
				"down": {"uv": [12.5, 13.5, 14, 14.5], "texture": "#0"}
			}
		},
		{
			"name": "Voxels",
			"from": [-7.74928, 3.90075, 1.39396],
			"to": [-6.96831, 4.68172, 3.34639],
			"rotation": {"angle": 0, "axis": "y", "origin": [-7.55405, 7.6103, 8.22739]},
			"faces": {
				"north": {"uv": [11, 10, 10, 11], "texture": "#0"},
				"east": {"uv": [5.5, 13.5, 3, 14.5], "texture": "#0"},
				"south": {"uv": [11, 10, 12, 11], "texture": "#0"},
				"west": {"uv": [5.5, 13.5, 8, 14.5], "texture": "#0"},
				"up": {"uv": [1, 2.5, 2, 0], "texture": "#0"},
				"down": {"uv": [2, 12, 3, 14.5], "texture": "#0"}
			}
		},
		{
			"name": "Voxels",
			"from": [-7.74928, 3.90075, 11.5465],
			"to": [-6.96831, 4.68172, 13.49892],
			"rotation": {"angle": 0, "axis": "y", "origin": [-7.55405, 7.6103, 8.22739]},
			"faces": {
				"north": {"uv": [4.5, 6, 3.5, 7], "texture": "#0"},
				"east": {"uv": [12.5, 15, 10, 16], "texture": "#0"},
				"south": {"uv": [3.5, 3, 4.5, 4], "texture": "#0"},
				"west": {"uv": [12.5, 15, 15, 16], "texture": "#0"},
				"up": {"uv": [1, 7.5, 2, 5], "texture": "#0"},
				"down": {"uv": [1, 2.5, 2, 5], "texture": "#0"}
			}
		},
		{
			"name": "Voxels",
			"from": [-7.74928, 5.07211, 1.39396],
			"to": [-6.96831, 5.4626, 3.34639],
			"rotation": {"angle": 0, "axis": "y", "origin": [-7.55405, 7.6103, 8.22739]},
			"faces": {
				"north": {"uv": [1, 0, 0, 0.5], "texture": "#0"},
				"east": {"uv": [14.5, 14.5, 12, 15], "texture": "#0"},
				"south": {"uv": [10.5, 9.5, 11.5, 10], "texture": "#0"},
				"west": {"uv": [12, 13, 14.5, 13.5], "texture": "#0"},
				"up": {"uv": [1, 10, 2, 7.5], "texture": "#0"},
				"down": {"uv": [2, 9.5, 3, 12], "texture": "#0"}
			}
		},
		{
			"name": "Voxels",
			"from": [-7.74928, 5.07211, 11.5465],
			"to": [-6.96831, 5.4626, 13.49892],
			"rotation": {"angle": 0, "axis": "y", "origin": [-7.55405, 7.6103, 8.22739]},
			"faces": {
				"north": {"uv": [6.5, 9.5, 5.5, 10], "texture": "#0"},
				"east": {"uv": [14.5, 12.5, 12, 13], "texture": "#0"},
				"south": {"uv": [8.5, 9.5, 9.5, 10], "texture": "#0"},
				"west": {"uv": [5, 11, 7.5, 11.5], "texture": "#0"},
				"up": {"uv": [1, 15, 2, 12.5], "texture": "#0"},
				"down": {"uv": [1, 10, 2, 12.5], "texture": "#0"}
			}
		},
		{
			"name": "Voxels",
			"from": [-7.35883, 3.90075, 0.61293],
			"to": [-6.96834, 4.68172, 1.3939],
			"rotation": {"angle": 0, "axis": "y", "origin": [-7.55405, 7.6103, 8.22739]},
			"faces": {
				"north": {"uv": [5, 6, 4.5, 7], "texture": "#0"},
				"east": {"uv": [6, 10, 5, 11], "texture": "#0"},
				"south": {"uv": [4.5, 5, 5, 6], "texture": "#0"},
				"west": {"uv": [3.5, 7, 4.5, 8], "texture": "#0"},
				"up": {"uv": [4.5, 8, 5, 7], "texture": "#0"},
				"down": {"uv": [15.5, 11.5, 16, 12.5], "texture": "#0"}
			}
		},
		{
			"name": "Voxels",
			"from": [-7.35883, 3.90075, 13.49889],
			"to": [-6.96834, 4.68172, 14.27986],
			"rotation": {"angle": 0, "axis": "y", "origin": [-7.55405, 7.6103, 8.22739]},
			"faces": {
				"north": {"uv": [5.5, 2, 5, 3], "texture": "#0"},
				"east": {"uv": [10, 10, 9, 11], "texture": "#0"},
				"south": {"uv": [15.5, 13.5, 16, 14.5], "texture": "#0"},
				"west": {"uv": [15, 15, 16, 16], "texture": "#0"},
				"up": {"uv": [5, 4, 5.5, 3], "texture": "#0"},
				"down": {"uv": [4.5, 2, 5, 3], "texture": "#0"}
			}
		},
		{
			"name": "Voxels",
			"from": [-7.35883, 5.07211, 0.61293],
			"to": [-6.96834, 5.4626, 1.3939],
			"rotation": {"angle": 0, "axis": "y", "origin": [-7.55405, 7.6103, 8.22739]},
			"faces": {
				"north": {"uv": [6, 8.5, 5.5, 9], "texture": "#0"},
				"east": {"uv": [12.5, 9.5, 11.5, 10], "texture": "#0"},
				"south": {"uv": [5.5, 8, 6, 8.5], "texture": "#0"},
				"west": {"uv": [15, 11, 16, 11.5], "texture": "#0"},
				"up": {"uv": [4.5, 4, 5, 3], "texture": "#0"},
				"down": {"uv": [4.5, 4, 5, 5], "texture": "#0"}
			}
		},
		{
			"name": "Voxels",
			"from": [-7.35883, 5.07211, 13.49889],
			"to": [-6.96834, 5.4626, 14.27986],
			"rotation": {"angle": 0, "axis": "y", "origin": [-7.55405, 7.6103, 8.22739]},
			"faces": {
				"north": {"uv": [6, 5.5, 5.5, 6], "texture": "#0"},
				"east": {"uv": [8.5, 9.5, 7.5, 10], "texture": "#0"},
				"south": {"uv": [5.5, 5, 6, 5.5], "texture": "#0"},
				"west": {"uv": [6.5, 9.5, 7.5, 10], "texture": "#0"},
				"up": {"uv": [5, 1, 5.5, 0], "texture": "#0"},
				"down": {"uv": [5, 1, 5.5, 2], "texture": "#0"}
			}
		},
		{
			"name": "Voxels",
			"from": [-6.96837, 4.68166, 0.61293],
			"to": [-6.57789, 5.07214, 4.1273],
			"rotation": {"angle": 0, "axis": "y", "origin": [-7.55405, 7.6103, 8.22739]},
			"faces": {
				"north": {"uv": [6, 2.5, 5.5, 3], "texture": "#0"},
				"east": {"uv": [12.5, 14, 8, 14.5], "texture": "#0"},
				"south": {"uv": [6, 8, 6.5, 8.5], "texture": "#0"},
				"west": {"uv": [8, 13.5, 12.5, 14], "texture": "#0"},
				"up": {"uv": [2, 9.5, 2.5, 5], "texture": "#0"},
				"down": {"uv": [2.5, 5, 3, 9.5], "texture": "#0"}
			}
		},
		{
			"name": "Voxels",
			"from": [-6.96837, 4.68166, 10.76558],
			"to": [-6.57789, 5.07214, 14.27995],
			"rotation": {"angle": 0, "axis": "y", "origin": [-7.55405, 7.6103, 8.22739]},
			"faces": {
				"north": {"uv": [6.5, 9, 6, 9.5], "texture": "#0"},
				"east": {"uv": [7.5, 12.5, 3, 13], "texture": "#0"},
				"south": {"uv": [6, 8.5, 6.5, 9], "texture": "#0"},
				"west": {"uv": [7.5, 12.5, 12, 13], "texture": "#0"},
				"up": {"uv": [3, 12.5, 3.5, 8], "texture": "#0"},
				"down": {"uv": [3, 3.5, 3.5, 8], "texture": "#0"}
			}
		}
	],
	"display": {
		"thirdperson_righthand": {
			"rotation": [-93, -11, 0],
			"translation": [14.5, 0, -3.5],
			"scale": [0.94, 0.94, 0.94]
		},
		"thirdperson_lefthand": {
			"rotation": [-93, -11, 0],
			"translation": [-14.75, -3.75, -2.75],
			"scale": [0.94, 0.94, 0.94]
		},
		"firstperson_righthand": {
			"rotation": [0, 50, 0],
			"translation": [2.25, 5, -2],
			"scale": [0.43, 0.43, 0.43]
		},
		"firstperson_lefthand": {
			"rotation": [0, 50, 0],
			"translation": [-5.25, 5, 7],
			"scale": [0.43, 0.43, 0.43]
		},
		"ground": {
			"translation": [39, 11.75, -0.75],
			"scale": [2.33, 2.33, 2.33]
		},
		"gui": {
			"rotation": [30, -60, 0],
			"translation": [8.25, -5.25, 0],
			"scale": [1.17, 1.17, 1.17]
		},
		"head": {
			"rotation": [0, 90, 0],
			"translation": [1.75, -12.5, 5.25],
			"scale": [3.4, 3.4, 3.4]
		},
		"fixed": {
			"rotation": [-17, -90, 0],
			"translation": [-0.75, 10.75, 19],
			"scale": [1.41, 1.41, 1.41]
		}
	},
	"groups": [
		{
			"name": "canary_backlights_gray",
			"origin": [8, 8, 8],
			"children": [0, 1, 2, 3, 4, 5, 6, 7, 8, 9, 10, 11, 12, 13, 14, 15, 16, 17, 18, 19, 20, 21]
		}
	]
}