{
	"credit": "Made with Blockbench",
	"textures": {
		"voxels_atlas": "custom/overige/helvic"
	},
	"elements": [
		{
			"from": [5.64, 4.52, 5.36],
			"to": [9, 7.88, 8.72],
			"rotation": {"angle": 0, "axis": "y", "origin": [32.52, 31.4, 32.24]},
			"faces": {
				"north": {"uv": [0, 0, 16, 16], "texture": "#voxels_atlas"},
				"east": {"uv": [0, 0, 16, 16], "texture": "#voxels_atlas"},
				"south": {"uv": [0, 0, 16, 16], "texture": "#voxels_atlas"},
				"west": {"uv": [0, 0, 16, 16], "texture": "#voxels_atlas"},
				"up": {"uv": [0, 0, 16, 16], "texture": "#voxels_atlas"},
				"down": {"uv": [0, 0, 16, 16], "texture": "#voxels_atlas"}
			}
		}
	],
	"display": {
		"thirdperson_righthand": {
			"translation": [1.25, 0, 0],
			"scale": [1.5, 1.5, 1.5]
		},
		"thirdperson_lefthand": {
			"translation": [-1, 0, 0],
			"scale": [1.5, 1.5, 1.5]
		},
		"firstperson_righthand": {
			"rotation": [0, -142, 0],
			"translation": [0, 6.565, 0],
			"scale": [1.5, 1.5, 1.5]
		},
		"firstperson_lefthand": {
			"rotation": [0, -142, 0],
			"translation": [0, 6.565, 0],
			"scale": [1.5, 1.5, 1.5]
		},
		"ground": {
			"rotation": [0, 5, 0],
			"translation": [2.75, 13.5, 4.25],
			"scale": [4, 4, 4]
		},
		"gui": {
			"rotation": [30, 125, 0],
			"translation": [1.6, 6.05, 0],
			"scale": [2.93, 2.93, 2.93]
		},
		"head": {
			"rotation": [0, -90, 0],
			"translation": [0.75, -13, 6.25],
			"scale": [4, 4, 4]
		},
		"fixed": {
			"rotation": [-17, -90, 0],
			"translation": [-2.25, 7.402, 3.25],
			"scale": [4, 4, 4]
		}
	}
}