{
	"__comment": "Designed by Sphax with Cubik Studio - https://cubik.studio",
	"ambientocclusion": false,
	"textures": {
		"particle": "#texture",
		"texture": "block/chain"
	},
	"elements": [ 	 
		{
			"from": [ 2.5, 8, 6 ],
			"to": [ 5.5, 8.001, 10 ],
			"faces": {
				"down": { "uv": [ 0, 6, 3, 10 ], "texture": "#texture" },
				"up": { "uv": [ 0, 6, 3, 10 ], "texture": "#texture" },
				"north": { "uv": [ 13, 7.999, 16, 8 ], "texture": "#texture" },
				"south": { "uv": [ 0, 7.999, 3, 8 ], "texture": "#texture" },
				"west": { "uv": [ 6, 7.999, 10, 8 ], "texture": "#texture" },
				"east": { "uv": [ 6, 7.999, 10, 8 ], "texture": "#texture" }
			}
		},
		{
			"from": [ 7, 8, 1.5 ],
			"to": [ 10, 8.001, 5.5 ],
			"rotation": { "origin": [ 7, 8, 1.5 ], "axis": "y", "angle": -45 },
			"faces": {
				"down": { "uv": [ 0, 6, 3, 10 ], "texture": "#texture" },
				"up": { "uv": [ 0, 6, 3, 10 ], "texture": "#texture" },
				"north": { "uv": [ 13, 7.999, 16, 8 ], "texture": "#texture" },
				"south": { "uv": [ 0, 7.999, 3, 8 ], "texture": "#texture" },
				"west": { "uv": [ 6, 7.999, 10, 8 ], "texture": "#texture" },
				"east": { "uv": [ 6, 7.999, 10, 8 ], "texture": "#texture" }
			}
		},
		{
			"from": [ 9.5, 8, 2.5 ],
			"to": [ 13.5, 8.001, 5.5 ],
			"rotation": { "origin": [ 13.5, 8, 2.5 ], "axis": "y", "angle": -22.5 },
			"faces": {
				"down": { "uv": [ 0, 6, 3, 10 ], "texture": "#texture", "rotation": 270 },
				"up": { "uv": [ 0, 6, 3, 10 ], "texture": "#texture", "rotation": 90 },
				"north": { "uv": [ 6, 7.999, 10, 8 ], "texture": "#texture" },
				"south": { "uv": [ 6, 7.999, 10, 8 ], "texture": "#texture" },
				"west": { "uv": [ 0, 7.999, 3, 8 ], "texture": "#texture" },
				"east": { "uv": [ 13, 7.999, 16, 8 ], "texture": "#texture" }
			}
		},
		{
			"from": [ 3.5, 8, 11.5 ],
			"to": [ 6.5, 8.001, 15.5 ],
			"rotation": { "origin": [ 3.5, 8, 11.5 ], "axis": "y", "angle": 22.5 },
			"faces": {
				"down": { "uv": [ 0, 6, 3, 10 ], "texture": "#texture" },
				"up": { "uv": [ 0, 6, 3, 10 ], "texture": "#texture" },
				"north": { "uv": [ 13, 7.999, 16, 8 ], "texture": "#texture" },
				"south": { "uv": [ 0, 7.999, 3, 8 ], "texture": "#texture" },
				"west": { "uv": [ 6, 7.999, 10, 8 ], "texture": "#texture" },
				"east": { "uv": [ 6, 7.999, 10, 8 ], "texture": "#texture" }
			}
		},
		{
			"from": [ 12, 8, 5 ],
			"to": [ 15, 8.001, 9 ],
			"faces": {
				"down": { "uv": [ 0, 6, 3, 10 ], "texture": "#texture" },
				"up": { "uv": [ 0, 6, 3, 10 ], "texture": "#texture" },
				"north": { "uv": [ 13, 7.999, 16, 8 ], "texture": "#texture" },
				"south": { "uv": [ 0, 7.999, 3, 8 ], "texture": "#texture" },
				"west": { "uv": [ 6, 7.999, 10, 8 ], "texture": "#texture" },
				"east": { "uv": [ 6, 7.999, 10, 8 ], "texture": "#texture" }
			}
		},
		{
			"from": [ 8, 8, 8.5 ],
			"to": [ 12, 8.001, 11.5 ],
			"rotation": { "origin": [ 12, 8, 8.5 ], "axis": "y", "angle": 22.5 },
			"faces": {
				"down": { "uv": [ 0, 6, 3, 10 ], "texture": "#texture", "rotation": 270 },
				"up": { "uv": [ 0, 6, 3, 10 ], "texture": "#texture", "rotation": 90 },
				"north": { "uv": [ 6, 7.999, 10, 8 ], "texture": "#texture" },
				"south": { "uv": [ 6, 7.999, 10, 8 ], "texture": "#texture" },
				"west": { "uv": [ 0, 7.999, 3, 8 ], "texture": "#texture" },
				"east": { "uv": [ 13, 7.999, 16, 8 ], "texture": "#texture" }
			}
		},
		{
			"from": [ 7.5, 8, 5.5 ],
			"to": [ 10.5, 8.001, 9.5 ],
			"rotation": { "origin": [ 7.5, 8, 5.5 ], "axis": "y", "angle": -22.5 },
			"faces": {
				"down": { "uv": [ 0, 6, 3, 10 ], "texture": "#texture" },
				"up": { "uv": [ 0, 6, 3, 10 ], "texture": "#texture" },
				"north": { "uv": [ 13, 7.999, 16, 8 ], "texture": "#texture" },
				"south": { "uv": [ 0, 7.999, 3, 8 ], "texture": "#texture" },
				"west": { "uv": [ 6, 7.999, 10, 8 ], "texture": "#texture" },
				"east": { "uv": [ 6, 7.999, 10, 8 ], "texture": "#texture" }
			}
		},
		{
			"from": [ 6.5, 6.5, 4.5 ],
			"to": [ 6.501, 9.5, 8.5 ],
			"rotation": { "origin": [ 6.5, 9.5, 4.5 ], "axis": "y", "angle": -45 },
			"faces": {
				"down": { "uv": [ 6, 7.999, 10, 8 ], "texture": "#texture", "rotation": 90 },
				"up": { "uv": [ 10, 8, 6, 7.999 ], "texture": "#texture", "rotation": 270 },
				"north": { "uv": [ 13, 7.999, 16, 8 ], "texture": "#texture", "rotation": 270 },
				"south": { "uv": [ 0, 7.999, 3, 8 ], "texture": "#texture", "rotation": 90 },
				"west": { "uv": [ 0, 6, 3, 10 ], "texture": "#texture", "rotation": 90 },
				"east": { "uv": [ 3, 10, 0, 6 ], "texture": "#texture", "rotation": 270 }
			}
		},
		{
			"from": [ 7, 6.5, 3 ],
			"to": [ 11, 9.5, 3.001 ],
			"faces": {
				"down": { "uv": [ 6, 7.999, 10, 8 ], "texture": "#texture" },
				"up": { "uv": [ 10, 8, 6, 7.999 ], "texture": "#texture" },
				"north": { "uv": [ 0, 6, 3, 10 ], "texture": "#texture", "rotation": 90 },
				"south": { "uv": [ 3, 10, 0, 6 ], "texture": "#texture", "rotation": 270 },
				"west": { "uv": [ 0, 7.999, 3, 8 ], "texture": "#texture", "rotation": 90 },
				"east": { "uv": [ 13, 7.999, 16, 8 ], "texture": "#texture", "rotation": 270 }
			}
		},
		{
			"from": [ 13.499, 6.5, 2.5 ],
			"to": [ 13.5, 9.5, 6.5 ],
			"rotation": { "origin": [ 13.5, 9.5, 6.5 ], "axis": "y", "angle": 22.5 },
			"faces": {
				"down": { "uv": [ 6, 7.999, 10, 8 ], "texture": "#texture", "rotation": 270 },
				"up": { "uv": [ 10, 8, 6, 7.999 ], "texture": "#texture", "rotation": 90 },
				"north": { "uv": [ 0, 7.999, 3, 8 ], "texture": "#texture", "rotation": 90 },
				"south": { "uv": [ 13, 7.999, 16, 8 ], "texture": "#texture", "rotation": 270 },
				"west": { "uv": [ 3, 10, 0, 6 ], "texture": "#texture", "rotation": 270 },
				"east": { "uv": [ 0, 6, 3, 10 ], "texture": "#texture", "rotation": 90 }
			}
		},
		{
			"from": [ 10.999, 6.5, 6.5 ],
			"to": [ 11, 9.5, 10.5 ],
			"rotation": { "origin": [ 11, 9.5, 10.5 ], "axis": "y", "angle": -45 },
			"faces": {
				"down": { "uv": [ 6, 7.999, 10, 8 ], "texture": "#texture", "rotation": 270 },
				"up": { "uv": [ 10, 8, 6, 7.999 ], "texture": "#texture", "rotation": 90 },
				"north": { "uv": [ 0, 7.999, 3, 8 ], "texture": "#texture", "rotation": 90 },
				"south": { "uv": [ 13, 7.999, 16, 8 ], "texture": "#texture", "rotation": 270 },
				"west": { "uv": [ 3, 10, 0, 6 ], "texture": "#texture", "rotation": 270 },
				"east": { "uv": [ 0, 6, 3, 10 ], "texture": "#texture", "rotation": 90 }
			}
		},
		{
			"from": [ 7.5, 6.5, 8.5 ],
			"to": [ 7.501, 9.5, 12.5 ],
			"rotation": { "origin": [ 7.5, 9.5, 8.5 ], "axis": "y", "angle": 45 },
			"faces": {
				"down": { "uv": [ 6, 7.999, 10, 8 ], "texture": "#texture", "rotation": 90 },
				"up": { "uv": [ 10, 8, 6, 7.999 ], "texture": "#texture", "rotation": 270 },
				"north": { "uv": [ 13, 7.999, 16, 8 ], "texture": "#texture", "rotation": 270 },
				"south": { "uv": [ 0, 7.999, 3, 8 ], "texture": "#texture", "rotation": 90 },
				"west": { "uv": [ 0, 6, 3, 10 ], "texture": "#texture", "rotation": 90 },
				"east": { "uv": [ 3, 10, 0, 6 ], "texture": "#texture", "rotation": 270 }
			}
		},
		{
			"from": [ 4, 6.5, 8.5 ],
			"to": [ 4.001, 9.5, 12.5 ],
			"rotation": { "origin": [ 4, 9.5, 8.5 ], "axis": "y", "angle": 22.5 },
			"faces": {
				"down": { "uv": [ 6, 7.999, 10, 8 ], "texture": "#texture", "rotation": 90 },
				"up": { "uv": [ 10, 8, 6, 7.999 ], "texture": "#texture", "rotation": 270 },
				"north": { "uv": [ 13, 7.999, 16, 8 ], "texture": "#texture", "rotation": 270 },
				"south": { "uv": [ 0, 7.999, 3, 8 ], "texture": "#texture", "rotation": 90 },
				"west": { "uv": [ 0, 6, 3, 10 ], "texture": "#texture", "rotation": 90 },
				"east": { "uv": [ 3, 10, 0, 6 ], "texture": "#texture", "rotation": 270 }
			}
		}
	],
	"display": {
		"thirdperson_righthand": {
			"rotation":  [ 90, 0, 90 ],
			"translation":  [ 0, -1, -3 ],
			"scale":  [ 0.85, 0.85, 0.85 ]
		},
		"thirdperson_lefthand": {
			"rotation":  [ 90, 0, -90 ],
			"translation":  [ 0, -1, -3 ],
			"scale":  [ 0.85, 0.85, 0.85 ]
		},
		"firstperson_righthand": {
			"rotation":  [ 0, -135, -45 ],
			"translation":  [ 1.13, 3.2, 1.13 ],
			"scale":  [ 0.68, 0.68, 0.68 ]
		},
		"firstperson_lefthand": {
			"rotation":  [ 0, -135, 135 ],
			"translation":  [ 1.13, 3.2, 1.13 ],
			"scale":  [ 0.68, 0.68, 0.68 ]
		},
		"gui": {
			"rotation":  [ 30, -70, 0 ]
		},
		"head": {
			"translation":  [ 0, 8.9, 0 ],
			"scale":  [ 1.5, 1.5, 1.5 ]
		},
		"fixed": {
			"rotation":  [ 90, 0, 0 ]
		}
	}
}