{
	"__comment": "Designed by Sphax with Cubik Studio - https://cubik.studio",
	"parent": "item/_bdc/door",
	"textures": {
		"bottom": "block/crimson_door_bottom",
		"top": "block/crimson_door_top"
	},
	"elements": [ 	 
		{
			"__comment": "Box1",
			"from": [ 7, 0, 0 ],
			"to": [ 9, 16, 16 ],
			"faces": {
				"down": { "uv": [ 0, 15.75, 16, 16 ], "texture": "#bottom", "rotation": 270 },
				"north": { "uv": [ 0, 0, 0.25, 16 ], "texture": "#bottom" },
				"south": { "uv": [ 15.75, 0, 16, 16 ], "texture": "#bottom" },
				"west": { "uv": [ 0, 0, 16, 16 ], "texture": "#bottom" },
				"east": { "uv": [ 16, 0, 0, 16 ], "texture": "#bottom" }
			}
		},
		{
			"__comment": "Box3",
			"from": [ 6.5, 15, 11 ],
			"to": [ 9.5, 16, 14 ],
			"faces": {
				"down": { "uv": [ 11, 0.75, 14, 1 ], "texture": "#bottom", "rotation": 90 },
				"north": { "uv": [ 11, 0, 11.25, 1 ], "texture": "#bottom" },
				"south": { "uv": [ 13.75, 0, 14, 1 ], "texture": "#bottom" },
				"west": { "uv": [ 11, 0, 14, 1 ], "texture": "#bottom" },
				"east": { "uv": [ 14, 0, 11, 1 ], "texture": "#bottom" }
			}
		},
		{
			"__comment": "Box3",
			"from": [ 6.5, 6, 0 ],
			"to": [ 9.5, 11, 16 ],
			"faces": {
				"down": { "uv": [ 0, 9.75, 16, 10 ], "texture": "#bottom", "rotation": 270 },
				"up": { "uv": [ 0, 5, 16, 5.25 ], "texture": "#bottom", "rotation": 270 },
				"north": { "uv": [ 0, 5, 0.25, 10 ], "texture": "#bottom" },
				"south": { "uv": [ 15.75, 5, 16, 10 ], "texture": "#bottom" },
				"west": { "uv": [ 0, 5, 16, 10 ], "texture": "#bottom" },
				"east": { "uv": [ 0, 5, 16, 10 ], "texture": "#bottom" }
			}
		},
		{
			"__comment": "Box1",
			"from": [ 7, 16, 0 ],
			"to": [ 9, 32, 16 ],
			"faces": {
				"up": { "uv": [ 0, 0, 16, 0.25 ], "texture": "#top", "rotation": 90 },
				"north": { "uv": [ 0, 0, 0.25, 16 ], "texture": "#top" },
				"south": { "uv": [ 15.75, 0, 16, 16 ], "texture": "#top" },
				"west": { "uv": [ 0, 0, 16, 16 ], "texture": "#top" },
				"east": { "uv": [ 16, 0, 0, 16 ], "texture": "#top" }
			}
		},
		{
			"__comment": "Box3",
			"from": [ 6.5, 16, 11 ],
			"to": [ 9.5, 18, 14 ],
			"faces": {
				"up": { "uv": [ 11, 14, 14, 14.25 ], "texture": "#top", "rotation": 90 },
				"north": { "uv": [ 11, 14, 11.25, 16 ], "texture": "#top" },
				"south": { "uv": [ 13.75, 14, 14, 16 ], "texture": "#top" },
				"west": { "uv": [ 11, 14, 14, 16 ], "texture": "#top" },
				"east": { "uv": [ 14, 14, 11, 16 ], "texture": "#top" }
			}
		},
		{
			"__comment": "Box3",
			"from": [ 6.5, 22, 0 ],
			"to": [ 9.5, 27, 16 ],
			"faces": {
				"down": { "uv": [ 0, 9.75, 16, 10 ], "texture": "#top", "rotation": 270 },
				"up": { "uv": [ 0, 5, 16, 5.25 ], "texture": "#top", "rotation": 270 },
				"north": { "uv": [ 0, 5, 0.25, 10 ], "texture": "#top" },
				"south": { "uv": [ 15.75, 5, 16, 10 ], "texture": "#top" },
				"west": { "uv": [ 16, 5, 0, 10 ], "texture": "#top" },
				"east": { "uv": [ 0, 5, 16, 10 ], "texture": "#top" }
			}
		}
	]
}