{
	"__comment": "Designed by Sphax with Cubik Studio - https://cubik.studio",
	"parent": "block/block",
	"ambientocclusion": false,
	"textures": {
		"particle": "block/torch",
		"torch": "block/torch",
		"fire": "block/_bdc/soul_torch_flame"
	},
	"elements": [ 	 
		{
			"__comment": "torch",
			"from": [ 6, 5, 6.75 ],
			"to": [ 8.5, 9, 9.25 ],
			"rotation": { "origin": [ 6, 9, 6.75 ], "axis": "z", "angle": 45 },
			"shade": false,
			"faces": {
				"down": { "uv": [ 10.5, 9.5, 13.5, 6.5 ], "texture": "#torch", "cullface": "down" },
				"up": { "uv": [ 10.5, 5.5, 13.5, 8.5 ], "texture": "#torch" },
				"north": { "uv": [ 10.5, 5.5, 13.5, 9.5 ], "texture": "#torch" },
				"south": { "uv": [ 10.5, 5.5, 13.5, 9.5 ], "texture": "#torch" },
				"west": { "uv": [ 13.5, 5.5, 10.5, 9.5 ], "texture": "#torch" },
				"east": { "uv": [ 10.5, 5.5, 13.5, 9.5 ], "texture": "#torch" }
			}
		},
		{
			"__comment": "stick",
			"from": [ 6, -1.25, 7.25 ],
			"to": [ 7.5, 9.75, 8.75 ],
			"rotation": { "origin": [ 6, 9.75, 7.25 ], "axis": "z", "angle": 45 },
			"faces": {
				"down": { "uv": [ 11, 5, 13, 3 ], "texture": "#torch", "cullface": "down" },
				"up": { "uv": [ 11, 3, 13, 5 ], "texture": "#torch" },
				"north": { "uv": [ 11, 5, 13, 16 ], "texture": "#torch" },
				"south": { "uv": [ 11, 5, 13, 16 ], "texture": "#torch" },
				"west": { "uv": [ 11, 5, 13, 16 ], "texture": "#torch" },
				"east": { "uv": [ 11, 5, 13, 16 ], "texture": "#torch" }
			}
		},
		{
			"__comment": "fire",
			"from": [ 5.5, 6.5, 5.5 ],
			"to": [ 5.5625, 20.5, 12.5 ],
			"rotation": { "origin": [ 5.5, 6.5, 5.5 ], "axis": "y", "angle": 45 },
			"shade": false,
			"faces": {
				"east": { "uv": [ 5, 0, 11, 16 ], "texture": "#fire" }
			}
		},
		{
			"__comment": "fire",
			"from": [ 10.5, 6.5, 5.5 ],
			"to": [ 10.5625, 20.5, 12.5 ],
			"rotation": { "origin": [ 10.5, 6.5, 5.5 ], "axis": "y", "angle": -45 },
			"shade": false,
			"faces": {
				"west": { "uv": [ 5, 0, 11, 16 ], "texture": "#fire" },
				"east": { "uv": [ 5, 0, 11, 16 ], "texture": "#fire" }
			}
		}
	],
	"gui_light": "front",
	"display": {
		"thirdperson_righthand": {
			"rotation":  [ 35, -90, -35 ],
			"translation":  [ 0, 5, 3 ],
			"scale":  [ 0.8, 0.8, 0.8 ]
		},
		"thirdperson_lefthand": {
			"rotation":  [ -75, 90, 145 ],
			"translation":  [ 0, 5, 3 ],
			"scale":  [ 0.8, 0.8, 0.8 ]
		},
		"firstperson_righthand": {
			"rotation":  [ -35, -85, -35 ],
			"translation":  [ 2, 4, -1 ],
			"scale":  [ 0.8, 0.8, 0.8 ]
		},
		"firstperson_lefthand": {
			"rotation":  [ 0, 95, 0 ],
			"translation":  [ 2, 4, -1 ],
			"scale":  [ 0.8, 0.8, 0.8 ]
		},
		"gui": {
			"rotation":  [ 0, 180, 0 ],
			"translation":  [ 2, -1, 0 ]
		},
		"ground": {
			"translation":  [ 0, 3, 0 ],
			"scale":  [ 0.5, 0.5, 0.5 ]
		}
	}
}